pos,corr_resp,thisN,thisTrialN,thisRepN,key_resp.keys,key_resp.corr,key_resp.rt,key_resp.duration,trials.thisRepN,trials.thisTrialN,trials.thisN,trials.thisIndex,trials_2.thisRepN,trials_2.thisTrialN,trials_2.thisN,trials_2.thisIndex,thisRow.t,notes,trial.started,fixation.started,line1.started,line2.started,line3.started,line4.started,fixation.stopped,probe.started,key_resp.started,trial.stopped,trials.key_resp.keys,trials.key_resp.corr,trials.key_resp.rt,trials.key_resp.duration,trials_2.key_resp.keys,trials_2.key_resp.corr,trials_2.key_resp.rt,trials_2.key_resp.duration,participant,session,date,expName,expVersion,psychopyVersion,frameRate,expStart,
-50,x,0,0,0,x,1,1.9181854000016756,None,0,0,0,0,,,,,0.013098599996737903,,0.010894600000028731,0.013098599996737903,1.001550799999677,1.001550799999677,1.001550799999677,1.001550799999677,1.0181951999984449,2.001775099997758,2.001775099997758,3.949577799998224,x,1,1.9181854000016756,None,,,,,pp2,001,2025-10-02_00h04.51.144,motor sequence,,2025.1.1,59.9517508303883,2025-10-02 00h05.04.931884 +0530,
150,v,1,1,0,v,1,1.2251452000018617,None,0,1,1,1,,,,,3.953329099997063,,3.950287199997547,3.953329099997063,4.952644499997405,4.952644499997405,4.952644499997405,4.952644499997405,4.968616799997108,5.951513799998793,5.951513799998793,7.1850986999997986,v,1,1.2251452000018617,None,,,,,pp2,001,2025-10-02_00h04.51.144,motor sequence,,2025.1.1,59.9517508303883,2025-10-02 00h05.04.931884 +0530,
50,c,2,2,0,c,1,0.37109110000164947,None,0,2,2,2,,,,,7.201391799997509,,7.185346899997967,7.201391799997509,8.184884199999942,8.184884199999942,8.184884199999942,8.184884199999942,8.201532799997949,9.184717099997215,9.184717099997215,9.568911799997295,c,1,0.37109110000164947,None,,,,,pp2,001,2025-10-02_00h04.51.144,motor sequence,,2025.1.1,59.9517508303883,2025-10-02 00h05.04.931884 +0530,
-150,z,3,3,0,z,1,0.39696750000075554,None,0,3,3,3,,,,,9.584869899998012,,9.56932389999929,9.584869899998012,10.568566399997508,10.568566399997508,10.568566399997508,10.568566399997508,10.584934799997427,11.568383699999686,11.568383699999686,11.969489499999327,z,1,0.39696750000075554,None,,,,,pp2,001,2025-10-02_00h04.51.144,motor sequence,,2025.1.1,59.9517508303883,2025-10-02 00h05.04.931884 +0530,
-50,x,4,0,1,x,1,0.3800258000010217,None,1,0,4,0,,,,,11.984880999996676,,11.969981399997778,11.984880999996676,12.984716299997672,12.984716299997672,12.984716299997672,12.984716299997672,12.984716299997672,13.9848267999987,13.9848267999987,14.369360299999244,x,1,0.3800258000010217,None,,,,,pp2,001,2025-10-02_00h04.51.144,motor sequence,,2025.1.1,59.9517508303883,2025-10-02 00h05.04.931884 +0530,
150,v,5,1,1,v,1,0.30525309999939054,None,1,1,5,1,,,,,14.384945999998308,,14.370215899998584,14.384945999998308,15.384837800000241,15.384837800000241,15.384837800000241,15.384837800000241,15.384837800000241,16.38476239999727,16.38476239999727,16.702391999999236,v,1,0.30525309999939054,None,,,,,pp2,001,2025-10-02_00h04.51.144,motor sequence,,2025.1.1,59.9517508303883,2025-10-02 00h05.04.931884 +0530,
50,c,6,2,1,c,1,0.38352189999932307,None,1,2,6,2,,,,,16.718698900000163,,16.702908199997182,16.718698900000163,17.701453099998616,17.701453099998616,17.701453099998616,17.701453099998616,17.71851549999701,18.718286799998168,18.718286799998168,19.119257299997116,c,1,0.38352189999932307,None,,,,,pp2,001,2025-10-02_00h04.51.144,motor sequence,,2025.1.1,59.9517508303883,2025-10-02 00h05.04.931884 +0530,
-150,z,7,3,1,z,1,0.4538868999989063,None,1,3,7,3,,,,,19.135571699996945,,19.119576199998846,19.135571699996945,20.134880199999316,20.134880199999316,20.134880199999316,20.134880199999316,20.134880199999316,21.134707099998195,21.134707099998195,21.60212589999719,z,1,0.4538868999989063,None,,,,,pp2,001,2025-10-02_00h04.51.144,motor sequence,,2025.1.1,59.9517508303883,2025-10-02 00h05.04.931884 +0530,
-50,x,8,0,2,x,1,0.37875789999816334,None,2,0,8,0,,,,,21.679744399996707,,21.60248479999791,21.679744399996707,22.601980899999035,22.601980899999035,22.601980899999035,22.601980899999035,22.68492189999961,23.601623599999584,23.601623599999584,23.985837000000174,x,1,0.37875789999816334,None,,,,,pp2,001,2025-10-02_00h04.51.144,motor sequence,,2025.1.1,59.9517508303883,2025-10-02 00h05.04.931884 +0530,
150,v,9,1,2,v,1,0.48134660000141594,None,2,1,9,1,,,,,24.00170199999775,,23.986574399998062,24.00170199999775,24.984769499998947,24.984769499998947,24.984769499998947,24.984769499998947,25.00150649999705,26.0016715999991,26.0016715999991,26.485214899999846,v,1,0.48134660000141594,None,,,,,pp2,001,2025-10-02_00h04.51.144,motor sequence,,2025.1.1,59.9517508303883,2025-10-02 00h05.04.931884 +0530,
50,c,10,2,2,c,1,0.3437207999995735,None,2,2,10,2,,,,,26.501478999998653,,26.48592799999824,26.501478999998653,27.484923799998796,27.484923799998796,27.484923799998796,27.484923799998796,27.50158499999816,28.485152799999923,28.485152799999923,28.835693999997602,c,1,0.3437207999995735,None,,,,,pp2,001,2025-10-02_00h04.51.144,motor sequence,,2025.1.1,59.9517508303883,2025-10-02 00h05.04.931884 +0530,
-150,z,11,3,2,z,1,0.5176885000000766,None,2,3,11,3,,,,,28.851630499997555,,28.836412399999972,28.851630499997555,29.851531099997374,29.851531099997374,29.851531099997374,29.851531099997374,29.851531099997374,30.85157590000017,30.85157590000017,31.38577499999883,z,1,0.5176885000000766,None,,,,,pp2,001,2025-10-02_00h04.51.144,motor sequence,,2025.1.1,59.9517508303883,2025-10-02 00h05.04.931884 +0530,
-50,x,12,0,3,x,1,0.42325219999838737,None,3,0,12,0,,,,,31.401447799999005,,31.38631549999991,31.401447799999005,32.40147189999698,32.40147189999698,32.40147189999698,32.40147189999698,32.40147189999698,33.40168789999734,33.40168789999734,33.83535889999985,x,1,0.42325219999838737,None,,,,,pp2,001,2025-10-02_00h04.51.144,motor sequence,,2025.1.1,59.9517508303883,2025-10-02 00h05.04.931884 +0530,
150,v,13,1,3,v,1,0.377573100002337,None,3,1,13,1,,,,,33.85143279999829,,33.83568169999853,33.85143279999829,34.834832699998515,34.834832699998515,34.834832699998515,34.834832699998515,34.8515711,35.83493029999954,35.83493029999954,36.218684499999654,v,1,0.377573100002337,None,,,,,pp2,001,2025-10-02_00h04.51.144,motor sequence,,2025.1.1,59.9517508303883,2025-10-02 00h05.04.931884 +0530,
50,c,14,2,3,c,1,0.3647172999990289,None,3,2,14,2,,,,,36.234833499998786,,36.21913929999937,36.234833499998786,37.218017999999574,37.218017999999574,37.218017999999574,37.218017999999574,37.23486760000014,38.218318699997326,38.218318699997326,38.58510309999838,c,1,0.3647172999990289,None,,,,,pp2,001,2025-10-02_00h04.51.144,motor sequence,,2025.1.1,59.9517508303883,2025-10-02 00h05.04.931884 +0530,
-150,z,15,3,3,z,1,0.6153565000022354,None,3,3,15,3,,,,,38.60150619999695,,38.58546019999994,38.60150619999695,39.58496869999726,39.58496869999726,39.58496869999726,39.58496869999726,39.60175889999664,40.584749899997405,40.584749899997405,41.20201199999792,z,1,0.6153565000022354,None,,,,,pp2,001,2025-10-02_00h04.51.144,motor sequence,,2025.1.1,59.9517508303883,2025-10-02 00h05.04.931884 +0530,
-50,x,16,0,4,x,1,0.3705651999989641,None,4,0,16,0,,,,,41.21808989999772,,41.202494399996795,41.21808989999772,42.2016165999994,42.2016165999994,42.2016165999994,42.2016165999994,42.21875259999797,43.20176379999975,43.20176379999975,43.58559509999759,x,1,0.3705651999989641,None,,,,,pp2,001,2025-10-02_00h04.51.144,motor sequence,,2025.1.1,59.9517508303883,2025-10-02 00h05.04.931884 +0530,
150,v,17,1,4,v,1,0.7181347999976424,None,4,1,17,1,,,,,43.60158749999755,,43.58585799999855,43.60158749999755,44.584860499999195,44.584860499999195,44.584860499999195,44.584860499999195,44.60153209999771,45.584918199998356,45.584918199998356,46.31874059999973,v,1,0.7181347999976424,None,,,,,pp2,001,2025-10-02_00h04.51.144,motor sequence,,2025.1.1,59.9517508303883,2025-10-02 00h05.04.931884 +0530,
50,c,18,2,4,c,1,0.3862374999989697,None,4,2,18,2,,,,,46.33493559999988,,46.31919509999716,46.33493559999988,47.31807409999965,47.31807409999965,47.31807409999965,47.31807409999965,47.33477159999893,48.31822859999738,48.31822859999738,48.719051999996736,c,1,0.3862374999989697,None,,,,,pp2,001,2025-10-02_00h04.51.144,motor sequence,,2025.1.1,59.9517508303883,2025-10-02 00h05.04.931884 +0530,
-150,z,19,3,4,z,1,0.6333429000005708,None,4,3,19,3,,,,,48.734925400000066,,48.71948839999823,48.734925400000066,49.73572799999965,49.73572799999965,49.73572799999965,49.73572799999965,49.73572799999965,50.718165299997054,50.718165299997054,51.35415589999684,z,1,0.6333429000005708,None,,,,,pp2,001,2025-10-02_00h04.51.144,motor sequence,,2025.1.1,59.9517508303883,2025-10-02 00h05.04.931884 +0530,
-50,x,20,0,5,x,1,0.9763304999978573,None,5,0,20,0,,,,,51.3689678999981,,51.35490419999769,51.3689678999981,52.368128199999774,52.368128199999774,52.368128199999774,52.368128199999774,52.368128199999774,53.36827069999708,53.36827069999708,54.353218399999605,x,1,0.9763304999978573,None,,,,,pp2,001,2025-10-02_00h04.51.144,motor sequence,,2025.1.1,59.9517508303883,2025-10-02 00h05.04.931884 +0530,
150,v,21,1,5,v,1,0.8022243999985221,None,5,1,21,1,,,,,54.36867919999713,,54.35367969999788,54.36867919999713,55.36825169999793,55.36825169999793,55.36825169999793,55.36825169999793,55.36825169999793,56.36814189999859,56.36814189999859,57.18547620000027,v,1,0.8022243999985221,None,,,,,pp2,001,2025-10-02_00h04.51.144,motor sequence,,2025.1.1,59.9517508303883,2025-10-02 00h05.04.931884 +0530,
50,c,22,2,5,c,1,0.38933820000238484,None,5,2,22,2,,,,,57.20194519999859,,57.18594189999931,57.20194519999859,58.18517339999744,58.18517339999744,58.18517339999744,58.18517339999744,58.201582300000155,59.18479609999849,59.18479609999849,59.585565399996995,c,1,0.38933820000238484,None,,,,,pp2,001,2025-10-02_00h04.51.144,motor sequence,,2025.1.1,59.9517508303883,2025-10-02 00h05.04.931884 +0530,
-150,z,23,3,5,z,1,0.3943519999993441,None,5,3,23,3,,,,,59.60217679999914,,59.58589139999822,59.60217679999914,60.5849281999981,60.5849281999981,60.5849281999981,60.5849281999981,60.60164029999942,61.60161439999865,61.60161439999865,62.00232699999833,z,1,0.3943519999993441,None,,,,,pp2,001,2025-10-02_00h04.51.144,motor sequence,,2025.1.1,59.9517508303883,2025-10-02 00h05.04.931884 +0530,
-50,x,24,0,6,x,1,0.3267833999998402,None,6,0,24,0,,,,,62.01843369999915,,62.00307909999901,62.01843369999915,63.00145379999958,63.00145379999958,63.00145379999958,63.00145379999958,63.01819639999667,64.00182609999683,64.00182609999683,64.33633039999768,x,1,0.3267833999998402,None,,,,,pp2,001,2025-10-02_00h04.51.144,motor sequence,,2025.1.1,59.9517508303883,2025-10-02 00h05.04.931884 +0530,
150,v,25,1,6,v,1,0.3543968000012683,None,6,1,25,1,,,,,64.35155659999873,,64.33697079999911,64.35155659999873,65.35140580000007,65.35140580000007,65.35140580000007,65.35140580000007,65.35140580000007,66.35149489999822,66.35149489999822,66.71889069999816,v,1,0.3543968000012683,None,,,,,pp2,001,2025-10-02_00h04.51.144,motor sequence,,2025.1.1,59.9517508303883,2025-10-02 00h05.04.931884 +0530,
50,c,26,2,6,c,1,0.3407155999993847,None,6,2,26,2,,,,,66.73481769999853,,66.71930499999871,66.73481769999853,67.71819609999875,67.71819609999875,67.71819609999875,67.71819609999875,67.73504359999788,68.71792399999686,68.71792399999686,69.06866799999989,c,1,0.3407155999993847,None,,,,,pp2,001,2025-10-02_00h04.51.144,motor sequence,,2025.1.1,59.9517508303883,2025-10-02 00h05.04.931884 +0530,
-150,z,27,3,6,z,1,0.3684908999966865,None,6,3,27,3,,,,,69.08485440000004,,69.06910079999943,69.08485440000004,70.06828729999688,70.06828729999688,70.06828729999688,70.06828729999688,70.0848948999992,71.06804109999939,71.06804109999939,71.45228919999863,z,1,0.3684908999966865,None,,,,,pp2,001,2025-10-02_00h04.51.144,motor sequence,,2025.1.1,59.9517508303883,2025-10-02 00h05.04.931884 +0530,
-50,x,28,0,7,x,1,0.3711702000000514,None,7,0,28,0,,,,,71.46812979999959,,71.45296699999744,71.46812979999959,72.45165819999966,72.45165819999966,72.45165819999966,72.45165819999966,72.46801039999991,73.4532971999979,73.4532971999979,73.83585409999796,x,1,0.3711702000000514,None,,,,,pp2,001,2025-10-02_00h04.51.144,motor sequence,,2025.1.1,59.9517508303883,2025-10-02 00h05.04.931884 +0530,
150,v,29,1,7,v,1,0.5023855999970692,None,7,1,29,1,,,,,73.85201579999921,,73.83647609999753,73.85201579999921,74.83506199999829,74.83506199999829,74.83506199999829,74.83506199999829,74.85157509999772,75.85156599999755,75.85156599999755,76.36871439999959,v,1,0.5023855999970692,None,,,,,pp2,001,2025-10-02_00h04.51.144,motor sequence,,2025.1.1,59.9517508303883,2025-10-02 00h05.04.931884 +0530,
50,c,30,2,7,c,1,0.3658120999971288,None,7,2,30,2,,,,,76.38506049999705,,76.3691321999977,76.38506049999705,77.36803939999663,77.36803939999663,77.36803939999663,77.36803939999663,77.38494259999788,78.36824709999928,78.36824709999928,78.73570370000016,c,1,0.3658120999971288,None,,,,,pp2,001,2025-10-02_00h04.51.144,motor sequence,,2025.1.1,59.9517508303883,2025-10-02 00h05.04.931884 +0530,
-150,z,31,3,7,z,1,0.4226063999994949,None,7,3,31,3,,,,,78.75162379999892,,78.73639829999956,78.75162379999892,79.75148939999781,79.75148939999781,79.75148939999781,79.75148939999781,79.75148939999781,80.73505279999881,80.73505279999881,81.16864659999919,z,1,0.4226063999994949,None,,,,,pp2,001,2025-10-02_00h04.51.144,motor sequence,,2025.1.1,59.9517508303883,2025-10-02 00h05.04.931884 +0530,
-50,x,32,0,8,x,1,0.3295122000017727,None,8,0,32,0,,,,,81.18523269999787,,81.16914209999959,81.18523269999787,82.16815209999913,82.16815209999913,82.16815209999913,82.16815209999913,82.18480889999773,83.16819509999914,83.16819509999914,83.50232629999664,x,1,0.3295122000017727,None,,,,,pp2,001,2025-10-02_00h04.51.144,motor sequence,,2025.1.1,59.9517508303883,2025-10-02 00h05.04.931884 +0530,
150,v,33,1,8,v,1,0.4111033999979554,None,8,1,33,1,,,,,83.51826359999905,,83.50299249999807,83.51826359999905,84.50251829999979,84.50251829999979,84.50251829999979,84.50251829999979,84.51812779999818,85.50148809999882,85.50148809999882,85.91876979999506,v,1,0.4111033999979554,None,,,,,pp2,001,2025-10-02_00h04.51.144,motor sequence,,2025.1.1,59.9517508303883,2025-10-02 00h05.04.931884 +0530,
50,c,34,2,8,c,1,0.44395000000076834,None,8,2,34,2,,,,,85.93481679999968,,85.91916610000044,85.93481679999968,86.91823179999483,86.91823179999483,86.91823179999483,86.91823179999483,86.93478749999485,87.91800469999725,87.91800469999725,88.36988369999744,c,1,0.44395000000076834,None,,,,,pp2,001,2025-10-02_00h04.51.144,motor sequence,,2025.1.1,59.9517508303883,2025-10-02 00h05.04.931884 +0530,
-150,z,35,3,8,z,1,0.49235919999773614,None,8,3,35,3,,,,,88.38498009999603,,88.37026309999783,88.38498009999603,89.3847362000015,89.3847362000015,89.3847362000015,89.3847362000015,89.3847362000015,90.3848921999961,90.3848921999961,90.88580229999934,z,1,0.49235919999773614,None,,,,,pp2,001,2025-10-02_00h04.51.144,motor sequence,,2025.1.1,59.9517508303883,2025-10-02 00h05.04.931884 +0530,
-50,x,36,0,9,x,1,0.409336999997322,None,9,0,36,0,,,,,90.90166419999878,,90.88628449999669,90.90166419999878,91.88556560000143,91.88556560000143,91.88556560000143,91.88556560000143,91.90167500000098,92.8849670999989,92.8849670999989,93.3022473999954,x,1,0.409336999997322,None,,,,,pp2,001,2025-10-02_00h04.51.144,motor sequence,,2025.1.1,59.9517508303883,2025-10-02 00h05.04.931884 +0530,
150,v,37,1,9,v,1,0.4287670999983675,None,9,1,37,1,,,,,93.3182256,,93.30303279999498,93.3182256,94.30172489999677,94.30172489999677,94.30172489999677,94.30172489999677,94.31820000000153,95.30277969999588,95.30277969999588,95.73565740000049,v,1,0.4287670999983675,None,,,,,pp2,001,2025-10-02_00h04.51.144,motor sequence,,2025.1.1,59.9517508303883,2025-10-02 00h05.04.931884 +0530,
50,c,38,2,9,c,1,0.41595900000538677,None,9,2,38,2,,,,,95.7516220999969,,95.736092799998,95.7516220999969,96.73497869999846,96.73497869999846,96.73497869999846,96.73497869999846,96.75173689999792,97.73560419999558,97.73560419999558,98.15239579999616,c,1,0.41595900000538677,None,,,,,pp2,001,2025-10-02_00h04.51.144,motor sequence,,2025.1.1,59.9517508303883,2025-10-02 00h05.04.931884 +0530,
-150,z,39,3,9,z,1,0.33956909999687923,None,9,3,39,3,,,,,98.16808279999532,,98.15303649999987,98.16808279999532,99.15238639999734,99.15238639999734,99.15238639999734,99.15238639999734,99.16854969999986,100.15165849999903,100.15165849999903,100.50203160000092,z,1,0.33956909999687923,None,,,,,pp2,001,2025-10-02_00h04.51.144,motor sequence,,2025.1.1,59.9517508303883,2025-10-02 00h05.04.931884 +0530,
-50,x,40,0,10,x,1,0.557712800000445,None,10,0,40,0,,,,,100.51807829999598,,100.50237840000045,100.51807829999598,101.50258559999929,101.50258559999929,101.50258559999929,101.50258559999929,101.51828589999786,102.50170049999724,102.50170049999724,103.06922420000046,x,1,0.557712800000445,None,,,,,pp2,001,2025-10-02_00h04.51.144,motor sequence,,2025.1.1,59.9517508303883,2025-10-02 00h05.04.931884 +0530,
150,v,41,1,10,v,1,0.41063979999307776,None,10,1,41,1,,,,,103.0850724999982,,103.06962940000085,103.0850724999982,104.084866899997,104.084866899997,104.084866899997,104.084866899997,104.084866899997,105.06804549999651,105.06804549999651,105.48597879999579,v,1,0.41063979999307776,None,,,,,pp2,001,2025-10-02_00h04.51.144,motor sequence,,2025.1.1,59.9517508303883,2025-10-02 00h05.04.931884 +0530,
50,c,42,2,10,c,1,0.36452319999807514,None,10,2,42,2,,,,,105.50155950000044,,105.48671699999977,105.50155950000044,106.50155000000086,106.50155000000086,106.50155000000086,106.50155000000086,106.50155000000086,107.50148230000195,107.50148230000195,107.86901219999709,c,1,0.36452319999807514,None,,,,,pp2,001,2025-10-02_00h04.51.144,motor sequence,,2025.1.1,59.9517508303883,2025-10-02 00h05.04.931884 +0530,
-150,z,43,3,10,z,1,0.7330117000019527,None,10,3,43,3,,,,,107.88489950000076,,107.87012429999595,107.88489950000076,108.88489509999636,108.88489509999636,108.88489509999636,108.88489509999636,108.88489509999636,109.88535050000064,109.88535050000064,110.63598039999488,z,1,0.7330117000019527,None,,,,,pp2,001,2025-10-02_00h04.51.144,motor sequence,,2025.1.1,59.9517508303883,2025-10-02 00h05.04.931884 +0530,
-50,x,44,0,11,x,1,0.5396500999995624,None,11,0,44,0,,,,,110.65157650000037,,110.63669649999792,110.65157650000037,111.65164179999556,111.65164179999556,111.65164179999556,111.65164179999556,111.65164179999556,112.65162150000106,112.65162150000106,113.2022708000004,x,1,0.5396500999995624,None,,,,,pp2,001,2025-10-02_00h04.51.144,motor sequence,,2025.1.1,59.9517508303883,2025-10-02 00h05.04.931884 +0530,
150,v,45,1,11,v,1,0.3307968000008259,None,11,1,45,1,,,,,113.21805969999696,,113.20270399999572,113.21805969999696,114.20203970000148,114.20203970000148,114.20203970000148,114.20203970000148,114.21811629999866,115.20156729999871,115.20156729999871,115.53570659999968,v,1,0.3307968000008259,None,,,,,pp2,001,2025-10-02_00h04.51.144,motor sequence,,2025.1.1,59.9517508303883,2025-10-02 00h05.04.931884 +0530,
50,c,46,2,11,c,1,0.37065569999685977,None,11,2,46,2,,,,,115.55158289999963,,115.53608079999685,115.55158289999963,116.53632449999714,116.53632449999714,116.53632449999714,116.53632449999714,116.55178979999619,117.53522829999565,117.53522829999565,117.91895479999948,c,1,0.37065569999685977,None,,,,,pp2,001,2025-10-02_00h04.51.144,motor sequence,,2025.1.1,59.9517508303883,2025-10-02 00h05.04.931884 +0530,
-150,z,47,3,11,z,1,0.4416361000039615,None,11,3,47,3,,,,,117.93493640000088,,117.91929910000181,117.93493640000088,118.91912339999544,118.91912339999544,118.91912339999544,118.91912339999544,118.93492390000029,119.91810450000048,119.91810450000048,120.36944550000044,z,1,0.4416361000039615,None,,,,,pp2,001,2025-10-02_00h04.51.144,motor sequence,,2025.1.1,59.9517508303883,2025-10-02 00h05.04.931884 +0530,
-50,x,48,0,12,x,1,0.6316922000041814,None,12,0,48,0,,,,,120.3849623999995,,120.36982989999524,120.3849623999995,121.38483629999973,121.38483629999973,121.38483629999973,121.38483629999973,121.38483629999973,122.38483409999753,122.38483409999753,123.01850199999899,x,1,0.6316922000041814,None,,,,,pp2,001,2025-10-02_00h04.51.144,motor sequence,,2025.1.1,59.9517508303883,2025-10-02 00h05.04.931884 +0530,
150,v,49,1,12,v,1,0.4272367999947164,None,12,1,49,1,,,,,123.03496910000104,,123.01884630000131,123.03496910000104,124.01803359999758,124.01803359999758,124.01803359999758,124.01803359999758,124.03709949999757,125.01813079999556,125.01813079999556,125.45210669999506,v,1,0.4272367999947164,None,,,,,pp2,001,2025-10-02_00h04.51.144,motor sequence,,2025.1.1,59.9517508303883,2025-10-02 00h05.04.931884 +0530,
50,c,50,2,12,c,1,0.4156202000012854,None,12,2,50,2,,,,,125.46854460000031,,125.45243759999721,125.46854460000031,126.45172250000178,126.45172250000178,126.45172250000178,126.45172250000178,126.46819809999579,127.45170559999679,127.45170559999679,127.86898649999785,c,1,0.4156202000012854,None,,,,,pp2,001,2025-10-02_00h04.51.144,motor sequence,,2025.1.1,59.9517508303883,2025-10-02 00h05.04.931884 +0530,
-150,z,51,3,12,z,1,0.5190413000018452,None,12,3,51,3,,,,,127.88491100000101,,127.86935149999772,127.88491100000101,128.86830329999793,128.86830329999793,128.86830329999793,128.86830329999793,128.8852995999987,129.8680858000007,129.8680858000007,130.40263799999957,z,1,0.5190413000018452,None,,,,,pp2,001,2025-10-02_00h04.51.144,motor sequence,,2025.1.1,59.9517508303883,2025-10-02 00h05.04.931884 +0530,
-50,x,52,0,13,x,1,0.5746380999989924,None,13,0,52,0,,,,,130.41910880000069,,130.4031793999966,130.41910880000069,131.40245049999794,131.40245049999794,131.40245049999794,131.40245049999794,131.41814149999846,132.4193465999997,132.4193465999997,133.00277199999982,x,1,0.5746380999989924,None,,,,,pp2,001,2025-10-02_00h04.51.144,motor sequence,,2025.1.1,59.9517508303883,2025-10-02 00h05.04.931884 +0530,
150,v,53,1,13,v,1,0.49005319999560015,None,13,1,53,1,,,,,133.01825290000124,,133.0032532999976,133.01825290000124,134.00180269999692,134.00180269999692,134.00180269999692,134.00180269999692,134.01818009999988,135.0184459000011,135.0184459000011,135.5185863000006,v,1,0.49005319999560015,None,,,,,pp2,001,2025-10-02_00h04.51.144,motor sequence,,2025.1.1,59.9517508303883,2025-10-02 00h05.04.931884 +0530,
50,c,54,2,13,c,1,0.4988197999991826,None,13,2,54,2,,,,,135.53570690000197,,135.51884060000157,135.53570690000197,136.51820210000005,136.51820210000005,136.51820210000005,136.51820210000005,136.53501680000045,137.51807120000012,137.51807120000012,138.01890959999582,c,1,0.4988197999991826,None,,,,,pp2,001,2025-10-02_00h04.51.144,motor sequence,,2025.1.1,59.9517508303883,2025-10-02 00h05.04.931884 +0530,
-150,z,55,3,13,z,1,0.6354165000011562,None,13,3,55,3,,,,,138.03477069999644,,138.0191429999977,138.03477069999644,139.01811829999497,139.01811829999497,139.01811829999497,139.01811829999497,139.03489879999688,140.01840239999729,140.01840239999729,140.66985819999536,z,1,0.6354165000011562,None,,,,,pp2,001,2025-10-02_00h04.51.144,motor sequence,,2025.1.1,59.9517508303883,2025-10-02 00h05.04.931884 +0530,
-50,x,56,0,14,x,1,0.7564640000055078,None,14,0,56,0,,,,,140.68583239999862,,140.67042599999695,140.68583239999862,141.684863399998,141.684863399998,141.684863399998,141.684863399998,141.684863399998,142.68507580000005,142.68507580000005,143.45242850000068,x,1,0.7564640000055078,None,,,,,pp2,001,2025-10-02_00h04.51.144,motor sequence,,2025.1.1,59.9517508303883,2025-10-02 00h05.04.931884 +0530,
150,v,57,1,14,v,1,0.8581923000019742,None,14,1,57,1,,,,,143.46854860000167,,143.45280369999819,143.46854860000167,144.4522014999966,144.4522014999966,144.4522014999966,144.4522014999966,144.4680542999995,145.45179709999502,145.45179709999502,146.3188222999961,v,1,0.8581923000019742,None,,,,,pp2,001,2025-10-02_00h04.51.144,motor sequence,,2025.1.1,59.9517508303883,2025-10-02 00h05.04.931884 +0530,
50,c,58,2,14,c,1,0.4037653000050341,None,14,2,58,2,,,,,146.33494689999497,,146.31929980000132,146.33494689999497,147.31836539999495,147.31836539999495,147.31836539999495,147.31836539999495,147.33490650000022,148.31805989999702,148.31805989999702,148.7369852999982,c,1,0.4037653000050341,None,,,,,pp2,001,2025-10-02_00h04.51.144,motor sequence,,2025.1.1,59.9517508303883,2025-10-02 00h05.04.931884 +0530,
-150,z,59,3,14,z,1,1.067790300003253,None,14,3,59,3,,,,,148.75160689999757,,148.7373768999969,148.75160689999757,149.75157749999926,149.75157749999926,149.75157749999926,149.75157749999926,149.75157749999926,150.75195379999786,150.75195379999786,151.83548760000122,z,1,1.067790300003253,None,,,,,pp2,001,2025-10-02_00h04.51.144,motor sequence,,2025.1.1,59.9517508303883,2025-10-02 00h05.04.931884 +0530,
-50,x,60,0,15,x,1,0.33404119999613613,None,15,0,60,0,,,,,151.85165699999925,,151.83590790000017,151.85165699999925,152.83489579999878,152.83489579999878,152.83489579999878,152.83489579999878,152.85174269999698,153.83490270000038,153.83490270000038,154.18546609999612,x,1,0.33404119999613613,None,,,,,pp2,001,2025-10-02_00h04.51.144,motor sequence,,2025.1.1,59.9517508303883,2025-10-02 00h05.04.931884 +0530,
150,v,61,1,15,v,1,0.29501629999867873,None,15,1,61,1,,,,,154.20165409999754,,154.18582890000107,154.20165409999754,155.18554890000087,155.18554890000087,155.18554890000087,155.18554890000087,155.20164269999805,156.18503139999666,156.18503139999666,156.48586919999798,v,1,0.29501629999867873,None,,,,,pp2,001,2025-10-02_00h04.51.144,motor sequence,,2025.1.1,59.9517508303883,2025-10-02 00h05.04.931884 +0530,
50,c,62,2,15,c,1,0.5573346000019228,None,15,2,62,2,,,,,156.50176439999632,,156.4865742999973,156.50176439999632,157.50151059999916,157.50151059999916,157.50151059999916,157.50151059999916,157.50151059999916,158.48604749999504,158.48604749999504,159.05220089999784,c,1,0.5573346000019228,None,,,,,pp2,001,2025-10-02_00h04.51.144,motor sequence,,2025.1.1,59.9517508303883,2025-10-02 00h05.04.931884 +0530,
-150,z,63,3,15,z,1,0.8770087999946554,None,15,3,63,3,,,,,159.06803209999634,,159.0527086000002,159.06803209999634,160.0516723999972,160.0516723999972,160.0516723999972,160.0516723999972,160.06826549999823,161.05168089999643,161.05168089999643,161.93745569999737,z,1,0.8770087999946554,None,,,,,pp2,001,2025-10-02_00h04.51.144,motor sequence,,2025.1.1,59.9517508303883,2025-10-02 00h05.04.931884 +0530,
-50,x,64,0,16,x,1,0.6172351999994135,None,16,0,64,0,,,,,161.9519921999963,,161.9378457999992,161.9519921999963,162.95160239999677,162.95160239999677,162.95160239999677,162.95160239999677,162.95160239999677,163.95169299999543,163.95169299999543,164.58620430000155,x,1,0.6172351999994135,None,,,,,pp2,001,2025-10-02_00h04.51.144,motor sequence,,2025.1.1,59.9517508303883,2025-10-02 00h05.04.931884 +0530,
150,v,65,1,16,v,1,0.6946325999961118,None,16,1,65,1,,,,,164.601679899999,,164.58696970000165,164.601679899999,165.60163150000153,165.60163150000153,165.60163150000153,165.60163150000153,165.60163150000153,166.60160589999577,166.60160589999577,167.3027499000018,v,1,0.6946325999961118,None,,,,,pp2,001,2025-10-02_00h04.51.144,motor sequence,,2025.1.1,59.9517508303883,2025-10-02 00h05.04.931884 +0530,
50,c,66,2,16,c,1,0.5606532000019797,None,16,2,66,2,,,,,167.31826120000187,,167.30345069999748,167.31826120000187,168.31823099999747,168.31823099999747,168.31823099999747,168.31823099999747,168.31823099999747,169.31817220000084,169.31817220000084,169.8855678999971,c,1,0.5606532000019797,None,,,,,pp2,001,2025-10-02_00h04.51.144,motor sequence,,2025.1.1,59.9517508303883,2025-10-02 00h05.04.931884 +0530,
-150,z,67,3,16,z,1,0.7631122000020696,None,16,3,67,3,,,,,169.901721299997,,169.8859169999996,169.901721299997,170.88505160000204,170.88505160000204,170.88505160000204,170.88505160000204,170.9017152000015,171.9017468999955,171.9017468999955,172.6693180000002,z,1,0.7631122000020696,None,,,,,pp2,001,2025-10-02_00h04.51.144,motor sequence,,2025.1.1,59.9517508303883,2025-10-02 00h05.04.931884 +0530,
-50,x,68,0,17,x,1,0.4148038999992423,None,17,0,68,0,,,,,172.68490210000164,,172.66989959999773,172.68490210000164,173.66832150000118,173.66832150000118,173.66832150000118,173.66832150000118,173.68490549999842,174.6849615999963,174.6849615999963,175.10239709999587,x,1,0.4148038999992423,None,,,,,pp2,001,2025-10-02_00h04.51.144,motor sequence,,2025.1.1,59.9517508303883,2025-10-02 00h05.04.931884 +0530,
150,v,69,1,17,v,1,0.6238383000018075,None,17,1,69,1,,,,,175.1181490999952,,175.10292449999542,175.1181490999952,176.1017242999951,176.1017242999951,176.1017242999951,176.1017242999951,176.11829749999742,177.10157400000026,177.10157400000026,177.73570089999703,v,1,0.6238383000018075,None,,,,,pp2,001,2025-10-02_00h04.51.144,motor sequence,,2025.1.1,59.9517508303883,2025-10-02 00h05.04.931884 +0530,
50,c,70,2,17,c,1,0.7875376999945729,None,17,2,70,2,,,,,177.7515033000018,,177.73620469999878,177.7515033000018,178.73495959999855,178.73495959999855,178.73495959999855,178.73495959999855,178.75140889999602,179.73511779999535,179.73511779999535,180.5353374999977,c,1,0.7875376999945729,None,,,,,pp2,001,2025-10-02_00h04.51.144,motor sequence,,2025.1.1,59.9517508303883,2025-10-02 00h05.04.931884 +0530,
-150,z,71,3,17,z,1,0.803497700006119,None,17,3,71,3,,,,,180.55152380000072,,180.5356249999968,180.55152380000072,181.53512359999877,181.53512359999877,181.53512359999877,181.53512359999877,181.55179769999813,182.53489170000103,182.53489170000103,183.35243819999596,z,1,0.803497700006119,None,,,,,pp2,001,2025-10-02_00h04.51.144,motor sequence,,2025.1.1,59.9517508303883,2025-10-02 00h05.04.931884 +0530,
-50,x,72,0,18,x,1,0.49696530000073835,None,18,0,72,0,,,,,183.3681912999964,,183.35287579999567,183.3681912999964,184.35174109999934,184.35174109999934,184.35174109999934,184.35174109999934,184.36818559999665,185.3517232000013,185.3517232000013,185.8523759000018,x,1,0.49696530000073835,None,,,,,pp2,001,2025-10-02_00h04.51.144,motor sequence,,2025.1.1,59.9517508303883,2025-10-02 00h05.04.931884 +0530,
150,v,73,1,18,v,1,0.6091346000030171,None,18,1,73,1,,,,,185.86827320000157,,185.85281869999744,185.86827320000157,186.85173519999807,186.85173519999807,186.85173519999807,186.85173519999807,186.86819939999987,187.85143119999702,187.85143119999702,188.46896489999926,v,1,0.6091346000030171,None,,,,,pp2,001,2025-10-02_00h04.51.144,motor sequence,,2025.1.1,59.9517508303883,2025-10-02 00h05.04.931884 +0530,
50,c,74,2,18,c,1,0.45983780000096885,None,18,2,74,2,,,,,188.48497420000058,,188.46921479999583,188.48497420000058,189.4681547,189.4681547,189.4681547,189.4681547,189.48507090000203,190.46836299999995,190.46836299999995,190.9359347999998,c,1,0.45983780000096885,None,,,,,pp2,001,2025-10-02_00h04.51.144,motor sequence,,2025.1.1,59.9517508303883,2025-10-02 00h05.04.931884 +0530,
-150,z,75,3,18,z,1,0.7551479000030668,None,18,3,75,3,,,,,190.95155299999897,,190.93635679999716,190.95155299999897,191.9516556000017,191.9516556000017,191.9516556000017,191.9516556000017,191.9516556000017,192.951724999999,192.951724999999,193.71909649999725,z,1,0.7551479000030668,None,,,,,pp2,001,2025-10-02_00h04.51.144,motor sequence,,2025.1.1,59.9517508303883,2025-10-02 00h05.04.931884 +0530,
-50,x,76,0,19,x,1,0.5595322000008309,None,19,0,76,0,,,,,193.73497069999576,,193.71960330000002,193.73497069999576,194.71836780000012,194.71836780000012,194.71836780000012,194.71836780000012,194.73498899999686,195.71820119999757,195.71820119999757,196.28525609999633,x,1,0.5595322000008309,None,,,,,pp2,001,2025-10-02_00h04.51.144,motor sequence,,2025.1.1,59.9517508303883,2025-10-02 00h05.04.931884 +0530,
150,v,77,1,19,v,1,0.7796326000025147,None,19,1,77,1,,,,,196.30173439999635,,196.2856679999968,196.30173439999635,197.2849464999963,197.2849464999963,197.2849464999963,197.2849464999963,197.30184509999526,198.2850535999969,198.2850535999969,199.06862099999853,v,1,0.7796326000025147,None,,,,,pp2,001,2025-10-02_00h04.51.144,motor sequence,,2025.1.1,59.9517508303883,2025-10-02 00h05.04.931884 +0530,
50,c,78,2,19,c,1,0.47492220000276575,None,19,2,78,2,,,,,199.08499640000082,,199.06894159999501,199.08499640000082,200.06828769999993,200.06828769999993,200.06828769999993,200.06828769999993,200.08489179999742,201.0680371999988,201.0680371999988,201.55275650000112,c,1,0.47492220000276575,None,,,,,pp2,001,2025-10-02_00h04.51.144,motor sequence,,2025.1.1,59.9517508303883,2025-10-02 00h05.04.931884 +0530,
-150,z,79,3,19,z,1,1.608429800005979,None,19,3,79,3,,,,,201.56823579999764,,201.55370559999574,201.56823579999764,202.5681076999972,202.5681076999972,202.5681076999972,202.5681076999972,202.5681076999972,203.5682455999995,203.5682455999995,205.18551759999536,z,1,1.608429800005979,None,,,,,pp2,001,2025-10-02_00h04.51.144,motor sequence,,2025.1.1,59.9517508303883,2025-10-02 00h05.04.931884 +0530,
-50,x,80,0,20,x,1,0.9689023999962956,None,20,0,80,0,,,,,205.20180049999908,,205.18581949999498,205.20180049999908,206.18511349999608,206.18511349999608,206.18511349999608,206.18511349999608,206.2017945999978,207.18497229999775,207.18497229999775,208.1693363000013,x,1,0.9689023999962956,None,,,,,pp2,001,2025-10-02_00h04.51.144,motor sequence,,2025.1.1,59.9517508303883,2025-10-02 00h05.04.931884 +0530,
150,v,81,1,20,v,1,0.809568800003035,None,20,1,81,1,,,,,208.1856998000003,,208.17025339999964,208.1856998000003,209.16810429999896,209.16810429999896,209.16810429999896,209.16810429999896,209.18496339999547,210.16832499999873,210.16832499999873,210.98686920000182,v,1,0.809568800003035,None,,,,,pp2,001,2025-10-02_00h04.51.144,motor sequence,,2025.1.1,59.9517508303883,2025-10-02 00h05.04.931884 +0530,
50,c,82,2,20,c,1,0.5525629000039771,None,20,2,82,2,,,,,211.00173920000088,,210.98739260000002,211.00173920000088,212.00171450000198,212.00171450000198,212.00171450000198,212.00171450000198,212.00171450000198,213.00170039999648,213.00170039999648,213.5690792999958,c,1,0.5525629000039771,None,,,,,pp2,001,2025-10-02_00h04.51.144,motor sequence,,2025.1.1,59.9517508303883,2025-10-02 00h05.04.931884 +0530,
-150,z,83,3,20,z,1,1.375331900002493,None,20,3,83,3,,,,,213.58526379999967,,213.56983229999605,213.58526379999967,214.56815039999492,214.56815039999492,214.56815039999492,214.56815039999492,214.58501070000057,215.56827350000094,215.56827350000094,216.95262139999977,z,1,1.375331900002493,None,,,,,pp2,001,2025-10-02_00h04.51.144,motor sequence,,2025.1.1,59.9517508303883,2025-10-02 00h05.04.931884 +0530,
-50,x,84,0,21,x,1,0.9719607000006363,None,21,0,84,0,,,,,216.96820339999977,,216.95318009999755,216.96820339999977,217.9684813999993,217.9684813999993,217.9684813999993,217.9684813999993,217.9684813999993,218.9683703999981,218.9683703999981,219.95247630000085,x,1,0.9719607000006363,None,,,,,pp2,001,2025-10-02_00h04.51.144,motor sequence,,2025.1.1,59.9517508303883,2025-10-02 00h05.04.931884 +0530,
150,v,85,1,21,v,1,0.8070201000009547,None,21,1,85,1,,,,,219.96845629999734,,219.95314320000034,219.96845629999734,220.95172889999958,220.95172889999958,220.95172889999958,220.95172889999958,220.9680270999961,221.96819839999807,221.96819839999807,222.78563890000078,v,1,0.8070201000009547,None,,,,,pp2,001,2025-10-02_00h04.51.144,motor sequence,,2025.1.1,59.9517508303883,2025-10-02 00h05.04.931884 +0530,
50,c,86,2,21,c,1,1.0894033000004129,None,21,2,86,2,,,,,222.8017903,,222.7861297999989,222.8017903,223.78496549999545,223.78496549999545,223.78496549999545,223.78496549999545,223.80161329999828,224.78502060000028,224.78502060000028,225.88538210000115,c,1,1.0894033000004129,None,,,,,pp2,001,2025-10-02_00h04.51.144,motor sequence,,2025.1.1,59.9517508303883,2025-10-02 00h05.04.931884 +0530,
-150,z,87,3,21,z,1,0.5409804000009899,None,21,3,87,3,,,,,225.9016457999969,,225.88575879999553,225.9016457999969,226.88490839999577,226.88490839999577,226.88490839999577,226.88490839999577,226.90167120000115,227.8849470999994,227.8849470999994,228.4354783000017,z,1,0.5409804000009899,None,,,,,pp2,001,2025-10-02_00h04.51.144,motor sequence,,2025.1.1,59.9517508303883,2025-10-02 00h05.04.931884 +0530,
-50,x,88,0,22,x,1,1.2309120999998413,None,22,0,88,0,,,,,228.4516078000015,,228.43584949999786,228.4516078000015,229.4349394000019,229.4349394000019,229.4349394000019,229.4349394000019,229.45155579999846,230.43515440000192,230.43515440000192,231.66864150000038,x,1,1.2309120999998413,None,,,,,pp2,001,2025-10-02_00h04.51.144,motor sequence,,2025.1.1,59.9517508303883,2025-10-02 00h05.04.931884 +0530,
150,v,89,1,22,v,1,0.5238599000003887,None,22,1,89,1,,,,,231.68514239999786,,231.6692705999958,231.68514239999786,232.66826449999644,232.66826449999644,232.66826449999644,232.66826449999644,232.6849540999974,233.66838859999552,233.66838859999552,234.20279840000148,v,1,0.5238599000003887,None,,,,,pp2,001,2025-10-02_00h04.51.144,motor sequence,,2025.1.1,59.9517508303883,2025-10-02 00h05.04.931884 +0530,
50,c,90,2,22,c,1,0.5399902999997721,None,22,2,90,2,,,,,234.21835979999742,,234.20353120000073,234.21835979999742,235.21818239999993,235.21818239999993,235.21818239999993,235.21818239999993,235.21818239999993,236.21816659999604,236.21816659999604,236.76918370000203,c,1,0.5399902999997721,None,,,,,pp2,001,2025-10-02_00h04.51.144,motor sequence,,2025.1.1,59.9517508303883,2025-10-02 00h05.04.931884 +0530,
-150,z,91,3,22,z,1,1.4172491999997874,None,22,3,91,3,,,,,236.78502270000172,,236.7701436999996,236.78502270000172,237.76818239999557,237.76818239999557,237.76818239999557,237.76818239999557,237.78497909999714,238.78493309999612,238.78493309999612,240.2190871999992,z,1,1.4172491999997874,None,,,,,pp2,001,2025-10-02_00h04.51.144,motor sequence,,2025.1.1,59.9517508303883,2025-10-02 00h05.04.931884 +0530,
-50,x,92,0,23,x,1,0.498375399998622,None,23,0,92,0,,,,,240.23509779999586,,240.2195514999985,240.23509779999586,241.21832970000105,241.21832970000105,241.21832970000105,241.21832970000105,241.23515219999535,242.21824229999766,242.21824229999766,242.71858549999888,x,1,0.498375399998622,None,,,,,pp2,001,2025-10-02_00h04.51.144,motor sequence,,2025.1.1,59.9517508303883,2025-10-02 00h05.04.931884 +0530,
150,v,93,1,23,v,1,0.715149299998302,None,23,1,93,1,,,,,242.7351701000007,,242.71991899999557,242.7351701000007,243.71824869999546,243.71824869999546,243.71824869999546,243.71824869999546,243.73489359999803,244.71828029999597,244.71828029999597,245.43582230000175,v,1,0.715149299998302,None,,,,,pp2,001,2025-10-02_00h04.51.144,motor sequence,,2025.1.1,59.9517508303883,2025-10-02 00h05.04.931884 +0530,
50,c,94,2,23,c,1,0.7232315000001108,None,23,2,94,2,,,,,245.45155489999888,,245.43632689999504,245.45155489999888,246.45170159999543,246.45170159999543,246.45170159999543,246.45170159999543,246.45170159999543,247.4517960000012,247.4517960000012,248.18564769999648,c,1,0.7232315000001108,None,,,,,pp2,001,2025-10-02_00h04.51.144,motor sequence,,2025.1.1,59.9517508303883,2025-10-02 00h05.04.931884 +0530,
-150,z,95,3,23,z,1,0.7252709000022151,None,23,3,95,3,,,,,248.20171370000025,,248.18614259999595,248.20171370000025,249.20153839999693,249.20153839999693,249.20153839999693,249.20153839999693,249.20153839999693,250.1850609999965,250.1850609999965,250.91889390000142,z,1,0.7252709000022151,None,,,,,pp2,001,2025-10-02_00h04.51.144,motor sequence,,2025.1.1,59.9517508303883,2025-10-02 00h05.04.931884 +0530,
-50,x,96,0,24,x,1,0.15619779999542516,None,24,0,96,0,,,,,250.93572629999835,,250.91984270000103,250.93572629999835,251.91820500000176,251.91820500000176,251.91820500000176,251.91820500000176,251.93497499999648,252.91833709999628,252.91833709999628,253.08574280000175,x,1,0.15619779999542516,None,,,,,pp2,001,2025-10-02_00h04.51.144,motor sequence,,2025.1.1,59.9517508303883,2025-10-02 00h05.04.931884 +0530,
150,v,97,1,24,v,1,0.5890978999959771,None,24,1,97,1,,,,,253.10151269999915,,253.0859849999979,253.10151269999915,254.08499270000175,254.08499270000175,254.08499270000175,254.08499270000175,254.1018053000007,255.0849703999993,255.0849703999993,255.68574899999658,v,1,0.5890978999959771,None,,,,,pp2,001,2025-10-02_00h04.51.144,motor sequence,,2025.1.1,59.9517508303883,2025-10-02 00h05.04.931884 +0530,
50,c,98,2,24,c,1,0.3651945999954478,None,24,2,98,2,,,,,255.7014937999993,,255.68618340000103,255.7014937999993,256.68481859999883,256.68481859999883,256.68481859999883,256.68481859999883,256.70286620000115,257.70151249999617,257.70151249999617,258.06869899999583,c,1,0.3651945999954478,None,,,,,pp2,001,2025-10-02_00h04.51.144,motor sequence,,2025.1.1,59.9517508303883,2025-10-02 00h05.04.931884 +0530,
-150,z,99,3,24,z,1,0.5508683000007295,None,24,3,99,3,,,,,258.0859230999995,,258.0691745000004,258.0859230999995,259.0684880999979,259.0684880999979,259.0684880999979,259.0684880999979,259.08549420000054,260.0682390000002,260.0682390000002,260.6397991999984,z,1,0.5508683000007295,None,,,,,pp2,001,2025-10-02_00h04.51.144,motor sequence,,2025.1.1,59.9517508303883,2025-10-02 00h05.04.931884 +0530,
-50,x,100,0,25,x,1,0.5341918000049191,None,25,0,100,0,,,,,260.6518681000016,,260.64238479999767,260.6518681000016,261.63576730000204,261.63576730000204,261.63576730000204,261.63576730000204,261.6532139999981,262.6518208999987,262.6518208999987,263.20227819999855,x,1,0.5341918000049191,None,,,,,pp2,001,2025-10-02_00h04.51.144,motor sequence,,2025.1.1,59.9517508303883,2025-10-02 00h05.04.931884 +0530,
150,v,101,1,25,v,1,0.7068109999963781,None,25,1,101,1,,,,,263.2184985999993,,263.20301969999855,263.2184985999993,264.2019908000002,264.2019908000002,264.2019908000002,264.2019908000002,264.2194505000007,265.2016081999973,265.2016081999973,265.919696799996,v,1,0.7068109999963781,None,,,,,pp2,001,2025-10-02_00h04.51.144,motor sequence,,2025.1.1,59.9517508303883,2025-10-02 00h05.04.931884 +0530,
50,c,102,2,25,c,1,0.6082013999985065,None,25,2,102,2,,,,,265.9351821999953,,265.9204496999955,265.9351821999953,266.9353768000001,266.9353768000001,266.9353768000001,266.9353768000001,266.9353768000001,267.9186914999955,267.9186914999955,268.53584099999716,c,1,0.6082013999985065,None,,,,,pp2,001,2025-10-02_00h04.51.144,motor sequence,,2025.1.1,59.9517508303883,2025-10-02 00h05.04.931884 +0530,
-150,z,103,3,25,z,1,1.144665800005896,None,25,3,103,3,,,,,268.55174799999804,,268.5365787999981,268.55174799999804,269.5350155999986,269.5350155999986,269.5350155999986,269.5350155999986,269.5517041999992,270.5516550999964,270.5516550999964,271.7024925000005,z,1,1.144665800005896,None,,,,,pp2,001,2025-10-02_00h04.51.144,motor sequence,,2025.1.1,59.9517508303883,2025-10-02 00h05.04.931884 +0530,
-50,x,104,0,26,x,1,0.4367058999996516,None,26,0,104,0,,,,,271.7181813999996,,271.70289319999574,271.7181813999996,272.7015567999988,272.7015567999988,272.7015567999988,272.7015567999988,272.71904269999504,273.7015943000006,273.7015943000006,274.15198950000195,x,1,0.4367058999996516,None,,,,,pp2,001,2025-10-02_00h04.51.144,motor sequence,,2025.1.1,59.9517508303883,2025-10-02 00h05.04.931884 +0530,
150,v,105,1,26,v,1,0.5841753000058816,None,26,1,105,1,,,,,274.1682271999962,,274.15229140000156,274.1682271999962,275.1517632999967,275.1517632999967,275.1517632999967,275.1517632999967,275.16820429999643,276.1517554999955,276.1517554999955,276.73734870000044,v,1,0.5841753000058816,None,,,,,pp2,001,2025-10-02_00h04.51.144,motor sequence,,2025.1.1,59.9517508303883,2025-10-02 00h05.04.931884 +0530,
50,c,106,2,26,c,1,0.515153400003328,None,26,2,106,2,,,,,276.75174989999505,,276.73798749999696,276.75174989999505,277.75238309999986,277.75238309999986,277.75238309999986,277.75238309999986,277.75238309999986,278.75168660000054,278.75168660000054,279.27011140000104,c,1,0.515153400003328,None,,,,,pp2,001,2025-10-02_00h04.51.144,motor sequence,,2025.1.1,59.9517508303883,2025-10-02 00h05.04.931884 +0530,
-150,z,107,3,26,z,1,0.9009209999931045,None,26,3,107,3,,,,,279.2850727999976,,279.2705905999974,279.2850727999976,280.2849575,280.2849575,280.2849575,280.2849575,280.2849575,281.28595889999997,281.28595889999997,282.20430679999845,z,1,0.9009209999931045,None,,,,,pp2,001,2025-10-02_00h04.51.144,motor sequence,,2025.1.1,59.9517508303883,2025-10-02 00h05.04.931884 +0530,
-50,x,108,0,27,x,1,0.42587920000369195,None,27,0,108,0,,,,,282.21860809999635,,282.2046371999968,282.21860809999635,283.2187550999952,283.2187550999952,283.2187550999952,283.2187550999952,283.2187550999952,284.2182937999969,284.2182937999969,284.65204090000043,x,1,0.42587920000369195,None,,,,,pp2,001,2025-10-02_00h04.51.144,motor sequence,,2025.1.1,59.9517508303883,2025-10-02 00h05.04.931884 +0530,
150,v,109,1,27,v,1,0.7353148000038345,None,27,1,109,1,,,,,284.6681714000006,,284.6531163999971,284.6681714000006,285.6516649999976,285.6516649999976,285.6516649999976,285.6516649999976,285.66828829999577,286.65206329999637,286.65206329999637,287.4029805999962,v,1,0.7353148000038345,None,,,,,pp2,001,2025-10-02_00h04.51.144,motor sequence,,2025.1.1,59.9517508303883,2025-10-02 00h05.04.931884 +0530,
50,c,110,2,27,c,1,0.951698299999407,None,27,2,110,2,,,,,287.41836849999527,,287.40355299999646,287.41836849999527,288.4030325999993,288.4030325999993,288.4030325999993,288.4030325999993,288.41834749999543,289.4194333999985,289.4194333999985,290.3876143000016,c,1,0.951698299999407,None,,,,,pp2,001,2025-10-02_00h04.51.144,motor sequence,,2025.1.1,59.9517508303883,2025-10-02 00h05.04.931884 +0530,
-150,z,111,3,27,z,1,0.6656192000009469,None,27,3,111,3,,,,,290.40180880000116,,290.3885880000016,290.40180880000116,291.4017504000003,291.4017504000003,291.4017504000003,291.4017504000003,291.4017504000003,292.40179740000167,292.40179740000167,293.0692742999963,z,1,0.6656192000009469,None,,,,,pp2,001,2025-10-02_00h04.51.144,motor sequence,,2025.1.1,59.9517508303883,2025-10-02 00h05.04.931884 +0530,
-50,x,112,0,28,x,1,0.6345639999999548,None,28,0,112,0,,,,,293.08521920000203,,293.06975349999993,293.08521920000203,294.08504790000006,294.08504790000006,294.08504790000006,294.08504790000006,294.08504790000006,295.06834700000036,295.06834700000036,295.7196479999984,x,1,0.6345639999999548,None,,,,,pp2,001,2025-10-02_00h04.51.144,motor sequence,,2025.1.1,59.9517508303883,2025-10-02 00h05.04.931884 +0530,
150,v,113,1,28,v,1,0.9436628000039491,None,28,1,113,1,,,,,295.73512939999637,,295.7203243999975,295.73512939999637,296.7184761999961,296.7184761999961,296.7184761999961,296.7184761999961,296.73514279999654,297.73505360000127,297.73505360000127,298.68594299999677,v,1,0.9436628000039491,None,,,,,pp2,001,2025-10-02_00h04.51.144,motor sequence,,2025.1.1,59.9517508303883,2025-10-02 00h05.04.931884 +0530,
50,c,114,2,28,c,1,1.0624960999994073,None,28,2,114,2,,,,,298.70180479999544,,298.68662649999897,298.70180479999544,299.7017472000007,299.7017472000007,299.7017472000007,299.7017472000007,299.7017472000007,300.70200789999944,300.70200789999944,301.76971239999693,c,1,1.0624960999994073,None,,,,,pp2,001,2025-10-02_00h04.51.144,motor sequence,,2025.1.1,59.9517508303883,2025-10-02 00h05.04.931884 +0530,
-150,z,115,3,28,z,1,0.5887350999983028,None,28,3,115,3,,,,,301.7860456999988,,301.770048499995,301.7860456999988,302.7691672000001,302.7691672000001,302.7691672000001,302.7691672000001,302.7851307000019,303.7853963000016,303.7853963000016,304.3859211999952,z,1,0.5887350999983028,None,,,,,pp2,001,2025-10-02_00h04.51.144,motor sequence,,2025.1.1,59.9517508303883,2025-10-02 00h05.04.931884 +0530,
-50,x,116,0,29,x,1,0.6958491000041249,None,29,0,116,0,,,,,304.4017603999964,,304.38660340000206,304.4017603999964,305.40198229999805,305.40198229999805,305.40198229999805,305.40198229999805,305.40198229999805,306.401758,306.401758,307.1027230999971,x,1,0.6958491000041249,None,,,,,pp2,001,2025-10-02_00h04.51.144,motor sequence,,2025.1.1,59.9517508303883,2025-10-02 00h05.04.931884 +0530,
150,v,117,1,29,v,1,0.6368280999959097,None,29,1,117,1,,,,,307.11826049999945,,307.1031722999978,307.11826049999945,308.1181738999949,308.1181738999949,308.1181738999949,308.1181738999949,308.1181738999949,309.11832799999684,309.11832799999684,309.7690212999951,v,1,0.6368280999959097,None,,,,,pp2,001,2025-10-02_00h04.51.144,motor sequence,,2025.1.1,59.9517508303883,2025-10-02 00h05.04.931884 +0530,
50,c,118,2,29,c,1,0.6384198999949149,None,29,2,118,2,,,,,309.78523519999726,,309.7695181999952,309.78523519999726,310.76817930000107,310.76817930000107,310.76817930000107,310.76817930000107,310.78520410000056,311.7683515999961,311.7683515999961,312.41909779999696,c,1,0.6384198999949149,None,,,,,pp2,001,2025-10-02_00h04.51.144,motor sequence,,2025.1.1,59.9517508303883,2025-10-02 00h05.04.931884 +0530,
-150,z,119,3,29,z,1,0.8927596000066842,None,29,3,119,3,,,,,312.4351575999972,,312.41955429999507,312.4351575999972,313.4182304999995,313.4182304999995,313.4182304999995,313.4182304999995,313.4353861999989,314.4183161999972,314.4183161999972,315.31887379999534,z,1,0.8927596000066842,None,,,,,pp2,001,2025-10-02_00h04.51.144,motor sequence,,2025.1.1,59.9517508303883,2025-10-02 00h05.04.931884 +0530,
-50,x,120,0,30,x,1,0.7485124000013457,None,30,0,120,0,,,,,315.33501129999786,,315.31947090000176,315.33501129999786,316.3181532999952,316.3181532999952,316.3181532999952,316.3181532999952,316.3350853000011,317.3183558000019,317.3183558000019,318.06886799999484,x,1,0.7485124000013457,None,,,,,pp2,001,2025-10-02_00h04.51.144,motor sequence,,2025.1.1,59.9517508303883,2025-10-02 00h05.04.931884 +0530,
150,v,121,1,30,v,1,0.5896216999972239,None,30,1,121,1,,,,,318.08503769999515,,318.06916759999876,318.08503769999515,319.06829709999874,319.06829709999874,319.06829709999874,319.06829709999874,319.08508759999677,320.0696226,320.0696226,320.6689399999959,v,1,0.5896216999972239,None,,,,,pp2,001,2025-10-02_00h04.51.144,motor sequence,,2025.1.1,59.9517508303883,2025-10-02 00h05.04.931884 +0530,
50,c,122,2,30,c,1,0.47981580000487156,None,30,2,122,2,,,,,320.68504669999675,,320.66948630000115,320.68504669999675,321.66913309999654,321.66913309999654,321.66913309999654,321.66913309999654,321.68509600000107,322.66841900000145,322.66841900000145,323.15278129999933,c,1,0.47981580000487156,None,,,,,pp2,001,2025-10-02_00h04.51.144,motor sequence,,2025.1.1,59.9517508303883,2025-10-02 00h05.04.931884 +0530,
-150,z,123,3,30,z,1,0.72060380000039,None,30,3,123,3,,,,,323.16835189999983,,323.1532484999989,323.16835189999983,324.1519521000009,324.1519521000009,324.1519521000009,324.1519521000009,324.1682675999982,325.1684682999985,325.1684682999985,325.9030175000007,z,1,0.72060380000039,None,,,,,pp2,001,2025-10-02_00h04.51.144,motor sequence,,2025.1.1,59.9517508303883,2025-10-02 00h05.04.931884 +0530,
-50,x,124,0,31,x,1,0.5130441999936011,None,31,0,124,0,,,,,325.918299500001,,325.9040408000001,325.918299500001,326.9183395,326.9183395,326.9183395,326.9183395,326.9183395,327.9183189999967,327.9183189999967,328.4355385999952,x,1,0.5130441999936011,None,,,,,pp2,001,2025-10-02_00h04.51.144,motor sequence,,2025.1.1,59.9517508303883,2025-10-02 00h05.04.931884 +0530,
150,v,125,1,31,v,1,0.6603103000015835,None,31,1,125,1,,,,,328.4516883999968,,328.43581379999523,328.4516883999968,329.43507939999836,329.43507939999836,329.43507939999836,329.43507939999836,329.45165989999805,330.4350459999987,330.4350459999987,331.10364870000194,v,1,0.6603103000015835,None,,,,,pp2,001,2025-10-02_00h04.51.144,motor sequence,,2025.1.1,59.9517508303883,2025-10-02 00h05.04.931884 +0530,
50,c,126,2,31,c,1,0.46691329999885056,None,31,2,126,2,,,,,331.11820369999623,,331.1041114999971,331.11820369999623,332.11850309999863,332.11850309999863,332.11850309999863,332.11850309999863,332.11850309999863,333.11830109999573,333.11830109999573,333.6039201999956,c,1,0.46691329999885056,None,,,,,pp2,001,2025-10-02_00h04.51.144,motor sequence,,2025.1.1,59.9517508303883,2025-10-02 00h05.04.931884 +0530,
-150,z,127,3,31,z,1,0.6792077999998583,None,31,3,127,3,,,,,333.618799099997,,333.60452709999663,333.618799099997,334.6193717999995,334.6193717999995,334.6193717999995,334.6193717999995,334.6193717999995,335.6183203999972,335.6183203999972,336.3043722000002,z,1,0.6792077999998583,None,,,,,pp2,001,2025-10-02_00h04.51.144,motor sequence,,2025.1.1,59.9517508303883,2025-10-02 00h05.04.931884 +0530,
-50,x,128,0,32,x,1,0.5130674999963958,None,32,0,128,0,,,,,336.31884819999686,,336.3054678999979,336.31884819999686,337.3183072999964,337.3183072999964,337.3183072999964,337.3183072999964,337.3183072999964,338.31820799999696,338.31820799999696,338.83764240000164,x,1,0.5130674999963958,None,,,,,pp2,001,2025-10-02_00h04.51.144,motor sequence,,2025.1.1,59.9517508303883,2025-10-02 00h05.04.931884 +0530,
150,v,129,1,32,v,1,0.7633490000007441,None,32,1,129,1,,,,,338.85201139999845,,338.83876489999966,338.85201139999845,339.85173550000036,339.85173550000036,339.85173550000036,339.85173550000036,339.85173550000036,340.85166590000154,340.85166590000154,341.6196989999953,v,1,0.7633490000007441,None,,,,,pp2,001,2025-10-02_00h04.51.144,motor sequence,,2025.1.1,59.9517508303883,2025-10-02 00h05.04.931884 +0530,
50,c,130,2,32,c,1,0.6419800000003306,None,32,2,130,2,,,,,341.63509939999494,,341.62016230000154,341.63509939999494,342.6352130000014,342.6352130000014,342.6352130000014,342.6352130000014,342.6352130000014,343.6350872999974,343.6350872999974,344.2856948999979,c,1,0.6419800000003306,None,,,,,pp2,001,2025-10-02_00h04.51.144,motor sequence,,2025.1.1,59.9517508303883,2025-10-02 00h05.04.931884 +0530,
-150,z,131,3,32,z,1,0.9913066000008257,None,32,3,131,3,,,,,344.30235159999575,,344.286048199996,344.30235159999575,345.2851231999957,345.2851231999957,345.2851231999957,345.2851231999957,345.3018043999982,346.28511699999945,346.28511699999945,347.2854191000006,z,1,0.9913066000008257,None,,,,,pp2,001,2025-10-02_00h04.51.144,motor sequence,,2025.1.1,59.9517508303883,2025-10-02 00h05.04.931884 +0530,
-50,x,132,0,33,x,1,0.5093777999936719,None,33,0,132,0,,,,,347.30193419999705,,347.28589349999675,347.30193419999705,348.28507620000164,348.28507620000164,348.28507620000164,348.28507620000164,348.30177900000126,349.28522749999684,349.28522749999684,349.80230940000183,x,1,0.5093777999936719,None,,,,,pp2,001,2025-10-02_00h04.51.144,motor sequence,,2025.1.1,59.9517508303883,2025-10-02 00h05.04.931884 +0530,
150,v,133,1,33,v,1,0.7195230000070296,None,33,1,133,1,,,,,349.8189901000005,,349.8027828999984,349.8189901000005,350.8017380999954,350.8017380999954,350.8017380999954,350.8017380999954,350.81835619999765,351.8016115999999,351.8016115999999,352.53595479999785,v,1,0.7195230000070296,None,,,,,pp2,001,2025-10-02_00h04.51.144,motor sequence,,2025.1.1,59.9517508303883,2025-10-02 00h05.04.931884 +0530,
50,c,134,2,33,c,1,0.5092105999938212,None,33,2,134,2,,,,,352.55168559999584,,352.5364935999969,352.55168559999584,353.53524800000014,353.53524800000014,353.53524800000014,353.53524800000014,353.55180409999593,354.55172070000117,354.55172070000117,355.06900750000204,c,1,0.5092105999938212,None,,,,,pp2,001,2025-10-02_00h04.51.144,motor sequence,,2025.1.1,59.9517508303883,2025-10-02 00h05.04.931884 +0530,
-150,z,135,3,33,z,1,0.7236197000020184,None,33,3,135,3,,,,,355.0850056999989,,355.0694208999994,355.0850056999989,356.0683495999983,356.0683495999983,356.0683495999983,356.0683495999983,356.0849982,357.06820629999856,357.06820629999856,357.8027518000017,z,1,0.7236197000020184,None,,,,,pp2,001,2025-10-02_00h04.51.144,motor sequence,,2025.1.1,59.9517508303883,2025-10-02 00h05.04.931884 +0530,
-50,x,136,0,34,x,1,0.5086375000028056,None,34,0,136,0,,,,,357.8182444999984,,357.80307950000133,357.8182444999984,358.8018032999971,358.8018032999971,358.8018032999971,358.8018032999971,358.81851079999615,359.81833819999883,359.81833819999883,360.3355037000001,x,1,0.5086375000028056,None,,,,,pp2,001,2025-10-02_00h04.51.144,motor sequence,,2025.1.1,59.9517508303883,2025-10-02 00h05.04.931884 +0530,
150,v,137,1,34,v,1,0.6875673000031384,None,34,1,137,1,,,,,360.35267129999556,,360.33575169999676,360.35267129999556,361.33549469999707,361.33549469999707,361.33549469999707,361.33549469999707,361.3521399999954,362.33514039999864,362.33514039999864,363.0361413999999,v,1,0.6875673000031384,None,,,,,pp2,001,2025-10-02_00h04.51.144,motor sequence,,2025.1.1,59.9517508303883,2025-10-02 00h05.04.931884 +0530,
50,c,138,2,34,c,1,0.7184175000002142,None,34,2,138,2,,,,,363.051822100002,,363.03679149999516,363.051822100002,364.0517441999982,364.0517441999982,364.0517441999982,364.0517441999982,364.0517441999982,365.0520386999997,365.0520386999997,365.7858395000003,c,1,0.7184175000002142,None,,,,,pp2,001,2025-10-02_00h04.51.144,motor sequence,,2025.1.1,59.9517508303883,2025-10-02 00h05.04.931884 +0530,
-150,z,139,3,34,z,1,1.0014784000013606,None,34,3,139,3,,,,,365.8015863999972,,365.7868329999983,365.8015863999972,366.80190859999857,366.80190859999857,366.80190859999857,366.80190859999857,366.80190859999857,367.80174270000134,367.80174270000134,368.81915679999656,z,1,1.0014784000013606,None,,,,,pp2,001,2025-10-02_00h04.51.144,motor sequence,,2025.1.1,59.9517508303883,2025-10-02 00h05.04.931884 +0530,
-50,x,140,0,35,x,1,0.8260238000002573,None,35,0,140,0,,,,,368.83528099999967,,368.81975399999646,368.83528099999967,369.8184095999968,369.8184095999968,369.8184095999968,369.8184095999968,369.83508769999753,370.81849059999513,370.81849059999513,371.6523132000002,x,1,0.8260238000002573,None,,,,,pp2,001,2025-10-02_00h04.51.144,motor sequence,,2025.1.1,59.9517508303883,2025-10-02 00h05.04.931884 +0530,
150,v,141,1,35,v,1,0.7121617000011611,None,35,1,141,1,,,,,371.6684057999955,,371.6525823999982,371.6684057999955,372.65181830000074,372.65181830000074,372.65181830000074,372.65181830000074,372.66827719999856,373.65174560000014,373.65174560000014,374.3705803999983,v,1,0.7121617000011611,None,,,,,pp2,001,2025-10-02_00h04.51.144,motor sequence,,2025.1.1,59.9517508303883,2025-10-02 00h05.04.931884 +0530,
50,c,142,2,35,c,1,1.0434346000038204,None,35,2,142,2,,,,,374.3851751999973,,374.3712394999966,374.3851751999973,375.3853311999992,375.3853311999992,375.3853311999992,375.3853311999992,375.3853311999992,376.3850556999969,376.3850556999969,377.4357219000012,c,1,1.0434346000038204,None,,,,,pp2,001,2025-10-02_00h04.51.144,motor sequence,,2025.1.1,59.9517508303883,2025-10-02 00h05.04.931884 +0530,
-150,z,143,3,35,z,1,0.7918895000038901,None,35,3,143,3,,,,,377.45182529999875,,377.43599639999593,377.45182529999875,378.4352765000003,378.4352765000003,378.4352765000003,378.4352765000003,378.4515891999981,379.43509300000005,379.43509300000005,380.2359023999961,z,1,0.7918895000038901,None,,,,,pp2,001,2025-10-02_00h04.51.144,motor sequence,,2025.1.1,59.9517508303883,2025-10-02 00h05.04.931884 +0530,
-50,x,144,0,36,x,1,0.5609449000039604,None,36,0,144,0,,,,,380.2516278999974,,380.2363925999962,380.2516278999974,381.25227099999756,381.25227099999756,381.25227099999756,381.25227099999756,381.25227099999756,382.2517119999975,382.2517119999975,382.8190744999956,x,1,0.5609449000039604,None,,,,,pp2,001,2025-10-02_00h04.51.144,motor sequence,,2025.1.1,59.9517508303883,2025-10-02 00h05.04.931884 +0530,
150,v,145,1,36,v,1,0.7801782999958959,None,36,1,145,1,,,,,382.8349773000009,,382.8193687000021,382.8349773000009,383.8184435000003,383.8184435000003,383.8184435000003,383.8184435000003,383.83510319999914,384.8187537999984,384.8187537999984,385.6024948999984,v,1,0.7801782999958959,None,,,,,pp2,001,2025-10-02_00h04.51.144,motor sequence,,2025.1.1,59.9517508303883,2025-10-02 00h05.04.931884 +0530,
50,c,146,2,36,c,1,0.5417109999980312,None,36,2,146,2,,,,,385.61847580000176,,385.6031288000013,385.61847580000176,386.6017705999984,386.6017705999984,386.6017705999984,386.6017705999984,386.61872949999815,387.6032688999985,387.6032688999985,388.15245570000116,c,1,0.5417109999980312,None,,,,,pp2,001,2025-10-02_00h04.51.144,motor sequence,,2025.1.1,59.9517508303883,2025-10-02 00h05.04.931884 +0530,
-150,z,147,3,36,z,1,0.43758839999645716,None,36,3,147,3,,,,,388.16829049999797,,388.15297160000046,388.16829049999797,389.151969999999,389.151969999999,389.151969999999,389.151969999999,389.16857359999995,390.1516371999969,390.1516371999969,390.60231499999645,z,1,0.43758839999645716,None,,,,,pp2,001,2025-10-02_00h04.51.144,motor sequence,,2025.1.1,59.9517508303883,2025-10-02 00h05.04.931884 +0530,
-50,x,148,0,37,x,1,0.5082437999953981,None,37,0,148,0,,,,,390.6183538999976,,390.60277739999583,390.6183538999976,391.6021703000006,391.6021703000006,391.6021703000006,391.6021703000006,391.6182817000008,392.60179719999724,392.60179719999724,393.1187334999995,x,1,0.5082437999953981,None,,,,,pp2,001,2025-10-02_00h04.51.144,motor sequence,,2025.1.1,59.9517508303883,2025-10-02 00h05.04.931884 +0530,
150,v,149,1,37,v,1,0.6258992000002763,None,37,1,149,1,,,,,393.13511519999884,,393.11930009999924,393.13511519999884,394.11832539999887,394.11832539999887,394.11832539999887,394.11832539999887,394.1350039999961,395.1183105000018,395.1183105000018,395.7519716999959,v,1,0.6258992000002763,None,,,,,pp2,001,2025-10-02_00h04.51.144,motor sequence,,2025.1.1,59.9517508303883,2025-10-02 00h05.04.931884 +0530,
50,c,150,2,37,c,1,0.3940860000002431,None,37,2,150,2,,,,,395.7683198999948,,395.75221610000153,395.7683198999948,396.7518809999965,396.7518809999965,396.7518809999965,396.7518809999965,396.76842880000186,397.75168109999504,397.75168109999504,398.1523057000013,c,1,0.3940860000002431,None,,,,,pp2,001,2025-10-02_00h04.51.144,motor sequence,,2025.1.1,59.9517508303883,2025-10-02 00h05.04.931884 +0530,
-150,z,151,3,37,z,1,0.6016731999989133,None,37,3,151,3,,,,,398.1681813999967,,398.1526318999968,398.1681813999967,399.15190150000126,399.15190150000126,399.15190150000126,399.15190150000126,399.1682531999977,400.151830099996,400.151830099996,400.7690255999987,z,1,0.6016731999989133,None,,,,,pp2,001,2025-10-02_00h04.51.144,motor sequence,,2025.1.1,59.9517508303883,2025-10-02 00h05.04.931884 +0530,
-50,x,152,0,38,x,1,0.4555689999979222,None,38,0,152,0,,,,,400.78512059999775,,400.7695267999952,400.78512059999775,401.7683775999976,401.7683775999976,401.7683775999976,401.7683775999976,401.78511649999564,402.76840269999957,402.76840269999957,403.23568140000134,x,1,0.4555689999979222,None,,,,,pp2,001,2025-10-02_00h04.51.144,motor sequence,,2025.1.1,59.9517508303883,2025-10-02 00h05.04.931884 +0530,
150,v,153,1,38,v,1,0.3391808000014862,None,38,1,153,1,,,,,403.25169689999893,,403.23591889999807,403.25169689999893,404.2353140999985,404.2353140999985,404.2353140999985,404.2353140999985,404.2517260999957,405.2352591000017,405.2352591000017,405.5860843999981,v,1,0.3391808000014862,None,,,,,pp2,001,2025-10-02_00h04.51.144,motor sequence,,2025.1.1,59.9517508303883,2025-10-02 00h05.04.931884 +0530,
50,c,154,2,38,c,1,0.45622040000307607,None,38,2,154,2,,,,,405.6019535999949,,405.5867708000005,405.6019535999949,406.6017420999997,406.6017420999997,406.6017420999997,406.6017420999997,406.6017420999997,407.58518029999686,407.58518029999686,408.0524207999988,c,1,0.45622040000307607,None,,,,,pp2,001,2025-10-02_00h04.51.144,motor sequence,,2025.1.1,59.9517508303883,2025-10-02 00h05.04.931884 +0530,
-150,z,155,3,38,z,1,0.7524785999994492,None,38,3,155,3,,,,,408.06832120000036,,408.05273529999977,408.06832120000036,409.05198240000027,409.05198240000027,409.05198240000027,409.05198240000027,409.06847919999564,410.05176159999974,410.05176159999974,410.81879050000134,z,1,0.7524785999994492,None,,,,,pp2,001,2025-10-02_00h04.51.144,motor sequence,,2025.1.1,59.9517508303883,2025-10-02 00h05.04.931884 +0530,
-50,x,156,0,39,x,1,0.5863083000003826,None,39,0,156,0,,,,,410.8352304,,410.81910719999723,410.8352304,411.81837169999926,411.81837169999926,411.81837169999926,411.81837169999926,411.8359816000011,412.8185865999985,412.8185865999985,413.4190996999969,x,1,0.5863083000003826,None,,,,,pp2,001,2025-10-02_00h04.51.144,motor sequence,,2025.1.1,59.9517508303883,2025-10-02 00h05.04.931884 +0530,
150,v,157,1,39,v,1,0.7924800999971922,None,39,1,157,1,,,,,413.4350794999991,,413.41948019999836,413.4350794999991,414.4185567999957,414.4185567999957,414.4185567999957,414.4185567999957,414.43572239999776,415.41835799999535,415.41835799999535,416.21946249999746,v,1,0.7924800999971922,None,,,,,pp2,001,2025-10-02_00h04.51.144,motor sequence,,2025.1.1,59.9517508303883,2025-10-02 00h05.04.931884 +0530,
50,c,158,2,39,c,1,0.7906509999957052,None,39,2,158,2,,,,,416.2352236000006,,416.2198021000004,416.2352236000006,417.2184175000002,417.2184175000002,417.2184175000002,417.2184175000002,417.2353271999964,418.2351353999984,418.2351353999984,419.0371346999964,c,1,0.7906509999957052,None,,,,,pp2,001,2025-10-02_00h04.51.144,motor sequence,,2025.1.1,59.9517508303883,2025-10-02 00h05.04.931884 +0530,
-150,z,159,3,39,z,1,0.9326325000001816,None,39,3,159,3,,,,,419.0517841999972,,419.0377587999974,419.0517841999972,420.051733100001,420.051733100001,420.051733100001,420.051733100001,420.051733100001,421.0517427999948,421.0517427999948,421.985442600002,z,1,0.9326325000001816,None,,,,,pp2,001,2025-10-02_00h04.51.144,motor sequence,,2025.1.1,59.9517508303883,2025-10-02 00h05.04.931884 +0530,
-50,x,160,0,40,x,1,0.6840712999983225,None,40,0,160,0,,,,,422.00222629999917,,421.98583510000026,422.00222629999917,422.98519579999993,422.98519579999993,422.98519579999993,422.98519579999993,423.00172629999724,423.98508339999535,423.98508339999535,424.6859751000011,x,1,0.6840712999983225,None,,,,,pp2,001,2025-10-02_00h04.51.144,motor sequence,,2025.1.1,59.9517508303883,2025-10-02 00h05.04.931884 +0530,
150,v,161,1,40,v,1,0.706267100002151,None,40,1,161,1,,,,,424.70200929999555,,424.68653130000166,424.70200929999555,425.6852118999959,425.6852118999959,425.6852118999959,425.6852118999959,425.7018401999958,426.7019064999986,426.7019064999986,427.4195828000011,v,1,0.706267100002151,None,,,,,pp2,001,2025-10-02_00h04.51.144,motor sequence,,2025.1.1,59.9517508303883,2025-10-02 00h05.04.931884 +0530,
50,c,162,2,40,c,1,0.41942269999708515,None,40,2,162,2,,,,,427.43542080000043,,427.42002969999885,427.43542080000043,428.41837769999984,428.41837769999984,428.41837769999984,428.41837769999984,428.4351339999994,429.4351714000004,429.4351714000004,429.8697385999985,c,1,0.41942269999708515,None,,,,,pp2,001,2025-10-02_00h04.51.144,motor sequence,,2025.1.1,59.9517508303883,2025-10-02 00h05.04.931884 +0530,
-150,z,163,3,40,z,1,0.47578429999703076,None,40,3,163,3,,,,,429.8851386999959,,429.8704063999976,429.8851386999959,430.8851391999997,430.8851391999997,430.8851391999997,430.8851391999997,430.8851391999997,431.8851155000011,431.8851155000011,432.3692626999982,z,1,0.47578429999703076,None,,,,,pp2,001,2025-10-02_00h04.51.144,motor sequence,,2025.1.1,59.9517508303883,2025-10-02 00h05.04.931884 +0530,
-50,x,164,0,41,x,1,1.0295344999976805,None,41,0,164,0,,,,,432.38541260000056,,432.3698951999977,432.38541260000056,433.3687071999957,433.3687071999957,433.3687071999957,433.3687071999957,433.3859467000002,434.36826579999615,434.36826579999615,435.40332959999796,x,1,1.0295344999976805,None,,,,,pp2,001,2025-10-02_00h04.51.144,motor sequence,,2025.1.1,59.9517508303883,2025-10-02 00h05.04.931884 +0530,
150,v,165,1,41,v,1,1.1533466000037151,None,41,1,165,1,,,,,435.4183133999977,,435.40381499999785,435.4183133999977,436.4184886000003,436.4184886000003,436.4184886000003,436.4184886000003,436.4184886000003,437.4184057999955,437.4184057999955,438.5860784999968,v,1,1.1533466000037151,None,,,,,pp2,001,2025-10-02_00h04.51.144,motor sequence,,2025.1.1,59.9517508303883,2025-10-02 00h05.04.931884 +0530,
50,c,166,2,41,c,1,0.6375224000003072,None,41,2,166,2,,,,,438.60178799999994,,438.5870681000015,438.60178799999994,439.60189309999987,439.60189309999987,439.60189309999987,439.60189309999987,439.60189309999987,440.6017223999952,440.6017223999952,441.2525697000019,c,1,0.6375224000003072,None,,,,,pp2,001,2025-10-02_00h04.51.144,motor sequence,,2025.1.1,59.9517508303883,2025-10-02 00h05.04.931884 +0530,
-150,z,167,3,41,z,1,0.488079499999003,None,41,3,167,3,,,,,441.268490800001,,441.25308550000045,441.268490800001,442.25188029999845,442.25188029999845,442.25188029999845,442.25188029999845,442.26842110000143,443.25174100000004,443.25174100000004,443.75303559999884,z,1,0.488079499999003,None,,,,,pp2,001,2025-10-02_00h04.51.144,motor sequence,,2025.1.1,59.9517508303883,2025-10-02 00h05.04.931884 +0530,
-50,x,168,0,42,x,1,0.7518464000022504,None,42,0,168,0,,,,,443.76829539999744,,443.75344659999973,443.76829539999744,444.75197599999956,444.75197599999956,444.75197599999956,444.75197599999956,444.76849349999975,445.7684117999961,445.7684117999961,446.5362137999982,x,1,0.7518464000022504,None,,,,,pp2,001,2025-10-02_00h04.51.144,motor sequence,,2025.1.1,59.9517508303883,2025-10-02 00h05.04.931884 +0530,
150,v,169,1,42,v,1,0.8311947999973199,None,42,1,169,1,,,,,446.55182519999653,,446.53683369999635,446.55182519999653,447.5517808000004,447.5517808000004,447.5517808000004,447.5517808000004,447.5517808000004,448.55290579999564,448.55290579999564,449.3860033000019,v,1,0.8311947999973199,None,,,,,pp2,001,2025-10-02_00h04.51.144,motor sequence,,2025.1.1,59.9517508303883,2025-10-02 00h05.04.931884 +0530,
50,c,170,2,42,c,1,0.4638215999948443,None,42,2,170,2,,,,,449.4018098000015,,449.3864684,449.4018098000015,450.40199420000135,450.40199420000135,450.40199420000135,450.40199420000135,450.40199420000135,451.40179279999575,451.40179279999575,451.86871569999494,c,1,0.4638215999948443,None,,,,,pp2,001,2025-10-02_00h04.51.144,motor sequence,,2025.1.1,59.9517508303883,2025-10-02 00h05.04.931884 +0530,
-150,z,171,3,42,z,1,0.663207900004636,None,42,3,171,3,,,,,451.88570549999713,,451.86908359999507,451.88570549999713,452.86883049999597,452.86883049999597,452.86883049999597,452.86883049999597,452.8851132999989,453.8684188999978,453.8684188999978,454.5359438999949,z,1,0.663207900004636,None,,,,,pp2,001,2025-10-02_00h04.51.144,motor sequence,,2025.1.1,59.9517508303883,2025-10-02 00h05.04.931884 +0530,
-50,x,172,0,43,x,1,0.7727908000015304,None,43,0,172,0,,,,,454.551716199996,,454.53631589999713,454.551716199996,455.5354537999956,455.5354537999956,455.5354537999956,455.5354537999956,455.5519636999961,456.5353624999989,456.5353624999989,457.31896779999806,x,1,0.7727908000015304,None,,,,,pp2,001,2025-10-02_00h04.51.144,motor sequence,,2025.1.1,59.9517508303883,2025-10-02 00h05.04.931884 +0530,
150,v,173,1,43,v,1,0.7978570999985095,None,43,1,173,1,,,,,457.3352711999978,,457.3192779999954,457.3352711999978,458.31895280000026,458.31895280000026,458.31895280000026,458.31895280000026,458.33532959999866,459.31845469999826,459.31845469999826,460.11920490000193,v,1,0.7978570999985095,None,,,,,pp2,001,2025-10-02_00h04.51.144,motor sequence,,2025.1.1,59.9517508303883,2025-10-02 00h05.04.931884 +0530,
50,c,174,2,43,c,1,0.5331815999961691,None,43,2,174,2,,,,,460.1353115999955,,460.11949489999824,460.1353115999955,461.11849449999863,461.11849449999863,461.11849449999863,461.11849449999863,461.1351244999969,462.1183738999971,462.1183738999971,462.65254809999897,c,1,0.5331815999961691,None,,,,,pp2,001,2025-10-02_00h04.51.144,motor sequence,,2025.1.1,59.9517508303883,2025-10-02 00h05.04.931884 +0530,
-150,z,175,3,43,z,1,1.1466588999974192,None,43,3,175,3,,,,,462.66890830000193,,462.6530521999957,462.66890830000193,463.65189870000177,463.65189870000177,463.65189870000177,463.65189870000177,463.66839900000195,464.65188430000126,464.65188430000126,465.80236380000133,z,1,1.1466588999974192,None,,,,,pp2,001,2025-10-02_00h04.51.144,motor sequence,,2025.1.1,59.9517508303883,2025-10-02 00h05.04.931884 +0530,
-50,x,176,0,44,x,1,0.8222660999963409,None,44,0,176,0,,,,,465.81839480000053,,465.80299759999616,465.81839480000053,466.80194059999485,466.80194059999485,466.80194059999485,466.80194059999485,466.8186678999991,467.80178480000177,467.80178480000177,468.63587299999926,x,1,0.8222660999963409,None,,,,,pp2,001,2025-10-02_00h04.51.144,motor sequence,,2025.1.1,59.9517508303883,2025-10-02 00h05.04.931884 +0530,
150,v,177,1,44,v,1,0.6751495999997132,None,44,1,177,1,,,,,468.6523292999991,,468.6371969999964,468.6523292999991,469.63526199999615,469.63526199999615,469.63526199999615,469.63526199999615,469.6518055999986,470.6524255999975,470.6524255999975,471.33563019999565,v,1,0.6751495999997132,None,,,,,pp2,001,2025-10-02_00h04.51.144,motor sequence,,2025.1.1,59.9517508303883,2025-10-02 00h05.04.931884 +0530,
50,c,178,2,44,c,1,0.7015574999968521,None,44,2,178,2,,,,,471.35189979999996,,471.3364680999948,471.35189979999996,472.3351720999999,472.3351720999999,472.3351720999999,472.3351720999999,472.3517099000019,473.3351341999951,473.3351341999951,474.0531149000017,c,1,0.7015574999968521,None,,,,,pp2,001,2025-10-02_00h04.51.144,motor sequence,,2025.1.1,59.9517508303883,2025-10-02 00h05.04.931884 +0530,
-150,z,179,3,44,z,1,1.2969175000034738,None,44,3,179,3,,,,,474.06854129999556,,474.05394089999754,474.06854129999556,475.06839169999876,475.06839169999876,475.06839169999876,475.06839169999876,475.06839169999876,476.06831009999587,476.06831009999587,477.36881390000053,z,1,1.2969175000034738,None,,,,,pp2,001,2025-10-02_00h04.51.144,motor sequence,,2025.1.1,59.9517508303883,2025-10-02 00h05.04.931884 +0530,
-50,x,180,0,45,x,1,0.5076418000026024,None,45,0,180,0,,,,,477.38521839999885,,477.3691811999961,477.38521839999885,478.3685772999961,478.3685772999961,478.3685772999961,478.3685772999961,478.38509930000146,479.368378399995,479.368378399995,479.8856928999958,x,1,0.5076418000026024,None,,,,,pp2,001,2025-10-02_00h04.51.144,motor sequence,,2025.1.1,59.9517508303883,2025-10-02 00h05.04.931884 +0530,
150,v,181,1,45,v,1,0.9014465999935055,None,45,1,181,1,,,,,479.901775499995,,479.88620380000066,479.901775499995,480.8854419999989,480.8854419999989,480.8854419999989,480.8854419999989,480.90318860000116,481.8865389999992,481.8865389999992,482.8025695999968,v,1,0.9014465999935055,None,,,,,pp2,001,2025-10-02_00h04.51.144,motor sequence,,2025.1.1,59.9517508303883,2025-10-02 00h05.04.931884 +0530,
50,c,182,2,45,c,1,0.7322660999998334,None,45,2,182,2,,,,,482.81848139999784,,482.8030720999959,482.81848139999784,483.8018516000011,483.8018516000011,483.8018516000011,483.8018516000011,483.81972179999866,484.80252449999534,484.80252449999534,485.53578299999936,c,1,0.7322660999998334,None,,,,,pp2,001,2025-10-02_00h04.51.144,motor sequence,,2025.1.1,59.9517508303883,2025-10-02 00h05.04.931884 +0530,
-150,z,183,3,45,z,1,0.8941787999938242,None,45,3,183,3,,,,,485.5519241000002,,485.53626839999924,485.5519241000002,486.5352253000019,486.5352253000019,486.5352253000019,486.5352253000019,486.55191889999696,487.5351382000008,487.5351382000008,488.43562669999665,z,1,0.8941787999938242,None,,,,,pp2,001,2025-10-02_00h04.51.144,motor sequence,,2025.1.1,59.9517508303883,2025-10-02 00h05.04.931884 +0530,
-50,x,184,0,46,x,1,0.5075639999995474,None,46,0,184,0,,,,,488.45184940000036,,488.4360766999962,488.45184940000036,489.435292999995,489.435292999995,489.435292999995,489.435292999995,489.45181610000145,490.4351539999989,490.4351539999989,490.9525122999985,x,1,0.5075639999995474,None,,,,,pp2,001,2025-10-02_00h04.51.144,motor sequence,,2025.1.1,59.9517508303883,2025-10-02 00h05.04.931884 +0530,
150,v,185,1,46,v,1,0.7823570999971707,None,46,1,185,1,,,,,490.968520800001,,490.9531648999982,490.968520800001,491.95350260000123,491.95350260000123,491.95350260000123,491.95350260000123,491.9683603000012,492.95180229999823,492.95180229999823,493.7358521999995,v,1,0.7823570999971707,None,,,,,pp2,001,2025-10-02_00h04.51.144,motor sequence,,2025.1.1,59.9517508303883,2025-10-02 00h05.04.931884 +0530,
50,c,186,2,46,c,1,0.5033775000047171,None,46,2,186,2,,,,,493.75188559999515,,493.7364290999976,493.75188559999515,494.7352419999952,494.7352419999952,494.7352419999952,494.7352419999952,494.75179599999683,495.7352142999953,495.7352142999953,496.2525114000018,c,1,0.5033775000047171,None,,,,,pp2,001,2025-10-02_00h04.51.144,motor sequence,,2025.1.1,59.9517508303883,2025-10-02 00h05.04.931884 +0530,
-150,z,187,3,46,z,1,0.9370448000045144,None,46,3,187,3,,,,,496.2685130999962,,496.2530588000009,496.2685130999962,497.25179589999607,497.25179589999607,497.25179589999607,497.25179589999607,497.26838190000126,498.25174929999775,498.25174929999775,499.2029676999955,z,1,0.9370448000045144,None,,,,,pp2,001,2025-10-02_00h04.51.144,motor sequence,,2025.1.1,59.9517508303883,2025-10-02 00h05.04.931884 +0530,
-50,x,188,0,47,x,1,0.4543774999983725,None,47,0,188,0,,,,,499.2184963999971,,499.2037377000015,499.2184963999971,500.2018941999995,500.2018941999995,500.2018941999995,500.2018941999995,500.218546600001,501.2192576000016,501.2192576000016,501.6864950999952,x,1,0.4543774999983725,None,,,,,pp2,001,2025-10-02_00h04.51.144,motor sequence,,2025.1.1,59.9517508303883,2025-10-02 00h05.04.931884 +0530,
150,v,189,1,47,v,1,0.8104558999984874,None,47,1,189,1,,,,,501.7019852000012,,501.68722870000056,501.7019852000012,502.7020585999999,502.7020585999999,502.7020585999999,502.7020585999999,502.7020585999999,503.70303859999694,503.70303859999694,504.5197214,v,1,0.8104558999984874,None,,,,,pp2,001,2025-10-02_00h04.51.144,motor sequence,,2025.1.1,59.9517508303883,2025-10-02 00h05.04.931884 +0530,
50,c,190,2,47,c,1,0.4700053000051412,None,47,2,190,2,,,,,504.53594319999684,,504.5204050999964,504.53594319999684,505.5373283000008,505.5373283000008,505.5373283000008,505.5373283000008,505.5373283000008,506.53524849999667,506.53524849999667,507.0193900000013,c,1,0.4700053000051412,None,,,,,pp2,001,2025-10-02_00h04.51.144,motor sequence,,2025.1.1,59.9517508303883,2025-10-02 00h05.04.931884 +0530,
-150,z,191,3,47,z,1,0.5751321999996435,None,47,3,191,3,,,,,507.03534260000015,,507.0200964999967,507.03534260000015,508.0363276999997,508.0363276999997,508.0363276999997,508.0363276999997,508.0363276999997,509.0352472000013,509.0352472000013,509.6189297999954,z,1,0.5751321999996435,None,,,,,pp2,001,2025-10-02_00h04.51.144,motor sequence,,2025.1.1,59.9517508303883,2025-10-02 00h05.04.931884 +0530,
-50,x,192,0,48,x,1,0.7998614000025555,None,48,0,192,0,,,,,509.6352607000008,,509.61918489999516,509.6352607000008,510.6184267999997,510.6184267999997,510.6184267999997,510.6184267999997,510.63512909999554,511.6184013999955,511.6184013999955,512.4191181999995,x,1,0.7998614000025555,None,,,,,pp2,001,2025-10-02_00h04.51.144,motor sequence,,2025.1.1,59.9517508303883,2025-10-02 00h05.04.931884 +0530,
150,v,193,1,48,v,1,0.7731162999989465,None,48,1,193,1,,,,,512.4352313999989,,512.4194849999985,512.4352313999989,513.4185632000008,513.4185632000008,513.4185632000008,513.4185632000008,513.4353076999978,514.4183736999985,514.4183736999985,515.2025963999986,v,1,0.7731162999989465,None,,,,,pp2,001,2025-10-02_00h04.51.144,motor sequence,,2025.1.1,59.9517508303883,2025-10-02 00h05.04.931884 +0530,
50,c,194,2,48,c,1,0.41722139999910723,None,48,2,194,2,,,,,515.2183433999962,,515.2029527999985,515.2183433999962,516.2019192000007,516.2019192000007,516.2019192000007,516.2019192000007,516.218443400001,517.2021055000005,517.2021055000005,517.636119499999,c,1,0.41722139999910723,None,,,,,pp2,001,2025-10-02_00h04.51.144,motor sequence,,2025.1.1,59.9517508303883,2025-10-02 00h05.04.931884 +0530,
-150,z,195,3,48,z,1,0.6031725999928312,None,48,3,195,3,,,,,517.6518552999987,,517.6368135000012,517.6518552999987,518.6352700999996,518.6352700999996,518.6352700999996,518.6352700999996,518.6524472999954,519.6351575000008,519.6351575000008,520.2529643999951,z,1,0.6031725999928312,None,,,,,pp2,001,2025-10-02_00h04.51.144,motor sequence,,2025.1.1,59.9517508303883,2025-10-02 00h05.04.931884 +0530,
-50,x,196,0,49,x,1,0.7122490000037942,None,49,0,196,0,,,,,520.2683036999952,,520.2532575000005,520.2683036999952,521.2683147999996,521.2683147999996,521.2683147999996,521.2683147999996,521.2683147999996,522.268399200002,522.268399200002,522.9858930999981,x,1,0.7122490000037942,None,,,,,pp2,001,2025-10-02_00h04.51.144,motor sequence,,2025.1.1,59.9517508303883,2025-10-02 00h05.04.931884 +0530,
150,v,197,1,49,v,1,2.1714405000020633,None,49,1,197,1,,,,,523.001875199996,,522.9864675999997,523.001875199996,523.9897557000004,523.9897557000004,523.9897557000004,523.9897557000004,524.0023212000015,524.9856014999968,524.9856014999968,527.1694420999993,v,1,2.1714405000020633,None,,,,,pp2,001,2025-10-02_00h04.51.144,motor sequence,,2025.1.1,59.9517508303883,2025-10-02 00h05.04.931884 +0530,
50,c,198,2,49,c,1,1.0384078999995836,None,49,2,198,2,,,,,527.1851421999963,,527.1699357999969,527.1851421999963,528.1685701999959,528.1685701999959,528.1685701999959,528.1685701999959,528.1852950999964,529.1685047999999,529.1685047999999,530.2191032999981,c,1,1.0384078999995836,None,,,,,pp2,001,2025-10-02_00h04.51.144,motor sequence,,2025.1.1,59.9517508303883,2025-10-02 00h05.04.931884 +0530,
-150,z,199,3,49,z,1,1.1844481999942218,None,49,3,199,3,,,,,530.2356299999956,,530.2199193999986,530.2356299999956,531.2185048999963,531.2185048999963,531.2185048999963,531.2185048999963,531.2352316999968,532.218478499999,532.218478499999,533.4190572000007,z,1,1.1844481999942218,None,,,,,pp2,001,2025-10-02_00h04.51.144,motor sequence,,2025.1.1,59.9517508303883,2025-10-02 00h05.04.931884 +0530,
-50,x,0,0,0,x,1,0.7526418999987072,None,,,,,0,0,0,0,533.4353077999986,,533.4251365999953,533.4353077999986,534.4184051999982,534.4184051999982,534.4184051999982,534.4184051999982,534.435224199995,535.4184146999978,535.4184146999978,536.1861561999976,,,,,x,1,0.7526418999987072,None,pp2,001,2025-10-02_00h04.51.144,motor sequence,,2025.1.1,59.9517508303883,2025-10-02 00h05.04.931884 +0530,
150,v,1,1,0,v,1,0.7175719000006211,None,,,,,0,1,1,1,536.201999799996,,536.1868235000002,536.201999799996,537.2018362999952,537.2018362999952,537.2018362999952,537.2018362999952,537.2018362999952,538.2019538999957,538.2019538999957,538.9364306999996,,,,,v,1,0.7175719000006211,None,pp2,001,2025-10-02_00h04.51.144,motor sequence,,2025.1.1,59.9517508303883,2025-10-02 00h05.04.931884 +0530,
50,c,2,2,0,c,1,0.3956652999986545,None,,,,,0,2,2,2,538.9520859999975,,538.9368264000004,538.9520859999975,539.9518217000004,539.9518217000004,539.9518217000004,539.9518217000004,539.9518217000004,540.951888399999,540.951888399999,541.3527915000013,,,,,c,1,0.3956652999986545,None,pp2,001,2025-10-02_00h04.51.144,motor sequence,,2025.1.1,59.9517508303883,2025-10-02 00h05.04.931884 +0530,
-50,x,3,3,1,x,1,0.9357022999975015,None,,,,,1,3,3,0,541.3683947999962,,541.3535769000009,541.3683947999962,542.3519403999962,542.3519403999962,542.3519403999962,542.3519403999962,542.3684371999989,543.3519688000015,543.3519688000015,544.3025072999953,,,,,x,1,0.9357022999975015,None,pp2,001,2025-10-02_00h04.51.144,motor sequence,,2025.1.1,59.9517508303883,2025-10-02 00h05.04.931884 +0530,
-150,z,4,4,0,z,1,1.0242407999976422,None,,,,,0,4,4,3,544.3184581999958,,544.3029604999974,544.3184581999958,545.3019974999988,545.3019974999988,545.3019974999988,545.3019974999988,545.3184687999965,546.3018923999989,546.3018923999989,547.3359740000014,,,,,z,1,1.0242407999976422,None,pp2,001,2025-10-02_00h04.51.144,motor sequence,,2025.1.1,59.9517508303883,2025-10-02 00h05.04.931884 +0530,
-150,z,5,5,1,z,1,0.8750939000019571,None,,,,,1,5,5,3,547.3519796999972,,547.3364430000001,547.3519796999972,548.3517435999966,548.3517435999966,548.3517435999966,548.3517435999966,548.3517435999966,549.3352719999966,549.3352719999966,550.219351599997,,,,,z,1,0.8750939000019571,None,pp2,001,2025-10-02_00h04.51.144,motor sequence,,2025.1.1,59.9517508303883,2025-10-02 00h05.04.931884 +0530,
-150,z,6,6,2,z,1,0.6113508999987971,None,,,,,2,6,6,3,550.2358547999975,,550.2200015999988,550.2358547999975,551.2186552999992,551.2186552999992,551.2186552999992,551.2186552999992,551.2352591999952,552.2192438999991,552.2192438999991,552.8356568999952,,,,,z,1,0.6113508999987971,None,pp2,001,2025-10-02_00h04.51.144,motor sequence,,2025.1.1,59.9517508303883,2025-10-02 00h05.04.931884 +0530,
50,c,7,7,1,c,1,1.4997473999974318,None,,,,,1,7,7,2,552.8526734999978,,552.8360163999969,552.8526734999978,553.8352598999991,553.8352598999991,553.8352598999991,553.8352598999991,553.8519012999968,554.835098800002,554.835098800002,556.3359167999952,,,,,c,1,1.4997473999974318,None,pp2,001,2025-10-02_00h04.51.144,motor sequence,,2025.1.1,59.9517508303883,2025-10-02 00h05.04.931884 +0530,
50,c,8,8,2,c,1,0.4545589000044856,None,,,,,2,8,8,2,556.3519939999969,,556.3362676999968,556.3519939999969,557.3352613999959,557.3352613999959,557.3352613999959,557.3352613999959,557.3518334999972,558.3353292999964,558.3353292999964,558.8023545999968,,,,,c,1,0.4545589000044856,None,pp2,001,2025-10-02_00h04.51.144,motor sequence,,2025.1.1,59.9517508303883,2025-10-02 00h05.04.931884 +0530,
50,c,9,9,3,c,1,0.4684826000011526,None,,,,,3,9,9,2,558.8185254999989,,558.8026604999977,558.8185254999989,559.8018283999991,559.8018283999991,559.8018283999991,559.8018283999991,559.8184493000008,560.8018987999967,560.8018987999967,561.2858246999967,,,,,c,1,0.4684826000011526,None,pp2,001,2025-10-02_00h04.51.144,motor sequence,,2025.1.1,59.9517508303883,2025-10-02 00h05.04.931884 +0530,
50,c,10,10,4,c,1,0.4689747000011266,None,,,,,4,10,10,2,561.3023040999979,,561.2862296999956,561.3023040999979,562.2851625999974,562.2851625999974,562.2851625999974,562.2851625999974,562.302797999997,563.2851692999975,563.2851692999975,563.7689662999983,,,,,c,1,0.4689747000011266,None,pp2,001,2025-10-02_00h04.51.144,motor sequence,,2025.1.1,59.9517508303883,2025-10-02 00h05.04.931884 +0530,
50,c,11,11,5,c,1,0.48457300000154646,None,,,,,5,11,11,2,563.7854481999966,,563.7693884999971,563.7854481999966,564.7685742999965,564.7685742999965,564.7685742999965,564.7685742999965,564.7852794999999,565.7683767999988,565.7683767999988,566.2694503000021,,,,,c,1,0.48457300000154646,None,pp2,001,2025-10-02_00h04.51.144,motor sequence,,2025.1.1,59.9517508303883,2025-10-02 00h05.04.931884 +0530,
50,c,12,12,6,c,1,0.3918191000047955,None,,,,,6,12,12,2,566.285146299997,,566.2700538999998,566.285146299997,567.2690165999957,567.2690165999957,567.2690165999957,567.2690165999957,567.2851335000014,568.2684747999956,568.2684747999956,568.6692254000009,,,,,c,1,0.3918191000047955,None,pp2,001,2025-10-02_00h04.51.144,motor sequence,,2025.1.1,59.9517508303883,2025-10-02 00h05.04.931884 +0530,
50,c,13,13,7,c,1,0.4444303999989643,None,,,,,7,13,13,2,568.6851165999979,,568.6695830999961,568.6851165999979,569.668576600001,569.668576600001,569.668576600001,569.668576600001,569.6852209999997,570.6684177999996,570.6684177999996,571.1207069000011,,,,,c,1,0.4444303999989643,None,pp2,001,2025-10-02_00h04.51.144,motor sequence,,2025.1.1,59.9517508303883,2025-10-02 00h05.04.931884 +0530,
-50,x,14,14,2,x,1,1.1149873999966076,None,,,,,2,14,14,0,571.1361977999986,,571.121865299996,571.1361977999986,572.1353105000017,572.1353105000017,572.1353105000017,572.1353105000017,572.1519531000013,573.1352119000003,573.1352119000003,574.2529823000004,,,,,x,1,1.1149873999966076,None,pp2,001,2025-10-02_00h04.51.144,motor sequence,,2025.1.1,59.9517508303883,2025-10-02 00h05.04.931884 +0530,
-150,z,15,15,3,z,1,0.973411600003601,None,,,,,3,15,15,3,574.2694867999962,,574.2537721999979,574.2694867999962,575.2683695999949,575.2683695999949,575.2683695999949,575.2683695999949,575.2683695999949,576.2518440999993,576.2518440999993,577.236238999998,,,,,z,1,0.973411600003601,None,pp2,001,2025-10-02_00h04.51.144,motor sequence,,2025.1.1,59.9517508303883,2025-10-02 00h05.04.931884 +0530,
-150,z,16,16,4,z,1,0.7889962999979616,None,,,,,4,16,16,3,577.2518978000007,,577.2366099999999,577.2518978000007,578.2352639999954,578.2352639999954,578.2352639999954,578.2352639999954,578.2519881999979,579.2519479999974,579.2519479999974,580.0525396000012,,,,,z,1,0.7889962999979616,None,pp2,001,2025-10-02_00h04.51.144,motor sequence,,2025.1.1,59.9517508303883,2025-10-02 00h05.04.931884 +0530,
-50,x,17,17,3,x,1,0.5513267000060296,None,,,,,3,17,17,0,580.0684655000005,,580.0533467999994,580.0684655000005,581.0519605000009,581.0519605000009,581.0519605000009,581.0519605000009,581.0684669999973,582.0519434999951,582.0519434999951,582.6191669999971,,,,,x,1,0.5513267000060296,None,pp2,001,2025-10-02_00h04.51.144,motor sequence,,2025.1.1,59.9517508303883,2025-10-02 00h05.04.931884 +0530,
150,v,18,18,1,v,1,0.9984781999955885,None,,,,,1,18,18,1,582.6355767999994,,582.6196215999953,582.6355767999994,583.618364599999,583.618364599999,583.618364599999,583.618364599999,583.6351796000017,584.6189549999981,584.6189549999981,585.6190059,,,,,v,1,0.9984781999955885,None,pp2,001,2025-10-02_00h04.51.144,motor sequence,,2025.1.1,59.9517508303883,2025-10-02 00h05.04.931884 +0530,
-50,x,19,19,4,x,1,0.8032721999989008,None,,,,,4,19,19,0,585.635829699997,,585.6196482000014,585.635829699997,586.618303700001,586.618303700001,586.618303700001,586.618303700001,586.6352151999963,587.6184300999957,587.6184300999957,588.4357793000017,,,,,x,1,0.8032721999989008,None,pp2,001,2025-10-02_00h04.51.144,motor sequence,,2025.1.1,59.9517508303883,2025-10-02 00h05.04.931884 +0530,
-50,x,20,20,5,x,1,0.5814230000032694,None,,,,,5,20,20,0,588.4521496000016,,588.4361988999954,588.4521496000016,589.4352665999977,589.4352665999977,589.4352665999977,589.4352665999977,589.4517278999992,590.435287399996,590.435287399996,591.0192343000017,,,,,x,1,0.5814230000032694,None,pp2,001,2025-10-02_00h04.51.144,motor sequence,,2025.1.1,59.9517508303883,2025-10-02 00h05.04.931884 +0530,
50,c,21,21,8,c,1,1.0634589000037522,None,,,,,8,21,21,2,591.0364577,,591.0195852999968,591.0364577,592.0187016999989,592.0187016999989,592.0187016999989,592.0187016999989,592.0525775999995,593.0191970999949,593.0191970999949,594.0856041000006,,,,,c,1,1.0634589000037522,None,pp2,001,2025-10-02_00h04.51.144,motor sequence,,2025.1.1,59.9517508303883,2025-10-02 00h05.04.931884 +0530,
-50,x,22,22,6,x,1,1.2470203999982914,None,,,,,6,22,22,0,594.1018385999996,,594.0860307999974,594.1018385999996,595.0853893999956,595.0853893999956,595.0853893999956,595.0853893999956,595.1018603999983,596.0856386999949,596.0856386999949,597.3362351999967,,,,,x,1,1.2470203999982914,None,pp2,001,2025-10-02_00h04.51.144,motor sequence,,2025.1.1,59.9517508303883,2025-10-02 00h05.04.931884 +0530,
-150,z,23,23,5,z,1,0.6988005999955931,None,,,,,5,23,23,3,597.3520322999975,,597.3369946999956,597.3520322999975,598.3528891999958,598.3528891999958,598.3528891999958,598.3528891999958,598.3528891999958,599.3519801000002,599.3519801000002,600.0523990000002,,,,,z,1,0.6988005999955931,None,pp2,001,2025-10-02_00h04.51.144,motor sequence,,2025.1.1,59.9517508303883,2025-10-02 00h05.04.931884 +0530,
50,c,24,24,9,c,1,0.8277727000022423,None,,,,,9,24,24,2,600.068362799997,,600.0529233999987,600.068362799997,601.0518144999951,601.0518144999951,601.0518144999951,601.0518144999951,601.0683768000017,602.0517255000013,602.0517255000013,602.8858980000005,,,,,c,1,0.8277727000022423,None,pp2,001,2025-10-02_00h04.51.144,motor sequence,,2025.1.1,59.9517508303883,2025-10-02 00h05.04.931884 +0530,
-50,x,25,25,7,x,1,0.613264400002663,None,,,,,7,25,25,0,602.9018140999979,,602.8863364999997,602.9018140999979,603.8852837000013,603.8852837000013,603.8852837000013,603.8852837000013,603.9018742999979,604.8853467000008,604.8853467000008,605.5024449999983,,,,,x,1,0.613264400002663,None,pp2,001,2025-10-02_00h04.51.144,motor sequence,,2025.1.1,59.9517508303883,2025-10-02 00h05.04.931884 +0530,
-150,z,26,26,6,z,1,1.0511638000025414,None,,,,,6,26,26,3,605.5184653999968,,605.5028149999998,605.5184653999968,606.5018793999989,606.5018793999989,606.5018793999989,606.5018793999989,606.5183868999957,607.501929799997,607.501929799997,608.5692674999955,,,,,z,1,1.0511638000025414,None,pp2,001,2025-10-02_00h04.51.144,motor sequence,,2025.1.1,59.9517508303883,2025-10-02 00h05.04.931884 +0530,
150,v,27,27,2,v,1,0.8377363000035984,None,,,,,2,27,27,1,608.5852856999991,,608.5698483000015,608.5852856999991,609.5685337999967,609.5685337999967,609.5685337999967,609.5685337999967,609.5850868999987,610.5685936000009,610.5685936000009,611.419407399997,,,,,v,1,0.8377363000035984,None,pp2,001,2025-10-02_00h04.51.144,motor sequence,,2025.1.1,59.9517508303883,2025-10-02 00h05.04.931884 +0530,
150,v,28,28,3,v,1,0.6844223999942187,None,,,,,3,28,28,1,611.4350855000012,,611.4199023999972,611.4350855000012,612.4185435999971,612.4185435999971,612.4185435999971,612.4185435999971,612.4352252999961,613.4184430999958,613.4184430999958,614.1193122999975,,,,,v,1,0.6844223999942187,None,pp2,001,2025-10-02_00h04.51.144,motor sequence,,2025.1.1,59.9517508303883,2025-10-02 00h05.04.931884 +0530,
-50,x,29,29,8,x,1,0.7544372000047588,None,,,,,8,29,29,0,614.1353804999962,,614.1198728999952,614.1353804999962,615.1184189999985,615.1184189999985,615.1184189999985,615.1184189999985,615.1351787999956,616.1185353999972,616.1185353999972,616.8860847999968,,,,,x,1,0.7544372000047588,None,pp2,001,2025-10-02_00h04.51.144,motor sequence,,2025.1.1,59.9517508303883,2025-10-02 00h05.04.931884 +0530,
150,v,30,30,4,v,1,0.5928161999981967,None,,,,,4,30,30,1,616.9020133000013,,616.8866750000016,616.9020133000013,617.9020464999994,617.9020464999994,617.9020464999994,617.9020464999994,617.9020464999994,618.9019257999971,618.9019257999971,619.5029656999977,,,,,v,1,0.5928161999981967,None,pp2,001,2025-10-02_00h04.51.144,motor sequence,,2025.1.1,59.9517508303883,2025-10-02 00h05.04.931884 +0530,
50,c,31,31,10,c,1,0.9124002999960794,None,,,,,10,31,31,2,619.518487399997,,619.5038206999961,619.518487399997,620.5183099999995,620.5183099999995,620.5183099999995,620.5183099999995,620.5183099999995,621.5186115999968,621.5186115999968,622.4358237999986,,,,,c,1,0.9124002999960794,None,pp2,001,2025-10-02_00h04.51.144,motor sequence,,2025.1.1,59.9517508303883,2025-10-02 00h05.04.931884 +0530,
50,c,32,32,11,c,1,0.6445730999985244,None,,,,,11,32,32,2,622.4519332999989,,622.4361650999999,622.4519332999989,623.435667400001,623.435667400001,623.435667400001,623.435667400001,623.4519241000016,624.4352560999978,624.4352560999978,625.0858385999964,,,,,c,1,0.6445730999985244,None,pp2,001,2025-10-02_00h04.51.144,motor sequence,,2025.1.1,59.9517508303883,2025-10-02 00h05.04.931884 +0530,
-50,x,33,33,9,x,1,0.7202598000003491,None,,,,,9,33,33,0,625.102092299996,,625.0865625000006,625.102092299996,626.085394099995,626.085394099995,626.085394099995,626.085394099995,626.1019919999962,627.0853299000009,627.0853299000009,627.8192301000017,,,,,x,1,0.7202598000003491,None,pp2,001,2025-10-02_00h04.51.144,motor sequence,,2025.1.1,59.9517508303883,2025-10-02 00h05.04.931884 +0530,
-150,z,34,34,7,z,1,0.8758968000038294,None,,,,,7,34,34,3,627.8353551999971,,627.8197310999967,627.8353551999971,628.8185631000015,628.8185631000015,628.8185631000015,628.8185631000015,628.8352660999954,629.818723999997,629.818723999997,630.7030027000001,,,,,z,1,0.8758968000038294,None,pp2,001,2025-10-02_00h04.51.144,motor sequence,,2025.1.1,59.9517508303883,2025-10-02 00h05.04.931884 +0530,
-150,z,35,35,8,z,1,0.8016554999994696,None,,,,,8,35,35,3,630.7183828999987,,630.7036471999963,630.7183828999987,631.7183234999975,631.7183234999975,631.7183234999975,631.7183234999975,631.7183234999975,632.7184992999973,632.7184992999973,633.5359303000005,,,,,z,1,0.8016554999994696,None,pp2,001,2025-10-02_00h04.51.144,motor sequence,,2025.1.1,59.9517508303883,2025-10-02 00h05.04.931884 +0530,
150,v,36,36,5,v,1,0.7541962000032072,None,,,,,5,36,36,1,633.5519036999976,,633.536309199997,633.5519036999976,634.5356049999973,634.5356049999973,634.5356049999973,634.5356049999973,634.551839300002,635.5354432999957,635.5354432999957,636.3027653999961,,,,,v,1,0.7541962000032072,None,pp2,001,2025-10-02_00h04.51.144,motor sequence,,2025.1.1,59.9517508303883,2025-10-02 00h05.04.931884 +0530,
-150,z,37,37,9,z,1,0.7263492999991286,None,,,,,9,37,37,3,636.3183860999998,,636.3036313999983,636.3183860999998,637.302001600001,637.302001600001,637.302001600001,637.302001600001,637.3186194000009,638.3018770999988,638.3018770999988,639.0360935999997,,,,,z,1,0.7263492999991286,None,pp2,001,2025-10-02_00h04.51.144,motor sequence,,2025.1.1,59.9517508303883,2025-10-02 00h05.04.931884 +0530,
-150,z,38,38,10,z,1,0.6370192000031238,None,,,,,10,38,38,3,639.0520976999978,,639.0366119999962,639.0520976999978,640.0354622000013,640.0354622000013,640.0354622000013,640.0354622000013,640.0520352999956,641.035309699997,641.035309699997,641.6866391000003,,,,,z,1,0.6370192000031238,None,pp2,001,2025-10-02_00h04.51.144,motor sequence,,2025.1.1,59.9517508303883,2025-10-02 00h05.04.931884 +0530,
150,v,39,39,6,v,1,0.7203737999952864,None,,,,,6,39,39,1,641.7019626999972,,641.6876598000017,641.7019626999972,642.701768400002,642.701768400002,642.701768400002,642.701768400002,642.701768400002,643.7020231999995,643.7020231999995,644.4359350000013,,,,,v,1,0.7203737999952864,None,pp2,001,2025-10-02_00h04.51.144,motor sequence,,2025.1.1,59.9517508303883,2025-10-02 00h05.04.931884 +0530,
150,v,40,40,7,v,1,1.0065130000002682,None,,,,,7,40,40,1,644.4518093000006,,644.436343399997,644.4518093000006,645.4352968999956,645.4352968999956,645.4352968999956,645.4352968999956,645.4527428000001,646.4351964000016,646.4351964000016,647.4526732000013,,,,,v,1,1.0065130000002682,None,pp2,001,2025-10-02_00h04.51.144,motor sequence,,2025.1.1,59.9517508303883,2025-10-02 00h05.04.931884 +0530,
50,c,41,41,12,c,1,1.0630486000009114,None,,,,,12,41,41,2,647.4685753000012,,647.4532523000016,647.4685753000012,648.4520728999996,648.4520728999996,648.4520728999996,648.4520728999996,648.4686150999987,649.4517896999969,649.4517896999969,650.5191907999979,,,,,c,1,1.0630486000009114,None,pp2,001,2025-10-02_00h04.51.144,motor sequence,,2025.1.1,59.9517508303883,2025-10-02 00h05.04.931884 +0530,
150,v,42,42,8,v,1,0.47676530000171624,None,,,,,8,42,42,1,650.5353544999962,,650.5196030000006,650.5353544999962,651.5189976999973,651.5189976999973,651.5189976999973,651.5189976999973,651.5353400999957,652.5184028000003,652.5184028000003,653.0023753999994,,,,,v,1,0.47676530000171624,None,pp2,001,2025-10-02_00h04.51.144,motor sequence,,2025.1.1,59.9517508303883,2025-10-02 00h05.04.931884 +0530,
-150,z,43,43,11,z,1,0.7881029999989551,None,,,,,11,43,43,3,653.0189938999974,,653.0028192999962,653.0189938999974,654.0020463999972,654.0020463999972,654.0020463999972,654.0020463999972,654.0184685999993,655.0019247999953,655.0019247999953,655.8032401000019,,,,,z,1,0.7881029999989551,None,pp2,001,2025-10-02_00h04.51.144,motor sequence,,2025.1.1,59.9517508303883,2025-10-02 00h05.04.931884 +0530,
-50,x,44,44,10,x,1,0.6708046999992803,None,,,,,10,44,44,0,655.8190990000003,,655.8035167999988,655.8190990000003,656.8185774000012,656.8185774000012,656.8185774000012,656.8185774000012,656.8185774000012,657.8185592000009,657.8185592000009,658.5027667999966,,,,,x,1,0.6708046999992803,None,pp2,001,2025-10-02_00h04.51.144,motor sequence,,2025.1.1,59.9517508303883,2025-10-02 00h05.04.931884 +0530,
150,v,45,45,9,v,1,0.743114400000195,None,,,,,9,45,45,1,658.5207569999984,,658.5034679999953,658.5207569999984,659.5018765999994,659.5018765999994,659.5018765999994,659.5018765999994,659.5351823000019,660.5019352000018,660.5019352000018,661.2528449999954,,,,,v,1,0.743114400000195,None,pp2,001,2025-10-02_00h04.51.144,motor sequence,,2025.1.1,59.9517508303883,2025-10-02 00h05.04.931884 +0530,
-50,x,46,46,11,x,1,0.611146600000211,None,,,,,11,46,46,0,661.2686280999988,,661.2533602999974,661.2686280999988,662.2520742999986,662.2520742999986,662.2520742999986,662.2520742999986,662.2686413999982,663.2684399999998,663.2684399999998,663.8868196999974,,,,,x,1,0.611146600000211,None,pp2,001,2025-10-02_00h04.51.144,motor sequence,,2025.1.1,59.9517508303883,2025-10-02 00h05.04.931884 +0530,
-50,x,47,47,12,x,1,0.5950308999963454,None,,,,,12,47,47,0,663.9020177999992,,663.8873191000021,663.9020177999992,664.9019746999984,664.9019746999984,664.9019746999984,664.9019746999984,664.9019746999984,665.9021353999997,665.9021353999997,666.502819100002,,,,,x,1,0.5950308999963454,None,pp2,001,2025-10-02_00h04.51.144,motor sequence,,2025.1.1,59.9517508303883,2025-10-02 00h05.04.931884 +0530,
-50,x,48,48,13,x,1,0.43759549999958836,None,,,,,13,48,48,0,666.518419,,666.5031545999955,666.518419,667.5027571999963,667.5027571999963,667.5027571999963,667.5027571999963,667.5183307999978,668.5019323000015,668.5019323000015,668.9527454999989,,,,,x,1,0.43759549999958836,None,pp2,001,2025-10-02_00h04.51.144,motor sequence,,2025.1.1,59.9517508303883,2025-10-02 00h05.04.931884 +0530,
-50,x,49,49,14,x,1,0.46767349999572616,None,,,,,14,49,49,0,668.968893199999,,668.9530232999969,668.968893199999,669.9519348999966,669.9519348999966,669.9519348999966,669.9519348999966,669.9683359999981,670.968458299998,670.968458299998,671.4527965000016,,,,,x,1,0.46767349999572616,None,pp2,001,2025-10-02_00h04.51.144,motor sequence,,2025.1.1,59.9517508303883,2025-10-02 00h05.04.931884 +0530,
50,c,50,50,13,c,1,0.7044653999982984,None,,,,,13,50,50,2,671.4683984000003,,671.4533112999998,671.4683984000003,672.4683988999968,672.4683988999968,672.4683988999968,672.4683988999968,672.4683988999968,673.4518911999985,673.4518911999985,674.1691527000003,,,,,c,1,0.7044653999982984,None,pp2,001,2025-10-02_00h04.51.144,motor sequence,,2025.1.1,59.9517508303883,2025-10-02 00h05.04.931884 +0530,
-150,z,51,51,12,z,1,0.8234244000050239,None,,,,,12,51,51,3,674.1853179999962,,674.1695619999955,674.1853179999962,675.1685176999963,675.1685176999963,675.1685176999963,675.1685176999963,675.1853237999967,676.1683231999996,676.1683231999996,677.0027749000001,,,,,z,1,0.8234244000050239,None,pp2,001,2025-10-02_00h04.51.144,motor sequence,,2025.1.1,59.9517508303883,2025-10-02 00h05.04.931884 +0530,
50,c,52,52,14,c,1,0.6606784000032349,None,,,,,14,52,52,2,677.0185945999983,,677.0032452000014,677.0185945999983,678.002052799995,678.002052799995,678.002052799995,678.002052799995,678.0184518999959,679.0028412999964,679.0028412999964,679.6689693000008,,,,,c,1,0.6606784000032349,None,pp2,001,2025-10-02_00h04.51.144,motor sequence,,2025.1.1,59.9517508303883,2025-10-02 00h05.04.931884 +0530,
150,v,53,53,10,v,1,0.8220934000055422,None,,,,,10,53,53,1,679.6853775999989,,679.669369700001,679.6853775999989,680.6685183000009,680.6685183000009,680.6685183000009,680.6685183000009,680.6852616999968,681.6685651000007,681.6685651000007,682.5026146999953,,,,,v,1,0.8220934000055422,None,pp2,001,2025-10-02_00h04.51.144,motor sequence,,2025.1.1,59.9517508303883,2025-10-02 00h05.04.931884 +0530,
150,v,54,54,11,v,1,0.633126299995638,None,,,,,11,54,54,1,682.5182973999981,,682.503109199999,682.5182973999981,683.5018902000011,683.5018902000011,683.5018902000011,683.5018902000011,683.518554000002,684.5018036999973,684.5018036999973,685.1357472000018,,,,,v,1,0.633126299995638,None,pp2,001,2025-10-02_00h04.51.144,motor sequence,,2025.1.1,59.9517508303883,2025-10-02 00h05.04.931884 +0530,
50,c,55,55,15,c,1,0.8979408000013791,None,,,,,15,55,55,2,685.151840999999,,685.1361189000017,685.151840999999,686.1353420999949,686.1353420999949,686.1353420999949,686.1353420999949,686.1520898999952,687.1352681999997,687.1352681999997,688.0359634999986,,,,,c,1,0.8979408000013791,None,pp2,001,2025-10-02_00h04.51.144,motor sequence,,2025.1.1,59.9517508303883,2025-10-02 00h05.04.931884 +0530,
-50,x,56,56,15,x,1,1.2335414999979548,None,,,,,15,56,56,0,688.0520248999965,,688.0365717999957,688.0520248999965,689.035266699997,689.035266699997,689.035266699997,689.035266699997,689.0521015999984,690.0352458999987,690.0352458999987,691.2696164000008,,,,,x,1,1.2335414999979548,None,pp2,001,2025-10-02_00h04.51.144,motor sequence,,2025.1.1,59.9517508303883,2025-10-02 00h05.04.931884 +0530,
-50,x,57,57,16,x,1,0.6887978000013391,None,,,,,16,57,57,0,691.2852942999962,,691.2699920999949,691.2852942999962,692.2852207999968,692.2852207999968,692.2852207999968,692.2852207999968,692.2852207999968,693.2683839999954,693.2683839999954,693.969350899999,,,,,x,1,0.6887978000013391,None,pp2,001,2025-10-02_00h04.51.144,motor sequence,,2025.1.1,59.9517508303883,2025-10-02 00h05.04.931884 +0530,
50,c,58,58,16,c,1,0.5883211000036681,None,,,,,16,58,58,2,693.9852871999974,,693.9702087999976,693.9852871999974,694.9686655999976,694.9686655999976,694.9686655999976,694.9686655999976,694.9850710999963,695.968443400001,695.968443400001,696.5692077999993,,,,,c,1,0.5883211000036681,None,pp2,001,2025-10-02_00h04.51.144,motor sequence,,2025.1.1,59.9517508303883,2025-10-02 00h05.04.931884 +0530,
150,v,59,59,12,v,1,0.7152235999965342,None,,,,,12,59,59,1,696.5852427999998,,696.5698965999982,696.5852427999998,697.568729599996,697.568729599996,697.568729599996,697.568729599996,697.5853308000005,698.5684207000013,698.5684207000013,699.2860839999994,,,,,v,1,0.7152235999965342,None,pp2,001,2025-10-02_00h04.51.144,motor sequence,,2025.1.1,59.9517508303883,2025-10-02 00h05.04.931884 +0530,
50,c,60,60,17,c,1,0.48342650000267895,None,,,,,17,60,60,2,699.3020699999979,,699.2866065999988,699.3020699999979,700.2853911999991,700.2853911999991,700.2853911999991,700.2853911999991,700.3020243999999,701.2853357999993,701.2853357999993,701.7698235999997,,,,,c,1,0.48342650000267895,None,pp2,001,2025-10-02_00h04.51.144,motor sequence,,2025.1.1,59.9517508303883,2025-10-02 00h05.04.931884 +0530,
-50,x,61,61,17,x,1,0.6957161000027554,None,,,,,17,61,61,0,701.785203200001,,701.7701568999983,701.785203200001,702.7851817999981,702.7851817999981,702.7851817999981,702.7851817999981,702.7851817999981,703.7858036999969,703.7858036999969,704.486124899995,,,,,x,1,0.6957161000027554,None,pp2,001,2025-10-02_00h04.51.144,motor sequence,,2025.1.1,59.9517508303883,2025-10-02 00h05.04.931884 +0530,
-150,z,62,62,13,z,1,0.9581629999956931,None,,,,,13,62,62,3,704.5021218999973,,704.4871018999984,704.5021218999973,705.4853143,705.4853143,705.4853143,705.4853143,705.5018531999958,706.5020850000001,706.5020850000001,707.4690566999998,,,,,z,1,0.9581629999956931,None,pp2,001,2025-10-02_00h04.51.144,motor sequence,,2025.1.1,59.9517508303883,2025-10-02 00h05.04.931884 +0530,
50,c,63,63,18,c,1,1.5985617000042112,None,,,,,18,63,63,2,707.4853235999981,,707.4693513999955,707.4853235999981,708.4684358000013,708.4684358000013,708.4684358000013,708.4684358000013,708.485196900001,709.4686344000002,709.4686344000002,711.0688616999978,,,,,c,1,1.5985617000042112,None,pp2,001,2025-10-02_00h04.51.144,motor sequence,,2025.1.1,59.9517508303883,2025-10-02 00h05.04.931884 +0530,
50,c,64,64,19,c,1,0.5888331999958609,None,,,,,19,64,64,2,711.0852510999975,,711.069228100001,711.0852510999975,712.068746099998,712.068746099998,712.068746099998,712.068746099998,712.0854754999964,713.0686778999952,713.0686778999952,713.669759299999,,,,,c,1,0.5888331999958609,None,pp2,001,2025-10-02_00h04.51.144,motor sequence,,2025.1.1,59.9517508303883,2025-10-02 00h05.04.931884 +0530,
-50,x,65,65,18,x,1,0.8192908000055468,None,,,,,18,65,65,0,713.6853866999954,,713.6706062000012,713.6853866999954,714.671248599996,714.671248599996,714.671248599996,714.671248599996,714.6853611999977,715.6852462999959,715.6852462999959,716.5191503999959,,,,,x,1,0.8192908000055468,None,pp2,001,2025-10-02_00h04.51.144,motor sequence,,2025.1.1,59.9517508303883,2025-10-02 00h05.04.931884 +0530,
-50,x,66,66,19,x,1,0.5643142999979318,None,,,,,19,66,66,0,716.5354107999956,,716.5195224999989,716.5354107999956,717.5184779999981,717.5184779999981,717.5184779999981,717.5184779999981,717.5353551000007,718.5186383999971,718.5186383999971,719.0857579000003,,,,,x,1,0.5643142999979318,None,pp2,001,2025-10-02_00h04.51.144,motor sequence,,2025.1.1,59.9517508303883,2025-10-02 00h05.04.931884 +0530,
-50,x,67,67,20,x,1,0.5219412000005832,None,,,,,20,67,67,0,719.102049299996,,719.0861157999971,719.102049299996,720.0855054999993,720.0855054999993,720.0855054999993,720.0855054999993,720.1019951999988,721.0852640000012,721.0852640000012,721.6189833999961,,,,,x,1,0.5219412000005832,None,pp2,001,2025-10-02_00h04.51.144,motor sequence,,2025.1.1,59.9517508303883,2025-10-02 00h05.04.931884 +0530,
150,v,68,68,13,v,1,0.795250399998622,None,,,,,13,68,68,1,721.6353748999973,,721.6193042999948,721.6353748999973,722.6193463999953,722.6193463999953,722.6193463999953,722.6193463999953,722.635405699999,723.6187926999992,723.6187926999992,724.4191997000016,,,,,v,1,0.795250399998622,None,pp2,001,2025-10-02_00h04.51.144,motor sequence,,2025.1.1,59.9517508303883,2025-10-02 00h05.04.931884 +0530,
150,v,69,69,14,v,1,1.2782062999976915,None,,,,,14,69,69,1,724.4357145999966,,724.4196192999952,724.4357145999966,725.418614299997,725.418614299997,725.418614299997,725.418614299997,725.4352813000005,726.4185264999978,726.4185264999978,727.7028161999988,,,,,v,1,1.2782062999976915,None,pp2,001,2025-10-02_00h04.51.144,motor sequence,,2025.1.1,59.9517508303883,2025-10-02 00h05.04.931884 +0530,
-150,z,70,70,14,z,1,0.978294200001983,None,,,,,14,70,70,3,727.7185909999971,,727.7035082000002,727.7185909999971,728.7022418999986,728.7022418999986,728.7022418999986,728.7022418999986,728.7186518000017,729.7020018999974,729.7020018999974,730.6861441000001,,,,,z,1,0.978294200001983,None,pp2,001,2025-10-02_00h04.51.144,motor sequence,,2025.1.1,59.9517508303883,2025-10-02 00h05.04.931884 +0530,
-50,x,71,71,21,x,1,0.9511893000017153,None,,,,,21,71,71,0,730.7022522999978,,730.6868690999981,730.7022522999978,731.6852517000007,731.6852517000007,731.6852517000007,731.6852517000007,731.7021524000011,732.7020358000009,732.7020358000009,733.6692982999957,,,,,x,1,0.9511893000017153,None,pp2,001,2025-10-02_00h04.51.144,motor sequence,,2025.1.1,59.9517508303883,2025-10-02 00h05.04.931884 +0530,
-150,z,72,72,15,z,1,1.1673548000035225,None,,,,,15,72,72,3,733.6852318000019,,733.6695599999948,733.6852318000019,734.6686227999962,734.6686227999962,734.6686227999962,734.6686227999962,734.6854878000013,735.6684499999974,735.6684499999974,736.8524300999998,,,,,z,1,1.1673548000035225,None,pp2,001,2025-10-02_00h04.51.144,motor sequence,,2025.1.1,59.9517508303883,2025-10-02 00h05.04.931884 +0530,
150,v,73,73,15,v,1,0.9164954000007128,None,,,,,15,73,73,1,736.8687210999997,,736.8528357999967,736.8687210999997,737.8519479999959,737.8519479999959,737.8519479999959,737.8519479999959,737.8684873999955,738.8522157999978,738.8522157999978,739.7696671000012,,,,,v,1,0.9164954000007128,None,pp2,001,2025-10-02_00h04.51.144,motor sequence,,2025.1.1,59.9517508303883,2025-10-02 00h05.04.931884 +0530,
-50,x,74,74,22,x,1,1.043659100003424,None,,,,,22,74,74,0,739.7854630000002,,739.770163299996,739.7854630000002,740.7854357999968,740.7854357999968,740.7854357999968,740.7854357999968,740.7854357999968,741.7852273999961,741.7852273999961,742.835980799995,,,,,x,1,1.043659100003424,None,pp2,001,2025-10-02_00h04.51.144,motor sequence,,2025.1.1,59.9517508303883,2025-10-02 00h05.04.931884 +0530,
-50,x,75,75,23,x,1,0.7342925000048126,None,,,,,23,75,75,0,742.8521221999981,,742.8364696999997,742.8521221999981,743.8353501999954,743.8353501999954,743.8353501999954,743.8353501999954,743.8519254999992,744.835424500001,744.835424500001,745.5861833000017,,,,,x,1,0.7342925000048126,None,pp2,001,2025-10-02_00h04.51.144,motor sequence,,2025.1.1,59.9517508303883,2025-10-02 00h05.04.931884 +0530,
150,v,76,76,16,v,1,0.8106040999991819,None,,,,,16,76,76,1,745.6021187000006,,745.5866123999949,745.6021187000006,746.5856342999978,746.5856342999978,746.5856342999978,746.5856342999978,746.602089699998,747.5869393999965,747.5869393999965,748.4045282000006,,,,,v,1,0.8106040999991819,None,pp2,001,2025-10-02_00h04.51.144,motor sequence,,2025.1.1,59.9517508303883,2025-10-02 00h05.04.931884 +0530,
50,c,77,77,20,c,1,1.571636299995589,None,,,,,20,77,77,2,748.4185214999961,,748.4050067999997,748.4185214999961,749.4186803999983,749.4186803999983,749.4186803999983,749.4186803999983,749.4186803999983,750.4183593999987,750.4183593999987,752.0023059000014,,,,,c,1,1.571636299995589,None,pp2,001,2025-10-02_00h04.51.144,motor sequence,,2025.1.1,59.9517508303883,2025-10-02 00h05.04.931884 +0530,
50,c,78,78,21,c,1,0.7541820999977062,None,,,,,21,78,78,2,752.0183747999981,,752.0025735999952,752.0183747999981,753.0020667999997,753.0020667999997,753.0020667999997,753.0020667999997,753.018965299998,754.0021253000014,754.0021253000014,754.7692648000011,,,,,c,1,0.7541820999977062,None,pp2,001,2025-10-02_00h04.51.144,motor sequence,,2025.1.1,59.9517508303883,2025-10-02 00h05.04.931884 +0530,
-50,x,79,79,24,x,1,0.8776751999976113,None,,,,,24,79,79,0,754.7854488000012,,754.7696425999966,754.7854488000012,755.7688514999973,755.7688514999973,755.7688514999973,755.7688514999973,755.7857423999958,756.7685434000014,756.7685434000014,757.6527831999992,,,,,x,1,0.8776751999976113,None,pp2,001,2025-10-02_00h04.51.144,motor sequence,,2025.1.1,59.9517508303883,2025-10-02 00h05.04.931884 +0530,
-150,z,80,80,16,z,1,1.3161413999987417,None,,,,,16,80,80,3,757.6686358000006,,757.6535184999957,757.6686358000006,758.6521665999971,758.6521665999971,758.6521665999971,758.6521665999971,758.6684556999971,759.6520130999997,759.6520130999997,761.0643028999984,,,,,z,1,1.3161413999987417,None,pp2,001,2025-10-02_00h04.51.144,motor sequence,,2025.1.1,59.9517508303883,2025-10-02 00h05.04.931884 +0530,
-50,x,81,81,25,x,1,0.6829179000051226,None,,,,,25,81,81,0,761.0677877999988,,761.0648431000009,761.0677877999988,762.068608900001,762.068608900001,762.068608900001,762.068608900001,762.068608900001,763.0690229999964,763.0690229999964,763.7694403999994,,,,,x,1,0.6829179000051226,None,pp2,001,2025-10-02_00h04.51.144,motor sequence,,2025.1.1,59.9517508303883,2025-10-02 00h05.04.931884 +0530,
150,v,82,82,17,v,1,0.761182900001586,None,,,,,17,82,82,1,763.7858783999982,,763.7698496000012,763.7858783999982,764.7697394999996,764.7697394999996,764.7697394999996,764.7697394999996,764.7852562999979,765.7684878,765.7684878,766.5356911999988,,,,,v,1,0.761182900001586,None,pp2,001,2025-10-02_00h04.51.144,motor sequence,,2025.1.1,59.9517508303883,2025-10-02 00h05.04.931884 +0530,
50,c,83,83,22,c,1,0.6912526999949478,None,,,,,22,83,83,2,766.5519391999987,,766.5360642999949,766.5519391999987,767.5351778999975,767.5351778999975,767.5351778999975,767.5351778999975,767.552237099997,768.535366899996,768.535366899996,769.2357530000008,,,,,c,1,0.6912526999949478,None,pp2,001,2025-10-02_00h04.51.144,motor sequence,,2025.1.1,59.9517508303883,2025-10-02 00h05.04.931884 +0530,
-150,z,84,84,17,z,1,1.0838260000018636,None,,,,,17,84,84,3,769.2520099999965,,769.2360087999987,769.2520099999965,770.2352753999949,770.2352753999949,770.2352753999949,770.2352753999949,770.2519706999956,771.2352673999994,771.2352673999994,772.3202450999961,,,,,z,1,1.0838260000018636,None,pp2,001,2025-10-02_00h04.51.144,motor sequence,,2025.1.1,59.9517508303883,2025-10-02 00h05.04.931884 +0530,
-150,z,85,85,18,z,1,0.9915691999995033,None,,,,,18,85,85,3,772.335362400001,,772.3209095999991,772.335362400001,773.3359693999955,773.3359693999955,773.3359693999955,773.3359693999955,773.3359693999955,774.3353214000017,774.3353214000017,775.3356361999977,,,,,z,1,0.9915691999995033,None,pp2,001,2025-10-02_00h04.51.144,motor sequence,,2025.1.1,59.9517508303883,2025-10-02 00h05.04.931884 +0530,
-150,z,86,86,19,z,1,0.7568647000007331,None,,,,,19,86,86,3,775.352121099997,,775.3360208000013,775.352121099997,776.3351687999966,776.3351687999966,776.3351687999966,776.3351687999966,776.3519930999973,777.3354016000012,777.3354016000012,778.1025952999989,,,,,z,1,0.7568647000007331,None,pp2,001,2025-10-02_00h04.51.144,motor sequence,,2025.1.1,59.9517508303883,2025-10-02 00h05.04.931884 +0530,
150,v,87,87,18,v,1,0.8202996000036364,None,,,,,18,87,87,1,778.118816299997,,778.1030697999959,778.118816299997,779.1021483000004,779.1021483000004,779.1021483000004,779.1021483000004,779.1185648999963,780.1019061999978,780.1019061999978,780.9357951999991,,,,,v,1,0.8202996000036364,None,pp2,001,2025-10-02_00h04.51.144,motor sequence,,2025.1.1,59.9517508303883,2025-10-02 00h05.04.931884 +0530,
150,v,88,88,19,v,1,1.149814399999741,None,,,,,19,88,88,1,780.9548166999957,,780.9361759999956,780.9548166999957,781.9353057999979,781.9353057999979,781.9353057999979,781.9353057999979,781.969036399998,782.9357471999974,782.9357471999974,784.0870081999965,,,,,v,1,1.149814399999741,None,pp2,001,2025-10-02_00h04.51.144,motor sequence,,2025.1.1,59.9517508303883,2025-10-02 00h05.04.931884 +0530,
-150,z,89,89,20,z,1,0.7716472999964026,None,,,,,20,89,89,3,784.1021725999963,,784.0874805999993,784.1021725999963,785.1019635999983,785.1019635999983,785.1019635999983,785.1019635999983,785.1019635999983,786.1022899000018,786.1022899000018,786.8860252000013,,,,,z,1,0.7716472999964026,None,pp2,001,2025-10-02_00h04.51.144,motor sequence,,2025.1.1,59.9517508303883,2025-10-02 00h05.04.931884 +0530,
150,v,90,90,20,v,1,0.711320499998692,None,,,,,20,90,90,1,786.9021754999994,,786.8865975000008,786.9021754999994,787.8862341999993,787.8862341999993,787.8862341999993,787.8862341999993,787.9021038999999,788.8850788999989,788.8850788999989,789.6027497999967,,,,,v,1,0.711320499998692,None,pp2,001,2025-10-02_00h04.51.144,motor sequence,,2025.1.1,59.9517508303883,2025-10-02 00h05.04.931884 +0530,
-150,z,91,91,21,z,1,0.771122899997863,None,,,,,21,91,91,3,789.6190443000014,,789.603377499996,789.6190443000014,790.6021856000007,790.6021856000007,790.6021856000007,790.6021856000007,790.6186642999965,791.6018905000019,791.6018905000019,792.3862781999997,,,,,z,1,0.771122899997863,None,pp2,001,2025-10-02_00h04.51.144,motor sequence,,2025.1.1,59.9517508303883,2025-10-02 00h05.04.931884 +0530,
150,v,92,92,21,v,1,0.5925409999981639,None,,,,,21,92,92,1,792.4029800999997,,792.3866605000003,792.4029800999997,793.4020316999959,793.4020316999959,793.4020316999959,793.4020316999959,793.4020316999959,794.3854476999986,794.3854476999986,794.9862498000002,,,,,v,1,0.5925409999981639,None,pp2,001,2025-10-02_00h04.51.144,motor sequence,,2025.1.1,59.9517508303883,2025-10-02 00h05.04.931884 +0530,
150,v,93,93,22,v,1,0.5318716999972821,None,,,,,22,93,93,1,795.0020074999993,,794.9869303999949,795.0020074999993,795.9852232999983,795.9852232999983,795.9852232999983,795.9852232999983,796.0021538000001,796.9854602999985,796.9854602999985,797.5195200999951,,,,,v,1,0.5318716999972821,None,pp2,001,2025-10-02_00h04.51.144,motor sequence,,2025.1.1,59.9517508303883,2025-10-02 00h05.04.931884 +0530,
-150,z,94,94,22,z,1,0.7346288999979151,None,,,,,22,94,94,3,797.5351139999984,,797.5200646000012,797.5351139999984,798.518707999996,798.518707999996,798.518707999996,798.518707999996,798.535344099997,799.5185443000009,799.5185443000009,800.2694013,,,,,z,1,0.7346288999979151,None,pp2,001,2025-10-02_00h04.51.144,motor sequence,,2025.1.1,59.9517508303883,2025-10-02 00h05.04.931884 +0530,
-150,z,95,95,23,z,1,0.8312529000031645,None,,,,,23,95,95,3,800.2854979999975,,800.2697571999961,800.2854979999975,801.2703216000009,801.2703216000009,801.2703216000009,801.2703216000009,801.2853179000012,802.2687881999955,802.2687881999955,803.1030874999997,,,,,z,1,0.8312529000031645,None,pp2,001,2025-10-02_00h04.51.144,motor sequence,,2025.1.1,59.9517508303883,2025-10-02 00h05.04.931884 +0530,
-50,x,96,96,26,x,1,0.7807482999996864,None,,,,,26,96,96,0,803.1188584999982,,803.1041890999986,803.1188584999982,804.118649899996,804.118649899996,804.118649899996,804.118649899996,804.118649899996,805.1188822999975,805.1188822999975,805.9025504999954,,,,,x,1,0.7807482999996864,None,pp2,001,2025-10-02_00h04.51.144,motor sequence,,2025.1.1,59.9517508303883,2025-10-02 00h05.04.931884 +0530,
50,c,97,97,23,c,1,0.5096456999963266,None,,,,,23,97,97,2,805.9188396999962,,805.9029270999963,805.9188396999962,806.9020487000016,806.9020487000016,806.9020487000016,806.9020487000016,806.9189333999966,807.9019377000004,807.9019377000004,808.4198713000005,,,,,c,1,0.5096456999963266,None,pp2,001,2025-10-02_00h04.51.144,motor sequence,,2025.1.1,59.9517508303883,2025-10-02 00h05.04.931884 +0530,
-150,z,98,98,24,z,1,0.7379302000044845,None,,,,,24,98,98,3,808.4353241999997,,808.420392299995,808.4353241999997,809.4353350999954,809.4353350999954,809.4353350999954,809.4353350999954,809.4353350999954,810.4353466999964,810.4353466999964,811.1861417999971,,,,,z,1,0.7379302000044845,None,pp2,001,2025-10-02_00h04.51.144,motor sequence,,2025.1.1,59.9517508303883,2025-10-02 00h05.04.931884 +0530,
50,c,99,99,24,c,1,0.7927861000061966,None,,,,,24,99,99,2,811.2020602999983,,811.1869759999972,811.2020602999983,812.1852679000003,812.1852679000003,812.1852679000003,812.1852679000003,812.2020835000003,813.1854546999966,813.1854546999966,813.9862393000003,,,,,c,1,0.7927861000061966,None,pp2,001,2025-10-02_00h04.51.144,motor sequence,,2025.1.1,59.9517508303883,2025-10-02 00h05.04.931884 +0530,
-150,z,100,100,25,z,1,0.8938549000013154,None,,,,,25,100,100,3,814.0025872999977,,813.9869537999984,814.0025872999977,814.9854376000003,814.9854376000003,814.9854376000003,814.9854376000003,815.0020231999952,816.0020776000019,816.0020776000019,816.9027965999994,,,,,z,1,0.8938549000013154,None,pp2,001,2025-10-02_00h04.51.144,motor sequence,,2025.1.1,59.9517508303883,2025-10-02 00h05.04.931884 +0530,
50,c,101,101,25,c,1,1.250441399999545,None,,,,,25,101,101,2,816.9186514999965,,816.9034354999967,816.9186514999965,817.9021451000008,817.9021451000008,817.9021451000008,817.9021451000008,817.9186397000012,818.9191034999967,818.9191034999967,820.1862763999961,,,,,c,1,1.250441399999545,None,pp2,001,2025-10-02_00h04.51.144,motor sequence,,2025.1.1,59.9517508303883,2025-10-02 00h05.04.931884 +0530,
150,v,102,102,23,v,1,0.8844083000003593,None,,,,,23,102,102,1,820.2022222999949,,820.1869950999971,820.2022222999949,821.1855179999984,821.1855179999984,821.1855179999984,821.1855179999984,821.202197599996,822.1853752999959,822.1853752999959,823.0862802999982,,,,,v,1,0.8844083000003593,None,pp2,001,2025-10-02_00h04.51.144,motor sequence,,2025.1.1,59.9517508303883,2025-10-02 00h05.04.931884 +0530,
150,v,103,103,24,v,1,1.1222675000026356,None,,,,,24,103,103,1,823.1021851999976,,823.0867657999988,823.1021851999976,824.1021510999999,824.1021510999999,824.1021510999999,824.1021510999999,824.1021510999999,825.0854162999967,825.0854162999967,826.2193074999959,,,,,v,1,1.1222675000026356,None,pp2,001,2025-10-02_00h04.51.144,motor sequence,,2025.1.1,59.9517508303883,2025-10-02 00h05.04.931884 +0530,
50,c,104,104,26,c,1,1.144815200001176,None,,,,,26,104,104,2,826.2353359999979,,826.2197431999957,826.2353359999979,827.2189082999976,827.2189082999976,827.2189082999976,827.2189082999976,827.2352138999995,828.219164999995,828.219164999995,829.3693136000002,,,,,c,1,1.144815200001176,None,pp2,001,2025-10-02_00h04.51.144,motor sequence,,2025.1.1,59.9517508303883,2025-10-02 00h05.04.931884 +0530,
150,v,105,105,25,v,1,1.3464099000048009,None,,,,,25,105,105,1,829.385255000001,,829.3699932999953,829.385255000001,830.3688419999962,830.3688419999962,830.3688419999962,830.3688419999962,830.3856096999953,831.3690314999985,831.3690314999985,832.7194949999976,,,,,v,1,1.3464099000048009,None,pp2,001,2025-10-02_00h04.51.144,motor sequence,,2025.1.1,59.9517508303883,2025-10-02 00h05.04.931884 +0530,
-50,x,106,106,27,x,1,0.99324859999615,None,,,,,27,106,106,0,832.7355571000007,,832.7200211000018,832.7355571000007,833.7188123999949,833.7188123999949,833.7188123999949,833.7188123999949,833.7352888999958,834.719649599996,834.719649599996,835.7195025999972,,,,,x,1,0.99324859999615,None,pp2,001,2025-10-02_00h04.51.144,motor sequence,,2025.1.1,59.9517508303883,2025-10-02 00h05.04.931884 +0530,
50,c,107,107,27,c,1,0.8308734000020195,None,,,,,27,107,107,2,835.7354869999981,,835.719827199995,835.7354869999981,836.7190649999975,836.7190649999975,836.7190649999975,836.7190649999975,836.7360087999987,837.7185260999977,837.7185260999977,838.5523324999958,,,,,c,1,0.8308734000020195,None,pp2,001,2025-10-02_00h04.51.144,motor sequence,,2025.1.1,59.9517508303883,2025-10-02 00h05.04.931884 +0530,
50,c,108,108,28,c,1,0.7829447000040091,None,,,,,28,108,108,2,838.5688786999963,,838.552608500002,838.5688786999963,839.5520781999949,839.5520781999949,839.5520781999949,839.5520781999949,839.569047500001,840.5521702999977,840.5521702999977,841.3360651999974,,,,,c,1,0.7829447000040091,None,pp2,001,2025-10-02_00h04.51.144,motor sequence,,2025.1.1,59.9517508303883,2025-10-02 00h05.04.931884 +0530,
50,c,109,109,29,c,1,0.5956913000045461,None,,,,,29,109,109,2,841.3520484999972,,841.3364310999968,841.3520484999972,842.3353302999967,842.3353302999967,842.3353302999967,842.3353302999967,842.3521055000019,843.3353380999979,843.3353380999979,843.9360799999995,,,,,c,1,0.5956913000045461,None,pp2,001,2025-10-02_00h04.51.144,motor sequence,,2025.1.1,59.9517508303883,2025-10-02 00h05.04.931884 +0530,
-50,x,110,110,28,x,1,0.7594878999952925,None,,,,,28,110,110,0,843.9520695999963,,843.9366695999997,843.9520695999963,844.9353052000006,844.9353052000006,844.9353052000006,844.9353052000006,844.9521634999983,845.9354196999993,845.9354196999993,846.7030713999993,,,,,x,1,0.7594878999952925,None,pp2,001,2025-10-02_00h04.51.144,motor sequence,,2025.1.1,59.9517508303883,2025-10-02 00h05.04.931884 +0530,
150,v,111,111,26,v,1,1.1219112000035238,None,,,,,26,111,111,1,846.7189684999976,,846.7035133999962,846.7189684999976,847.7188922999994,847.7188922999994,847.7188922999994,847.7188922999994,847.7188922999994,848.7188238999952,848.7188238999952,849.8526254999961,,,,,v,1,1.1219112000035238,None,pp2,001,2025-10-02_00h04.51.144,motor sequence,,2025.1.1,59.9517508303883,2025-10-02 00h05.04.931884 +0530,
-50,x,112,112,29,x,1,0.7951979999998002,None,,,,,29,112,112,0,849.8688847000012,,849.853031599996,849.8688847000012,850.8520959000016,850.8520959000016,850.8520959000016,850.8520959000016,850.869139399998,851.8520105999996,851.8520105999996,852.6531340000001,,,,,x,1,0.7951979999998002,None,pp2,001,2025-10-02_00h04.51.144,motor sequence,,2025.1.1,59.9517508303883,2025-10-02 00h05.04.931884 +0530,
50,c,113,113,30,c,1,0.8881681000057142,None,,,,,30,113,113,2,852.6688162999999,,852.6539107999997,852.6688162999999,853.6691047999993,853.6691047999993,853.6691047999993,853.6691047999993,853.6691047999993,854.6687106999962,854.6687106999962,855.5697843999951,,,,,c,1,0.8881681000057142,None,pp2,001,2025-10-02_00h04.51.144,motor sequence,,2025.1.1,59.9517508303883,2025-10-02 00h05.04.931884 +0530,
-50,x,114,114,30,x,1,0.5969582999969134,None,,,,,30,114,114,0,855.5854036999954,,855.5702881999969,855.5854036999954,856.5701709999994,856.5701709999994,856.5701709999994,856.5701709999994,856.5853338000015,857.5865658999974,857.5865658999974,858.1862121000013,,,,,x,1,0.5969582999969134,None,pp2,001,2025-10-02_00h04.51.144,motor sequence,,2025.1.1,59.9517508303883,2025-10-02 00h05.04.931884 +0530,
-150,z,115,115,26,z,1,0.9559812000006787,None,,,,,26,115,115,3,858.2030253999983,,858.1868012999985,858.2030253999983,859.1855332999985,859.1855332999985,859.1855332999985,859.1855332999985,859.2020579000018,860.1851638000007,860.1851638000007,861.152760500001,,,,,z,1,0.9559812000006787,None,pp2,001,2025-10-02_00h04.51.144,motor sequence,,2025.1.1,59.9517508303883,2025-10-02 00h05.04.931884 +0530,
-50,x,116,116,31,x,1,0.5897679000045173,None,,,,,31,116,116,0,861.1690791000001,,861.1531816999995,861.1690791000001,862.1521255999978,862.1521255999978,862.1521255999978,862.1521255999978,862.1689752999955,863.1519920999999,863.1519920999999,863.7526770999975,,,,,x,1,0.5897679000045173,None,pp2,001,2025-10-02_00h04.51.144,motor sequence,,2025.1.1,59.9517508303883,2025-10-02 00h05.04.931884 +0530,
-50,x,117,117,32,x,1,0.5512124000015319,None,,,,,32,117,117,0,863.7687373000008,,863.7532912999959,863.7687373000008,864.7520460999949,864.7520460999949,864.7520460999949,864.7520460999949,864.770382900002,865.7519605999987,865.7519605999987,866.3197282999972,,,,,x,1,0.5512124000015319,None,pp2,001,2025-10-02_00h04.51.144,motor sequence,,2025.1.1,59.9517508303883,2025-10-02 00h05.04.931884 +0530,
50,c,118,118,31,c,1,0.8507243000058224,None,,,,,31,118,118,2,866.3353841999997,,866.320044,866.3353841999997,867.3188735000003,867.3188735000003,867.3188735000003,867.3188735000003,867.3355187999987,868.3190337999986,868.3190337999986,869.1858256999985,,,,,c,1,0.8507243000058224,None,pp2,001,2025-10-02_00h04.51.144,motor sequence,,2025.1.1,59.9517508303883,2025-10-02 00h05.04.931884 +0530,
50,c,119,119,32,c,1,0.7294388000009349,None,,,,,32,119,119,2,869.202165499999,,869.1861012000008,869.202165499999,870.1853590999963,870.1853590999963,870.1853590999963,870.1853590999963,870.2020971999955,871.1852291999967,871.1852291999967,871.9197456999973,,,,,c,1,0.7294388000009349,None,pp2,001,2025-10-02_00h04.51.144,motor sequence,,2025.1.1,59.9517508303883,2025-10-02 00h05.04.931884 +0530,
150,v,120,120,27,v,1,0.6848720999987563,None,,,,,27,120,120,1,871.9355164000008,,871.9200882000005,871.9355164000008,872.9353482000006,872.9353482000006,872.9353482000006,872.9353482000006,872.9353482000006,873.935289699999,873.935289699999,874.6360082999963,,,,,v,1,0.6848720999987563,None,pp2,001,2025-10-02_00h04.51.144,motor sequence,,2025.1.1,59.9517508303883,2025-10-02 00h05.04.931884 +0530,
-50,x,121,121,33,x,1,0.5511230999982217,None,,,,,33,121,121,0,874.6521653999953,,874.6368976000012,874.6521653999953,875.6353153000018,875.6353153000018,875.6353153000018,875.6353153000018,875.6520114000014,876.635383599998,876.635383599998,877.202550199996,,,,,x,1,0.5511230999982217,None,pp2,001,2025-10-02_00h04.51.144,motor sequence,,2025.1.1,59.9517508303883,2025-10-02 00h05.04.931884 +0530,
-150,z,122,122,27,z,1,0.8815564999968046,None,,,,,27,122,122,3,877.2190679999985,,877.2030719999966,877.2190679999985,878.2021191999956,878.2021191999956,878.2021191999956,878.2021191999956,878.2188666000002,879.2020645000011,879.2020645000011,880.0863852999973,,,,,z,1,0.8815564999968046,None,pp2,001,2025-10-02_00h04.51.144,motor sequence,,2025.1.1,59.9517508303883,2025-10-02 00h05.04.931884 +0530,
-50,x,123,123,34,x,1,0.5677436999976635,None,,,,,34,123,123,0,880.1021611999968,,880.0868690999996,880.1021611999968,881.1020970999962,881.1020970999962,881.1020970999962,881.1020970999962,881.1020970999962,882.0853313999978,882.0853313999978,882.6691654999959,,,,,x,1,0.5677436999976635,None,pp2,001,2025-10-02_00h04.51.144,motor sequence,,2025.1.1,59.9517508303883,2025-10-02 00h05.04.931884 +0530,
-50,x,124,124,35,x,1,0.7760271999941324,None,,,,,35,124,124,0,882.6854710999978,,882.6695169000013,882.6854710999978,883.6689288999987,883.6689288999987,883.6689288999987,883.6689288999987,883.6853023000003,884.6687218000006,884.6687218000006,885.452913699999,,,,,x,1,0.7760271999941324,None,pp2,001,2025-10-02_00h04.51.144,motor sequence,,2025.1.1,59.9517508303883,2025-10-02 00h05.04.931884 +0530,
-50,x,125,125,36,x,1,0.7347232999964035,None,,,,,36,125,125,0,885.4688287999961,,885.4535031999985,885.4688287999961,886.4522891000015,886.4522891000015,886.4522891000015,886.4522891000015,886.4690044000017,887.4520811999973,887.4520811999973,888.2031569999963,,,,,x,1,0.7347232999964035,None,pp2,001,2025-10-02_00h04.51.144,motor sequence,,2025.1.1,59.9517508303883,2025-10-02 00h05.04.931884 +0530,
50,c,126,126,33,c,1,1.1167587000018102,None,,,,,33,126,126,2,888.2192063999973,,888.2036934999996,888.2192063999973,889.220863399998,889.220863399998,889.220863399998,889.220863399998,889.220863399998,890.2185795999976,890.2185795999976,891.3362898999985,,,,,c,1,1.1167587000018102,None,pp2,001,2025-10-02_00h04.51.144,motor sequence,,2025.1.1,59.9517508303883,2025-10-02 00h05.04.931884 +0530,
-150,z,127,127,28,z,1,0.9982706000009784,None,,,,,28,127,127,3,891.3521118999997,,891.3366513000001,891.3521118999997,892.3353410999989,892.3353410999989,892.3353410999989,892.3353410999989,892.3521088999987,893.3352582000007,893.3352582000007,894.335745700002,,,,,z,1,0.9982706000009784,None,pp2,001,2025-10-02_00h04.51.144,motor sequence,,2025.1.1,59.9517508303883,2025-10-02 00h05.04.931884 +0530,
-150,z,128,128,29,z,1,0.8393418999985442,None,,,,,29,128,128,3,894.3521274000013,,894.3361470999953,894.3521274000013,895.335648799999,895.335648799999,895.335648799999,895.335648799999,895.352075499999,896.3355328999969,896.3355328999969,897.1858034999968,,,,,z,1,0.8393418999985442,None,pp2,001,2025-10-02_00h04.51.144,motor sequence,,2025.1.1,59.9517508303883,2025-10-02 00h05.04.931884 +0530,
150,v,129,129,28,v,1,0.6610581000059028,None,,,,,28,129,129,1,897.2022922999968,,897.1862250999984,897.2022922999968,898.1855379999979,898.1855379999979,898.1855379999979,898.1855379999979,898.2022222000014,899.1859229999973,899.1859229999973,899.8527460999976,,,,,v,1,0.6610581000059028,None,pp2,001,2025-10-02_00h04.51.144,motor sequence,,2025.1.1,59.9517508303883,2025-10-02 00h05.04.931884 +0530,
-150,z,130,130,30,z,1,0.6840631999948528,None,,,,,30,130,130,3,899.8687275999982,,899.8531376999963,899.8687275999982,900.8526667999977,900.8526667999977,900.8526667999977,900.8526667999977,900.8687004999956,901.852054899995,901.852054899995,902.5529883999989,,,,,z,1,0.6840631999948528,None,pp2,001,2025-10-02_00h04.51.144,motor sequence,,2025.1.1,59.9517508303883,2025-10-02 00h05.04.931884 +0530,
150,v,131,131,29,v,1,1.0250219000008656,None,,,,,29,131,131,1,902.5687652999986,,902.5536853000012,902.5687652999986,903.5520049999977,903.5520049999977,903.5520049999977,903.5520049999977,903.568686599996,904.5522388999962,904.5522388999962,905.5861327999955,,,,,v,1,1.0250219000008656,None,pp2,001,2025-10-02_00h04.51.144,motor sequence,,2025.1.1,59.9517508303883,2025-10-02 00h05.04.931884 +0530,
-150,z,132,132,31,z,1,0.7312387999991188,None,,,,,31,132,132,3,905.6023025999966,,905.586673400001,905.6023025999966,906.5856021,906.5856021,906.5856021,906.5856021,906.6021025000009,907.5864621000001,907.5864621000001,908.3194126999952,,,,,z,1,0.7312387999991188,None,pp2,001,2025-10-02_00h04.51.144,motor sequence,,2025.1.1,59.9517508303883,2025-10-02 00h05.04.931884 +0530,
150,v,133,133,30,v,1,0.8322693000009167,None,,,,,30,133,133,1,908.3354086999971,,908.3198244999949,908.3354086999971,909.3191124000004,909.3191124000004,909.3191124000004,909.3191124000004,909.3354872999989,910.3196438999948,910.3196438999948,911.1530964999984,,,,,v,1,0.8322693000009167,None,pp2,001,2025-10-02_00h04.51.144,motor sequence,,2025.1.1,59.9517508303883,2025-10-02 00h05.04.931884 +0530,
150,v,134,134,31,v,1,0.4501453999982914,None,,,,,31,134,134,1,911.1691203000009,,911.153876999997,911.1691203000009,912.1687324000013,912.1687324000013,912.1687324000013,912.1687324000013,912.1687324000013,913.1687208000003,913.1687208000003,913.6362156999967,,,,,v,1,0.4501453999982914,None,pp2,001,2025-10-02_00h04.51.144,motor sequence,,2025.1.1,59.9517508303883,2025-10-02 00h05.04.931884 +0530,
150,v,135,135,32,v,1,0.6138732999970671,None,,,,,32,135,135,1,913.6520658000009,,913.6370114999954,913.6520658000009,914.635462899998,914.635462899998,914.635462899998,914.635462899998,914.652182400001,915.6355018999966,915.6355018999966,916.2529101999971,,,,,v,1,0.6138732999970671,None,pp2,001,2025-10-02_00h04.51.144,motor sequence,,2025.1.1,59.9517508303883,2025-10-02 00h05.04.931884 +0530,
150,v,136,136,33,v,1,0.7280381000018679,None,,,,,33,136,136,1,916.2688768000007,,916.2534233999977,916.2688768000007,917.2521936999983,917.2521936999983,917.2521936999983,917.2521936999983,917.2687517000013,918.2522227000009,918.2522227000009,918.9861882999976,,,,,v,1,0.7280381000018679,None,pp2,001,2025-10-02_00h04.51.144,motor sequence,,2025.1.1,59.9517508303883,2025-10-02 00h05.04.931884 +0530,
50,c,137,137,34,c,1,0.9943043999955989,None,,,,,34,137,137,2,919.0023409999994,,918.9870139999985,919.0023409999994,919.9854339000012,919.9854339000012,919.9854339000012,919.9854339000012,920.002069999995,920.9855735999954,920.9855735999954,921.9858745999954,,,,,c,1,0.9943043999955989,None,pp2,001,2025-10-02_00h04.51.144,motor sequence,,2025.1.1,59.9517508303883,2025-10-02 00h05.04.931884 +0530,
-150,z,138,138,32,z,1,0.9529360000015004,None,,,,,32,138,138,3,922.0021678999983,,921.9863072000007,922.0021678999983,922.9853700999956,922.9853700999956,922.9853700999956,922.9853700999956,923.0022384999975,923.9853739999962,923.9853739999962,924.9527143999949,,,,,z,1,0.9529360000015004,None,pp2,001,2025-10-02_00h04.51.144,motor sequence,,2025.1.1,59.9517508303883,2025-10-02 00h05.04.931884 +0530,
-150,z,139,139,33,z,1,0.9438646000053268,None,,,,,33,139,139,3,924.9689918000004,,924.9532504000017,924.9689918000004,925.9520998000007,925.9520998000007,925.9520998000007,925.9520998000007,925.9686422999948,926.951965799999,926.951965799999,927.9031029999969,,,,,z,1,0.9438646000053268,None,pp2,001,2025-10-02_00h04.51.144,motor sequence,,2025.1.1,59.9517508303883,2025-10-02 00h05.04.931884 +0530,
-50,x,140,140,37,x,1,0.8054618000023765,None,,,,,37,140,140,0,927.9188853000014,,927.9034444999998,927.9188853000014,928.9022218999962,928.9022218999962,928.9022218999962,928.9022218999962,928.9191390999986,929.9187219000014,929.9187219000014,930.7361754000012,,,,,x,1,0.8054618000023765,None,pp2,001,2025-10-02_00h04.51.144,motor sequence,,2025.1.1,59.9517508303883,2025-10-02 00h05.04.931884 +0530,
-150,z,141,141,34,z,1,0.843520599999465,None,,,,,34,141,141,3,930.7521261000002,,930.7375281999994,930.7521261000002,931.7356529999961,931.7356529999961,931.7356529999961,931.7356529999961,931.7521504999968,932.7352900999977,932.7352900999977,933.5860522000003,,,,,z,1,0.843520599999465,None,pp2,001,2025-10-02_00h04.51.144,motor sequence,,2025.1.1,59.9517508303883,2025-10-02 00h05.04.931884 +0530,
-150,z,142,142,35,z,1,0.7523873999962234,None,,,,,35,142,142,3,933.6020003000012,,933.5864768999963,933.6020003000012,934.5854248999967,934.5854248999967,934.5854248999967,934.5854248999967,934.6021737999981,935.5862094999975,935.5862094999975,936.3526261000006,,,,,z,1,0.7523873999962234,None,pp2,001,2025-10-02_00h04.51.144,motor sequence,,2025.1.1,59.9517508303883,2025-10-02 00h05.04.931884 +0530,
-50,x,143,143,38,x,1,0.9662889000028372,None,,,,,38,143,143,0,936.3688758999997,,936.3530331000002,936.3688758999997,937.3520310999957,937.3520310999957,937.3520310999957,937.3520310999957,937.3691669999971,938.3532817999949,938.3532817999949,939.3363800000006,,,,,x,1,0.9662889000028372,None,pp2,001,2025-10-02_00h04.51.144,motor sequence,,2025.1.1,59.9517508303883,2025-10-02 00h05.04.931884 +0530,
-50,x,144,144,39,x,1,0.6452439999993658,None,,,,,39,144,144,0,939.3522606999977,,939.336773199997,939.3522606999977,940.3522465999995,940.3522465999995,940.3522465999995,940.3522465999995,940.3522465999995,941.3355014999979,941.3355014999979,941.9861328999978,,,,,x,1,0.6452439999993658,None,pp2,001,2025-10-02_00h04.51.144,motor sequence,,2025.1.1,59.9517508303883,2025-10-02 00h05.04.931884 +0530,
50,c,145,145,35,c,1,0.5419106000044849,None,,,,,35,145,145,2,942.0020989999975,,941.9865824000008,942.0020989999975,942.9853365000017,942.9853365000017,942.9853365000017,942.9853365000017,943.0020113999999,943.985370800001,943.985370800001,944.5365075000009,,,,,c,1,0.5419106000044849,None,pp2,001,2025-10-02_00h04.51.144,motor sequence,,2025.1.1,59.9517508303883,2025-10-02 00h05.04.931884 +0530,
-150,z,146,146,36,z,1,0.8349296000014874,None,,,,,36,146,146,3,944.5521912999975,,944.5369403000004,944.5521912999975,945.5354038000005,945.5354038000005,945.5354038000005,945.5354038000005,945.5522522999963,946.5521613999954,946.5521613999954,947.4028303999949,,,,,z,1,0.8349296000014874,None,pp2,001,2025-10-02_00h04.51.144,motor sequence,,2025.1.1,59.9517508303883,2025-10-02 00h05.04.931884 +0530,
-150,z,147,147,37,z,1,0.872645299998112,None,,,,,37,147,147,3,947.4189417000016,,947.4035900999952,947.4189417000016,948.4021203000011,948.4021203000011,948.4021203000011,948.4021203000011,948.4189196000007,949.4020522999999,949.4020522999999,950.2860437999989,,,,,z,1,0.872645299998112,None,pp2,001,2025-10-02_00h04.51.144,motor sequence,,2025.1.1,59.9517508303883,2025-10-02 00h05.04.931884 +0530,
50,c,148,148,36,c,1,0.6553395999944769,None,,,,,36,148,148,2,950.3020566999985,,950.2866579999973,950.3020566999985,951.2854566999958,951.2854566999958,951.2854566999958,951.2854566999958,951.3022863000006,952.2854204999967,952.2854204999967,952.9536928999951,,,,,c,1,0.6553395999944769,None,pp2,001,2025-10-02_00h04.51.144,motor sequence,,2025.1.1,59.9517508303883,2025-10-02 00h05.04.931884 +0530,
150,v,149,149,34,v,1,0.8156974000012269,None,,,,,34,149,149,1,952.9689160999988,,952.9544019999958,952.9689160999988,953.9688568999991,953.9688568999991,953.9688568999991,953.9688568999991,953.9688568999991,954.9693867999958,954.9693867999958,955.7860289000018,,,,,v,1,0.8156974000012269,None,pp2,001,2025-10-02_00h04.51.144,motor sequence,,2025.1.1,59.9517508303883,2025-10-02 00h05.04.931884 +0530,
-50,x,150,150,40,x,1,0.8333124999990105,None,,,,,40,150,150,0,955.8022381999981,,955.786503299998,955.8022381999981,956.7851559999981,956.7851559999981,956.7851559999981,956.7851559999981,956.8020725999959,957.7857883999968,957.7857883999968,958.6362995000018,,,,,x,1,0.8333124999990105,None,pp2,001,2025-10-02_00h04.51.144,motor sequence,,2025.1.1,59.9517508303883,2025-10-02 00h05.04.931884 +0530,
-150,z,151,151,38,z,1,0.766738099999202,None,,,,,38,151,151,3,958.6523535000015,,958.6366376000005,958.6523535000015,959.6354135000001,959.6354135000001,959.6354135000001,959.6354135000001,959.6548294999957,960.6367204999988,960.6367204999988,961.4193261999972,,,,,z,1,0.766738099999202,None,pp2,001,2025-10-02_00h04.51.144,motor sequence,,2025.1.1,59.9517508303883,2025-10-02 00h05.04.931884 +0530,
150,v,152,152,35,v,1,1.1506693999981508,None,,,,,35,152,152,1,961.4354324999949,,961.4196201999948,961.4354324999949,962.418809499999,962.418809499999,962.418809499999,962.418809499999,962.4356035999954,963.4187523,963.4187523,964.5863456000006,,,,,v,1,1.1506693999981508,None,pp2,001,2025-10-02_00h04.51.144,motor sequence,,2025.1.1,59.9517508303883,2025-10-02 00h05.04.931884 +0530,
150,v,153,153,36,v,1,0.6793849000023329,None,,,,,36,153,153,1,964.6022450000019,,964.5870912999962,964.6022450000019,965.585467799996,965.585467799996,965.585467799996,965.585467799996,965.6022589999993,966.6021222999989,966.6021222999989,967.2861388999954,,,,,v,1,0.6793849000023329,None,pp2,001,2025-10-02_00h04.51.144,motor sequence,,2025.1.1,59.9517508303883,2025-10-02 00h05.04.931884 +0530,
50,c,154,154,37,c,1,0.756195599999046,None,,,,,37,154,154,2,967.302211000002,,967.2868251999971,967.302211000002,968.2852929000001,968.2852929000001,968.2852929000001,968.2852929000001,968.3020389000012,969.2852216999963,969.2852216999963,970.0531230999986,,,,,c,1,0.756195599999046,None,pp2,001,2025-10-02_00h04.51.144,motor sequence,,2025.1.1,59.9517508303883,2025-10-02 00h05.04.931884 +0530,
-150,z,155,155,39,z,1,0.7500760999973863,None,,,,,39,155,155,3,970.0690334999963,,970.0536806999953,970.0690334999963,971.0687925999955,971.0687925999955,971.0687925999955,971.0687925999955,971.0687925999955,972.0521890999953,972.0521890999953,972.819580299998,,,,,z,1,0.7500760999973863,None,pp2,001,2025-10-02_00h04.51.144,motor sequence,,2025.1.1,59.9517508303883,2025-10-02 00h05.04.931884 +0530,
150,v,156,156,37,v,1,1.3920954999994137,None,,,,,37,156,156,1,972.8355219000005,,972.8199520999988,972.8355219000005,973.819442299995,973.819442299995,973.819442299995,973.819442299995,973.8354953000016,974.8189681000003,974.8189681000003,976.2195814000006,,,,,v,1,1.3920954999994137,None,pp2,001,2025-10-02_00h04.51.144,motor sequence,,2025.1.1,59.9517508303883,2025-10-02 00h05.04.931884 +0530,
50,c,157,157,38,c,1,0.6271152000044822,None,,,,,38,157,157,2,976.2355046000011,,976.2198699,976.2355046000011,977.2189804000009,977.2189804000009,977.2189804000009,977.2189804000009,977.2354555999991,978.2191296999954,978.2191296999954,978.852710399995,,,,,c,1,0.6271152000044822,None,pp2,001,2025-10-02_00h04.51.144,motor sequence,,2025.1.1,59.9517508303883,2025-10-02 00h05.04.931884 +0530,
-50,x,158,158,41,x,1,0.865634300003876,None,,,,,41,158,158,0,978.8687408999976,,978.8530189000012,978.8687408999976,979.8524416,979.8524416,979.8524416,979.8524416,979.8690078,980.8521986999986,980.8521986999986,981.719448099997,,,,,x,1,0.865634300003876,None,pp2,001,2025-10-02_00h04.51.144,motor sequence,,2025.1.1,59.9517508303883,2025-10-02 00h05.04.931884 +0530,
50,c,159,159,39,c,1,0.6850020999991102,None,,,,,39,159,159,2,981.7354879999984,,981.7201000999994,981.7354879999984,982.7191260999971,982.7191260999971,982.7191260999971,982.7191260999971,982.7358967999971,983.7190218999967,983.7190218999967,984.4198309999992,,,,,c,1,0.6850020999991102,None,pp2,001,2025-10-02_00h04.51.144,motor sequence,,2025.1.1,59.9517508303883,2025-10-02 00h05.04.931884 +0530,
150,v,160,160,38,v,1,0.6767486999960965,None,,,,,38,160,160,1,984.4353983999972,,984.4204887999949,984.4353983999972,985.435444099996,985.435444099996,985.435444099996,985.435444099996,985.435444099996,986.418774699996,986.418774699996,987.1028353000002,,,,,v,1,0.6767486999960965,None,pp2,001,2025-10-02_00h04.51.144,motor sequence,,2025.1.1,59.9517508303883,2025-10-02 00h05.04.931884 +0530,
50,c,161,161,40,c,1,0.7671225000012782,None,,,,,40,161,161,2,987.1195407999985,,987.1033639000016,987.1195407999985,988.1025193999958,988.1025193999958,988.1025193999958,988.1025193999958,988.1189321999991,989.1023217999973,989.1023217999973,989.8861217000012,,,,,c,1,0.7671225000012782,None,pp2,001,2025-10-02_00h04.51.144,motor sequence,,2025.1.1,59.9517508303883,2025-10-02 00h05.04.931884 +0530,
50,c,162,162,41,c,1,0.7101207000014256,None,,,,,41,162,162,2,989.9023237000001,,989.8866764999984,989.9023237000001,990.8853872999971,990.8853872999971,990.8853872999971,990.8853872999971,990.9022919999989,991.8855785999986,991.8855785999986,992.6032047999979,,,,,c,1,0.7101207000014256,None,pp2,001,2025-10-02_00h04.51.144,motor sequence,,2025.1.1,59.9517508303883,2025-10-02 00h05.04.931884 +0530,
150,v,163,163,39,v,1,0.6652873999992153,None,,,,,39,163,163,1,992.6190525999991,,992.6036356999975,992.6190525999991,993.6190585000004,993.6190585000004,993.6190585000004,993.6190585000004,993.6190585000004,994.6190497999996,994.6190497999996,995.2857532999988,,,,,v,1,0.6652873999992153,None,pp2,001,2025-10-02_00h04.51.144,motor sequence,,2025.1.1,59.9517508303883,2025-10-02 00h05.04.931884 +0530,
-150,z,164,164,40,z,1,0.7103014000022085,None,,,,,40,164,164,3,995.3022915999973,,995.2861023000005,995.3022915999973,996.2855291000014,996.2855291000014,996.2855291000014,996.2855291000014,996.3023662999985,997.2853256999952,997.2853256999952,998.003165999995,,,,,z,1,0.7103014000022085,None,pp2,001,2025-10-02_00h04.51.144,motor sequence,,2025.1.1,59.9517508303883,2025-10-02 00h05.04.931884 +0530,
-50,x,165,165,42,x,1,0.8452864999999292,None,,,,,42,165,165,0,998.0190360999986,,998.0039123999959,998.0190360999986,999.0186948999981,999.0186948999981,999.0186948999981,999.0186948999981,999.0186948999981,1000.0022234999997,1000.0022234999997,1000.8528752999991,,,,,x,1,0.8452864999999292,None,pp2,001,2025-10-02_00h04.51.144,motor sequence,,2025.1.1,59.9517508303883,2025-10-02 00h05.04.931884 +0530,
-150,z,166,166,41,z,1,1.07940249999956,None,,,,,41,166,166,3,1000.8691829000018,,1000.8532440999988,1000.8691829000018,1001.8525577999972,1001.8525577999972,1001.8525577999972,1001.8525577999972,1001.8695605999965,1002.8520703999966,1002.8520703999966,1003.9370065999974,,,,,z,1,1.07940249999956,None,pp2,001,2025-10-02_00h04.51.144,motor sequence,,2025.1.1,59.9517508303883,2025-10-02 00h05.04.931884 +0530,
150,v,167,167,40,v,1,1.2049451999992016,None,,,,,40,167,167,1,1003.9521763000012,,1003.9372739999963,1003.9521763000012,1004.9525003999952,1004.9525003999952,1004.9525003999952,1004.9525003999952,1004.9525003999952,1005.9353362999973,1005.9353362999973,1007.1532905999993,,,,,v,1,1.2049451999992016,None,pp2,001,2025-10-02_00h04.51.144,motor sequence,,2025.1.1,59.9517508303883,2025-10-02 00h05.04.931884 +0530,
-50,x,168,168,43,x,1,0.8841491999992286,None,,,,,43,168,168,0,1007.1688608999975,,1007.1538264999981,1007.1688608999975,1008.1687538999977,1008.1687538999977,1008.1687538999977,1008.1687538999977,1008.1687538999977,1009.1523240999959,1009.1523240999959,1010.053058999998,,,,,x,1,0.8841491999992286,None,pp2,001,2025-10-02_00h04.51.144,motor sequence,,2025.1.1,59.9517508303883,2025-10-02 00h05.04.931884 +0530,
150,v,169,169,41,v,1,0.7788448999999673,None,,,,,41,169,169,1,1010.0689156000008,,1010.0535778999983,1010.0689156000008,1011.0687585999985,1011.0687585999985,1011.0687585999985,1011.0687585999985,1011.0687585999985,1012.0688884999981,1012.0688884999981,1012.8526678999988,,,,,v,1,0.7788448999999673,None,pp2,001,2025-10-02_00h04.51.144,motor sequence,,2025.1.1,59.9517508303883,2025-10-02 00h05.04.931884 +0530,
50,c,170,170,42,c,1,0.7457901000016136,None,,,,,42,170,170,2,1012.8689180000001,,1012.8534384000013,1012.8689180000001,1013.8522796999969,1013.8522796999969,1013.8522796999969,1013.8522796999969,1013.8696019999988,1014.8522233999975,1014.8522233999975,1015.602934399998,,,,,c,1,0.7457901000016136,None,pp2,001,2025-10-02_00h04.51.144,motor sequence,,2025.1.1,59.9517508303883,2025-10-02 00h05.04.931884 +0530,
150,v,171,171,42,v,1,0.8848348999963491,None,,,,,42,171,171,1,1015.6189453999978,,1015.6035138000007,1015.6189453999978,1016.6029730000009,1016.6029730000009,1016.6029730000009,1016.6029730000009,1016.6188087999981,1017.6022851999951,1017.6022851999951,1018.5028105999954,,,,,v,1,0.8848348999963491,None,pp2,001,2025-10-02_00h04.51.144,motor sequence,,2025.1.1,59.9517508303883,2025-10-02 00h05.04.931884 +0530,
50,c,172,172,43,c,1,0.5062823999978718,None,,,,,43,172,172,2,1018.5187905999992,,1018.5032850999996,1018.5187905999992,1019.502186699996,1019.502186699996,1019.502186699996,1019.502186699996,1019.5188825000005,1020.5021639999977,1020.5021639999977,1021.0191993999979,,,,,c,1,0.5062823999978718,None,pp2,001,2025-10-02_00h04.51.144,motor sequence,,2025.1.1,59.9517508303883,2025-10-02 00h05.04.931884 +0530,
-50,x,173,173,44,x,1,0.6940365000045858,None,,,,,44,173,173,0,1021.0353219999961,,1021.0195997999981,1021.0353219999961,1022.0189304999949,1022.0189304999949,1022.0189304999949,1022.0189304999949,1022.0354549999975,1023.0193434999965,1023.0193434999965,1023.7196566999992,,,,,x,1,0.6940365000045858,None,pp2,001,2025-10-02_00h04.51.144,motor sequence,,2025.1.1,59.9517508303883,2025-10-02 00h05.04.931884 +0530,
50,c,174,174,44,c,1,0.8511279000013019,None,,,,,44,174,174,2,1023.7354354999989,,1023.7200694999992,1023.7354354999989,1024.7186405999964,1024.7186405999964,1024.7186405999964,1024.7186405999964,1024.7353383000009,1025.7191353000017,1025.7191353000017,1026.5862876999963,,,,,c,1,0.8511279000013019,None,pp2,001,2025-10-02_00h04.51.144,motor sequence,,2025.1.1,59.9517508303883,2025-10-02 00h05.04.931884 +0530,
-150,z,175,175,42,z,1,1.247496299998602,None,,,,,42,175,175,3,1026.6023224000019,,1026.5868121999956,1026.6023224000019,1027.585556500002,1027.585556500002,1027.585556500002,1027.585556500002,1027.602346599997,1028.5854722000004,1028.5854722000004,1029.8360704000006,,,,,z,1,1.247496299998602,None,pp2,001,2025-10-02_00h04.51.144,motor sequence,,2025.1.1,59.9517508303883,2025-10-02 00h05.04.931884 +0530,
-150,z,176,176,43,z,1,1.0462343000035617,None,,,,,43,176,176,3,1029.8521865000002,,1029.8368401999978,1029.8521865000002,1030.8353855999958,1030.8353855999958,1030.8353855999958,1030.8353855999958,1030.8523057999992,1031.8354236000014,1031.8354236000014,1032.886268299997,,,,,z,1,1.0462343000035617,None,pp2,001,2025-10-02_00h04.51.144,motor sequence,,2025.1.1,59.9517508303883,2025-10-02 00h05.04.931884 +0530,
-150,z,177,177,44,z,1,0.6637934999962454,None,,,,,44,177,177,3,1032.9022011999987,,1032.8867077999967,1032.9022011999987,1033.8855177000005,1033.8855177000005,1033.8855177000005,1033.8855177000005,1033.9020812999952,1034.885843600001,1034.885843600001,1035.552940499998,,,,,z,1,0.6637934999962454,None,pp2,001,2025-10-02_00h04.51.144,motor sequence,,2025.1.1,59.9517508303883,2025-10-02 00h05.04.931884 +0530,
-150,z,178,178,45,z,1,0.5932153000030667,None,,,,,45,178,178,3,1035.5690209999957,,1035.553743999997,1035.5690209999957,1036.552119,1036.552119,1036.552119,1036.552119,1036.5687357999996,1037.5523078999977,1037.5523078999977,1038.1528160000016,,,,,z,1,0.5932153000030667,None,pp2,001,2025-10-02_00h04.51.144,motor sequence,,2025.1.1,59.9517508303883,2025-10-02 00h05.04.931884 +0530,
150,v,179,179,43,v,1,1.706494099998963,None,,,,,43,179,179,1,1038.1688664999965,,1038.1533371999976,1038.1688664999965,1039.1520430000019,1039.1520430000019,1039.1520430000019,1039.1520430000019,1039.1687401999952,1040.1521060999949,1040.1521060999949,1041.869390699998,,,,,v,1,1.706494099998963,None,pp2,001,2025-10-02_00h04.51.144,motor sequence,,2025.1.1,59.9517508303883,2025-10-02 00h05.04.931884 +0530,
-150,z,180,180,46,z,1,0.6966009000025224,None,,,,,46,180,180,3,1041.8854810999983,,1041.8696769000017,1041.8854810999983,1042.8690864999953,1042.8690864999953,1042.8690864999953,1042.8690864999953,1042.8854520999957,1043.8690416999962,1043.8690416999962,1044.570050000002,,,,,z,1,0.6966009000025224,None,pp2,001,2025-10-02_00h04.51.144,motor sequence,,2025.1.1,59.9517508303883,2025-10-02 00h05.04.931884 +0530,
50,c,181,181,45,c,1,0.6651924000034342,None,,,,,45,181,181,2,1044.5854487999968,,1044.5704535999976,1044.5854487999968,1045.5855308999962,1045.5855308999962,1045.5855308999962,1045.5855308999962,1045.5855308999962,1046.585505199997,1046.585505199997,1047.252838399996,,,,,c,1,0.6651924000034342,None,pp2,001,2025-10-02_00h04.51.144,motor sequence,,2025.1.1,59.9517508303883,2025-10-02 00h05.04.931884 +0530,
150,v,182,182,44,v,1,0.8760020999980043,None,,,,,44,182,182,1,1047.269150299995,,1047.2534315000012,1047.269150299995,1048.252286899995,1048.252286899995,1048.252286899995,1048.252286899995,1048.2690717000005,1049.2529351999983,1049.2529351999983,1050.1359308999963,,,,,v,1,0.8760020999980043,None,pp2,001,2025-10-02_00h04.51.144,motor sequence,,2025.1.1,59.9517508303883,2025-10-02 00h05.04.931884 +0530,
150,v,183,183,45,v,1,0.7764359000066179,None,,,,,45,183,183,1,1050.1523486000006,,1050.136321500002,1050.1523486000006,1051.1354283999972,1051.1354283999972,1051.1354283999972,1051.1354283999972,1051.1522853999995,1052.1353818999996,1052.1353818999996,1052.9198178000006,,,,,v,1,0.7764359000066179,None,pp2,001,2025-10-02_00h04.51.144,motor sequence,,2025.1.1,59.9517508303883,2025-10-02 00h05.04.931884 +0530,
150,v,184,184,46,v,1,0.9896681999962311,None,,,,,46,184,184,1,1052.9355643999952,,1052.9205144000007,1052.9355643999952,1053.9192464000007,1053.9192464000007,1053.9192464000007,1053.9192464000007,1053.935398499998,1054.9190276000008,1054.9190276000008,1055.9199051999967,,,,,v,1,0.9896681999962311,None,pp2,001,2025-10-02_00h04.51.144,motor sequence,,2025.1.1,59.9517508303883,2025-10-02 00h05.04.931884 +0530,
50,c,185,185,46,c,1,0.7060827999957837,None,,,,,46,185,185,2,1055.9355671000012,,1055.9202575000018,1055.9355671000012,1056.935321099998,1056.935321099998,1056.935321099998,1056.935321099998,1056.935321099998,1057.918965799996,1057.918965799996,1058.6363083999968,,,,,c,1,0.7060827999957837,None,pp2,001,2025-10-02_00h04.51.144,motor sequence,,2025.1.1,59.9517508303883,2025-10-02 00h05.04.931884 +0530,
-50,x,186,186,45,x,1,0.667013099999167,None,,,,,45,186,186,0,1058.652366800001,,1058.6370867000005,1058.652366800001,1059.635445699998,1059.635445699998,1059.635445699998,1059.635445699998,1059.652370799995,1060.6354785000003,1060.6354785000003,1061.3194698000007,,,,,x,1,0.667013099999167,None,pp2,001,2025-10-02_00h04.51.144,motor sequence,,2025.1.1,59.9517508303883,2025-10-02 00h05.04.931884 +0530,
-150,z,187,187,47,z,1,0.9571710999953211,None,,,,,47,187,187,3,1061.335562799999,,1061.319864899997,1061.335562799999,1062.3191338999968,1062.3191338999968,1062.3191338999968,1062.3191338999968,1062.335460299997,1063.318991,1063.318991,1064.2885343999951,,,,,z,1,0.9571710999953211,None,pp2,001,2025-10-02_00h04.51.144,motor sequence,,2025.1.1,59.9517508303883,2025-10-02 00h05.04.931884 +0530,
-150,z,188,188,48,z,1,1.1000249999997322,None,,,,,48,188,188,3,1064.3022936999987,,1064.2894190000006,1064.3022936999987,1065.3023285999952,1065.3023285999952,1065.3023285999952,1065.3023285999952,1065.3023285999952,1066.302217299999,1066.302217299999,1067.4036382999984,,,,,z,1,1.1000249999997322,None,pp2,001,2025-10-02_00h04.51.144,motor sequence,,2025.1.1,59.9517508303883,2025-10-02 00h05.04.931884 +0530,
-50,x,189,189,46,x,1,0.7533037000030163,None,,,,,46,189,189,0,1067.4189530000003,,1067.4043033999988,1067.4189530000003,1068.4188628999982,1068.4188628999982,1068.4188628999982,1068.4188628999982,1068.4188628999982,1069.4189457999964,1069.4189457999964,1070.186305299998,,,,,x,1,0.7533037000030163,None,pp2,001,2025-10-02_00h04.51.144,motor sequence,,2025.1.1,59.9517508303883,2025-10-02 00h05.04.931884 +0530,
150,v,190,190,47,v,1,0.9542159999982687,None,,,,,47,190,190,1,1070.2023402999985,,1070.1867748000004,1070.2023402999985,1071.2022423999952,1071.2022423999952,1071.2022423999952,1071.2022423999952,1071.2022423999952,1072.1853908999983,1072.1853908999983,1073.1528564999971,,,,,v,1,0.9542159999982687,None,pp2,001,2025-10-02_00h04.51.144,motor sequence,,2025.1.1,59.9517508303883,2025-10-02 00h05.04.931884 +0530,
50,c,191,191,47,c,1,0.6478591000050073,None,,,,,47,191,191,2,1073.1688166999957,,1073.1532192000013,1073.1688166999957,1074.1521544999996,1074.1521544999996,1074.1521544999996,1074.1521544999996,1074.1689362999969,1075.152490200002,1075.152490200002,1075.8031617000015,,,,,c,1,0.6478591000050073,None,pp2,001,2025-10-02_00h04.51.144,motor sequence,,2025.1.1,59.9517508303883,2025-10-02 00h05.04.931884 +0530,
-50,x,192,192,47,x,1,0.8091109999950277,None,,,,,47,192,192,0,1075.818899400001,,1075.803861100001,1075.818899400001,1076.8189137000008,1076.8189137000008,1076.8189137000008,1076.8189137000008,1076.8189137000008,1077.8187607,1077.8187607,1078.6361705999952,,,,,x,1,0.8091109999950277,None,pp2,001,2025-10-02_00h04.51.144,motor sequence,,2025.1.1,59.9517508303883,2025-10-02 00h05.04.931884 +0530,
-50,x,193,193,48,x,1,0.5546332999947481,None,,,,,48,193,193,0,1078.6522557999997,,1078.636723800002,1078.6522557999997,1079.6353044999996,1079.6353044999996,1079.6353044999996,1079.6353044999996,1079.6521901000015,1080.6356195999979,1080.6356195999979,1081.2034802999988,,,,,x,1,0.5546332999947481,None,pp2,001,2025-10-02_00h04.51.144,motor sequence,,2025.1.1,59.9517508303883,2025-10-02 00h05.04.931884 +0530,
-150,z,194,194,49,z,1,0.9280385999954888,None,,,,,49,194,194,3,1081.219078000002,,1081.2040611999983,1081.219078000002,1082.2024849000009,1082.2024849000009,1082.2024849000009,1082.2024849000009,1082.2205153999967,1083.2194807999986,1083.2194807999986,1084.1531179000012,,,,,z,1,0.9280385999954888,None,pp2,001,2025-10-02_00h04.51.144,motor sequence,,2025.1.1,59.9517508303883,2025-10-02 00h05.04.931884 +0530,
50,c,195,195,48,c,1,1.0511782000030507,None,,,,,48,195,195,2,1084.1687804999965,,1084.153647799998,1084.1687804999965,1085.1688271999956,1085.1688271999956,1085.1688271999956,1085.1688271999956,1085.1688271999956,1086.1524830999988,1086.1524830999988,1087.2194294,,,,,c,1,1.0511782000030507,None,pp2,001,2025-10-02_00h04.51.144,motor sequence,,2025.1.1,59.9517508303883,2025-10-02 00h05.04.931884 +0530,
50,c,196,196,49,c,1,1.615690499995253,None,,,,,49,196,196,2,1087.2356203000018,,1087.2198407999967,1087.2356203000018,1088.2189153,1088.2189153,1088.2189153,1088.2189153,1088.235397999997,1089.2195569999967,1089.2195569999967,1090.853046600001,,,,,c,1,1.615690499995253,None,pp2,001,2025-10-02_00h04.51.144,motor sequence,,2025.1.1,59.9517508303883,2025-10-02 00h05.04.931884 +0530,
150,v,197,197,48,v,1,1.321141100001114,None,,,,,48,197,197,1,1090.8690825000012,,1090.853648299999,1090.8690825000012,1091.8530272999997,1091.8530272999997,1091.8530272999997,1091.8530272999997,1091.8689081999983,1092.8522794000019,1092.8522794000019,1094.1861302999969,,,,,v,1,1.321141100001114,None,pp2,001,2025-10-02_00h04.51.144,motor sequence,,2025.1.1,59.9517508303883,2025-10-02 00h05.04.931884 +0530,
150,v,198,198,49,v,1,1.1157833999968716,None,,,,,49,198,198,1,1094.2021876,,1094.1865426000004,1094.2021876,1095.1855291999964,1095.1855291999964,1095.1855291999964,1095.1855291999964,1095.2022893999965,1096.185855799995,1096.185855799995,1097.3037608000013,,,,,v,1,1.1157833999968716,None,pp2,001,2025-10-02_00h04.51.144,motor sequence,,2025.1.1,59.9517508303883,2025-10-02 00h05.04.931884 +0530,
-50,x,199,199,49,x,1,1.920087300000887,None,,,,,49,199,199,0,1097.318935999996,,1097.304477400001,1097.318935999996,1098.3189753999977,1098.3189753999977,1098.3189753999977,1098.3189753999977,1098.3189753999977,1099.3193800000008,1099.3193800000008,1101.2529763999992,,,,,x,1,1.920087300000887,None,pp2,001,2025-10-02_00h04.51.144,motor sequence,,2025.1.1,59.9517508303883,2025-10-02 00h05.04.931884 +0530,
