pos,corr_resp,thisN,thisTrialN,thisRepN,key_resp.keys,key_resp.corr,key_resp.rt,key_resp.duration,trials.thisRepN,trials.thisTrialN,trials.thisN,trials.thisIndex,trials_2.thisRepN,trials_2.thisTrialN,trials_2.thisN,trials_2.thisIndex,thisRow.t,notes,trial.started,fixation.started,line1.started,line2.started,line3.started,line4.started,fixation.stopped,probe.started,key_resp.started,trial.stopped,trials.key_resp.keys,trials.key_resp.corr,trials.key_resp.rt,trials.key_resp.duration,trials_2.key_resp.keys,trials_2.key_resp.corr,trials_2.key_resp.rt,trials_2.key_resp.duration,participant,session,date,expName,expVersion,psychopyVersion,frameRate,expStart,
-50,x,0,0,0,x,1,1.7966118999975151,None,0,0,0,0,,,,,0.04098580000572838,,0.03745600000547711,0.04098580000572838,0.9992128000012599,0.9992128000012599,0.9992128000012599,0.9992128000012599,1.0493447000044398,1.9993136000048253,1.9993136000048253,3.9190556000030483,x,1,1.7966118999975151,None,,,,,pp3,001,2025-10-02_01h19.06.674,motor sequence,,2025.1.1,60.114614524625765,2025-10-02 01h19.16.620664 +0530,
150,v,1,1,0,v,1,1.0045217000006232,None,0,1,1,1,,,,,3.9225829999995767,,3.919422700004361,3.9225829999995767,4.932581000000937,4.932581000000937,4.932581000000937,4.932581000000937,4.932581000000937,5.932677100005094,5.932677100005094,6.949876600003336,v,1,1.0045217000006232,None,,,,,pp3,001,2025-10-02_01h19.06.674,motor sequence,,2025.1.1,60.114614524625765,2025-10-02 01h19.16.620664 +0530,
50,c,2,2,0,c,1,0.3237493999986327,None,0,2,2,2,,,,,6.965909099999408,,6.950135899998713,6.965909099999408,7.949342300002172,7.949342300002172,7.949342300002172,7.949342300002172,7.966129600004933,8.949277300001995,8.949277300001995,9.282917500000622,c,1,0.3237493999986327,None,,,,,pp3,001,2025-10-02_01h19.06.674,motor sequence,,2025.1.1,60.114614524625765,2025-10-02 01h19.16.620664 +0530,
-150,z,3,3,0,z,1,0.4765537999992375,None,0,3,3,3,,,,,9.299162800001795,,9.283228200001759,9.299162800001795,10.282427400001325,10.282427400001325,10.282427400001325,10.282427400001325,10.299680200005241,11.282526499999221,11.282526499999221,11.766301200004818,z,1,0.4765537999992375,None,,,,,pp3,001,2025-10-02_01h19.06.674,motor sequence,,2025.1.1,60.114614524625765,2025-10-02 01h19.16.620664 +0530,
-50,x,4,0,1,x,1,0.3382165000002715,None,1,0,4,0,,,,,11.782837900005688,,11.76658160000079,11.782837900005688,12.76637770000525,12.76637770000525,12.76637770000525,12.76637770000525,12.782670400003553,13.766066200005298,13.766066200005298,14.116704300002311,x,1,0.3382165000002715,None,,,,,pp3,001,2025-10-02_01h19.06.674,motor sequence,,2025.1.1,60.114614524625765,2025-10-02 01h19.16.620664 +0530,
150,v,5,1,1,v,1,0.362102799997956,None,1,1,5,1,,,,,14.132632100001501,,14.117232900003728,14.132632100001501,15.116097099999024,15.116097099999024,15.116097099999024,15.116097099999024,15.132530900002166,16.115921299999172,16.115921299999172,16.482664600000135,v,1,0.362102799997956,None,,,,,pp3,001,2025-10-02_01h19.06.674,motor sequence,,2025.1.1,60.114614524625765,2025-10-02 01h19.16.620664 +0530,
50,c,6,2,1,c,1,0.35006170000269776,None,1,2,6,2,,,,,16.49920650000422,,16.48297530000127,16.49920650000422,17.482639200003177,17.482639200003177,17.482639200003177,17.482639200003177,17.49971910000022,18.48251970000274,18.48251970000274,18.849648300005356,c,1,0.35006170000269776,None,,,,,pp3,001,2025-10-02_01h19.06.674,motor sequence,,2025.1.1,60.114614524625765,2025-10-02 01h19.16.620664 +0530,
-150,z,7,3,1,z,1,0.43672650000371505,None,1,3,7,3,,,,,18.86596900000586,,18.84992520000378,18.86596900000586,19.849244800003362,19.849244800003362,19.849244800003362,19.849244800003362,19.865880299999844,20.84920100000454,20.84920100000454,21.299685800004227,z,1,0.43672650000371505,None,,,,,pp3,001,2025-10-02_01h19.06.674,motor sequence,,2025.1.1,60.114614524625765,2025-10-02 01h19.16.620664 +0530,
-50,x,8,0,2,x,1,0.38487099999474594,None,2,0,8,0,,,,,21.316010300004564,,21.300083000001905,21.316010300004564,22.324522100003378,22.324522100003378,22.324522100003378,22.324522100003378,22.324522100003378,23.299288900001557,23.299288900001557,23.69977270000527,x,1,0.38487099999474594,None,,,,,pp3,001,2025-10-02_01h19.06.674,motor sequence,,2025.1.1,60.114614524625765,2025-10-02 01h19.16.620664 +0530,
150,v,9,1,2,v,1,0.6772431999997934,None,2,1,9,1,,,,,23.715895000001183,,23.700093899999047,23.715895000001183,24.699403800004802,24.699403800004802,24.699403800004802,24.699403800004802,24.715985800001363,25.699410500004888,25.699410500004888,26.383505700003298,v,1,0.6772431999997934,None,,,,,pp3,001,2025-10-02_01h19.06.674,motor sequence,,2025.1.1,60.114614524625765,2025-10-02 01h19.16.620664 +0530,
50,c,10,2,2,c,1,0.6331632000001264,None,2,2,10,2,,,,,26.39927660000103,,26.38395440000022,26.39927660000103,27.38294440000027,27.38294440000027,27.38294440000027,27.38294440000027,27.39950289999979,28.39933369999926,28.39933369999926,29.03361489999952,c,1,0.6331632000001264,None,,,,,pp3,001,2025-10-02_01h19.06.674,motor sequence,,2025.1.1,60.114614524625765,2025-10-02 01h19.16.620664 +0530,
-150,z,11,3,2,z,1,0.9647963999959757,None,2,3,11,3,,,,,29.04925660000299,,29.03435100000206,29.04925660000299,30.04935110000224,30.04935110000224,30.04935110000224,30.04935110000224,30.04935110000224,31.03260460000456,31.03260460000456,32.000022300002456,z,1,0.9647963999959757,None,,,,,pp3,001,2025-10-02_01h19.06.674,motor sequence,,2025.1.1,60.114614524625765,2025-10-02 01h19.16.620664 +0530,
-50,x,12,0,3,x,1,0.4117926000035368,None,3,0,12,0,,,,,32.01584240000375,,32.00040119999903,32.01584240000375,32.999247200001264,32.999247200001264,32.999247200001264,32.999247200001264,33.01608370000031,33.99924060000194,33.99924060000194,34.416199100000085,x,1,0.4117926000035368,None,,,,,pp3,001,2025-10-02_01h19.06.674,motor sequence,,2025.1.1,60.114614524625765,2025-10-02 01h19.16.620664 +0530,
150,v,13,1,3,v,1,0.8895310999942012,None,3,1,13,1,,,,,34.43274509999901,,34.416530800001055,34.43274509999901,35.416050100000575,35.416050100000575,35.416050100000575,35.416050100000575,35.43275710000307,36.415907100003096,36.415907100003096,37.31620340000518,v,1,0.8895310999942012,None,,,,,pp3,001,2025-10-02_01h19.06.674,motor sequence,,2025.1.1,60.114614524625765,2025-10-02 01h19.16.620664 +0530,
50,c,14,2,3,c,1,0.4643577000024379,None,3,2,14,2,,,,,37.332603499999095,,37.31672890000482,37.332603499999095,38.31594700000278,38.31594700000278,38.31594700000278,38.31594700000278,38.332588700002816,39.31637420000334,39.31637420000334,39.78457890000573,c,1,0.4643577000024379,None,,,,,pp3,001,2025-10-02_01h19.06.674,motor sequence,,2025.1.1,60.114614524625765,2025-10-02 01h19.16.620664 +0530,
-150,z,15,3,3,z,1,0.919936799997231,None,3,3,15,3,,,,,39.79934990000038,,39.785077700005786,39.79934990000038,40.799490700002934,40.799490700002934,40.799490700002934,40.799490700002934,40.799490700002934,41.7993917000058,41.7993917000058,42.73299440000119,z,1,0.919936799997231,None,,,,,pp3,001,2025-10-02_01h19.06.674,motor sequence,,2025.1.1,60.114614524625765,2025-10-02 01h19.16.620664 +0530,
-50,x,16,0,4,x,1,0.41369380000105593,None,4,0,16,0,,,,,42.74942720000399,,42.733349800000724,42.74942720000399,43.73286240000016,43.73286240000016,43.73286240000016,43.73286240000016,43.75044780000462,44.73261410000123,44.73261410000123,45.14965650000522,x,1,0.41369380000105593,None,,,,,pp3,001,2025-10-02_01h19.06.674,motor sequence,,2025.1.1,60.114614524625765,2025-10-02 01h19.16.620664 +0530,
150,v,17,1,4,v,1,1.0100565999964601,None,4,1,17,1,,,,,45.16597090000141,,45.150074800003495,45.16597090000141,46.14969860000565,46.14969860000565,46.14969860000565,46.14969860000565,46.16593760000251,47.15042550000362,47.15042550000362,48.167142300000705,v,1,1.0100565999964601,None,,,,,pp3,001,2025-10-02_01h19.06.674,motor sequence,,2025.1.1,60.114614524625765,2025-10-02 01h19.16.620664 +0530,
50,c,18,2,4,c,1,0.5865264000021853,None,4,2,18,2,,,,,48.18264790000103,,48.1675308000049,48.18264790000103,49.16571750000003,49.16571750000003,49.16571750000003,49.16571750000003,49.18413020000298,50.18268480000552,50.18268480000552,50.78321440000582,c,1,0.5865264000021853,None,,,,,pp3,001,2025-10-02_01h19.06.674,motor sequence,,2025.1.1,60.114614524625765,2025-10-02 01h19.16.620664 +0530,
-150,z,19,3,4,z,1,1.003266399995482,None,4,3,19,3,,,,,50.79953889999888,,50.783515400005854,50.79953889999888,51.78264710000076,51.78264710000076,51.78264710000076,51.78264710000076,51.79942010000377,52.783308700003545,52.783308700003545,53.79994799999986,z,1,1.003266399995482,None,,,,,pp3,001,2025-10-02_01h19.06.674,motor sequence,,2025.1.1,60.114614524625765,2025-10-02 01h19.16.620664 +0530,
-50,x,20,0,5,x,1,0.3837660999997752,None,5,0,20,0,,,,,53.81589640000311,,53.80041560000245,53.81589640000311,54.799510400000145,54.799510400000145,54.799510400000145,54.799510400000145,54.815875100000994,55.79940820000047,55.79940820000047,56.20040639999934,x,1,0.3837660999997752,None,,,,,pp3,001,2025-10-02_01h19.06.674,motor sequence,,2025.1.1,60.114614524625765,2025-10-02 01h19.16.620664 +0530,
150,v,21,1,5,v,1,0.8752123000012944,None,5,1,21,1,,,,,56.215951099999074,,56.20062070000131,56.215951099999074,57.21593869999924,57.21593869999924,57.21593869999924,57.21593869999924,57.21593869999924,58.1994068999993,58.1994068999993,59.08300099999906,v,1,0.8752123000012944,None,,,,,pp3,001,2025-10-02_01h19.06.674,motor sequence,,2025.1.1,60.114614524625765,2025-10-02 01h19.16.620664 +0530,
50,c,22,2,5,c,1,0.38601439999911236,None,5,2,22,2,,,,,59.099305900002946,,59.08325490000425,59.099305900002946,60.0827575000003,60.0827575000003,60.0827575000003,60.0827575000003,60.099697199999355,61.08254760000273,61.08254760000273,61.48336769999878,c,1,0.38601439999911236,None,,,,,pp3,001,2025-10-02_01h19.06.674,motor sequence,,2025.1.1,60.114614524625765,2025-10-02 01h19.16.620664 +0530,
-150,z,23,3,5,z,1,0.39981059999990975,None,5,3,23,3,,,,,61.49928699999873,,61.483840100001544,61.49928699999873,62.482559299998684,62.482559299998684,62.482559299998684,62.482559299998684,62.499227600004815,63.48241670000425,63.48241670000425,63.883164200000465,z,1,0.39981059999990975,None,,,,,pp3,001,2025-10-02_01h19.06.674,motor sequence,,2025.1.1,60.114614524625765,2025-10-02 01h19.16.620664 +0530,
-50,x,24,0,6,x,1,0.3238245000029565,None,6,0,24,0,,,,,63.89928000000509,,63.88359689999925,63.89928000000509,64.88250510000216,64.88250510000216,64.88250510000216,64.88250510000216,64.89922350000415,65.88270420000481,65.88270420000481,66.21632859999954,x,1,0.3238245000029565,None,,,,,pp3,001,2025-10-02_01h19.06.674,motor sequence,,2025.1.1,60.114614524625765,2025-10-02 01h19.16.620664 +0530,
150,v,25,1,6,v,1,0.6570494999978109,None,6,1,25,1,,,,,66.23266770000191,,66.2167272000006,66.23266770000191,67.21655840000312,67.21655840000312,67.21655840000312,67.21655840000312,67.23259350000444,68.21600030000263,68.21600030000263,68.88322980000521,v,1,0.6570494999978109,None,,,,,pp3,001,2025-10-02_01h19.06.674,motor sequence,,2025.1.1,60.114614524625765,2025-10-02 01h19.16.620664 +0530,
50,c,26,2,6,c,1,0.5975283000007039,None,6,2,26,2,,,,,68.89920830000483,,68.88356080000085,68.89920830000483,69.8826468000043,69.8826468000043,69.8826468000043,69.8826468000043,69.89917180000339,70.88263569999981,70.88263569999981,71.48341269999946,c,1,0.5975283000007039,None,,,,,pp3,001,2025-10-02_01h19.06.674,motor sequence,,2025.1.1,60.114614524625765,2025-10-02 01h19.16.620664 +0530,
-150,z,27,3,6,z,1,0.7001476000004914,None,6,3,27,3,,,,,71.49962710000545,,71.48379180000484,71.49962710000545,72.48268230000394,72.48268230000394,72.48268230000394,72.48268230000394,72.49938790000306,73.50030659999902,73.50030659999902,74.21644840000226,z,1,0.7001476000004914,None,,,,,pp3,001,2025-10-02_01h19.06.674,motor sequence,,2025.1.1,60.114614524625765,2025-10-02 01h19.16.620664 +0530,
-50,x,28,0,7,x,1,0.4555289999989327,None,7,0,28,0,,,,,74.23336270000436,,74.21669470000052,74.23336270000436,75.21609819999867,75.21609819999867,75.21609819999867,75.21609819999867,75.23321510000096,76.21593690000009,76.21593690000009,76.68314780000219,x,1,0.4555289999989327,None,,,,,pp3,001,2025-10-02_01h19.06.674,motor sequence,,2025.1.1,60.114614524625765,2025-10-02 01h19.16.620664 +0530,
150,v,29,1,7,v,1,0.4831263999949442,None,7,1,29,1,,,,,76.69933840000158,,76.68357130000368,76.69933840000158,77.68293930000073,77.68293930000073,77.68293930000073,77.68293930000073,77.69926850000047,78.68258600000263,78.68258600000263,79.16650400000071,v,1,0.4831263999949442,None,,,,,pp3,001,2025-10-02_01h19.06.674,motor sequence,,2025.1.1,60.114614524625765,2025-10-02 01h19.16.620664 +0530,
50,c,30,2,7,c,1,0.5854283999942709,None,7,2,30,2,,,,,79.18308370000159,,79.1668909,79.18308370000159,80.16598460000387,80.16598460000387,80.16598460000387,80.16598460000387,80.1827947999991,81.16607030000159,81.16607030000159,81.76670559999911,c,1,0.5854283999942709,None,,,,,pp3,001,2025-10-02_01h19.06.674,motor sequence,,2025.1.1,60.114614524625765,2025-10-02 01h19.16.620664 +0530,
-150,z,31,3,7,z,1,1.1705994000003557,None,7,3,31,3,,,,,81.78316940000514,,81.76708150000195,81.78316940000514,82.7659621999992,82.7659621999992,82.7659621999992,82.7659621999992,82.7825257000004,83.76600719999988,83.76600719999988,84.94962180000584,z,1,1.1705994000003557,None,,,,,pp3,001,2025-10-02_01h19.06.674,motor sequence,,2025.1.1,60.114614524625765,2025-10-02 01h19.16.620664 +0530,
-50,x,32,0,8,x,1,0.4550718999962555,None,8,0,32,0,,,,,84.96615559999918,,84.94983240000147,84.96615559999918,85.94937070000015,85.94937070000015,85.94937070000015,85.94937070000015,85.96586799999932,86.9493833000015,86.9493833000015,87.41623529999924,x,1,0.4550718999962555,None,,,,,pp3,001,2025-10-02_01h19.06.674,motor sequence,,2025.1.1,60.114614524625765,2025-10-02 01h19.16.620664 +0530,
150,v,33,1,8,v,1,0.6006243000010727,None,8,1,33,1,,,,,87.43262450000475,,87.41663859999971,87.43262450000475,88.41722290000325,88.41722290000325,88.41722290000325,88.41722290000325,88.43293410000479,89.41594820000319,89.41594820000319,90.03290030000062,v,1,0.6006243000010727,None,,,,,pp3,001,2025-10-02_01h19.06.674,motor sequence,,2025.1.1,60.114614524625765,2025-10-02 01h19.16.620664 +0530,
50,c,34,2,8,c,1,0.4220547000004444,None,8,2,34,2,,,,,90.04918180000095,,90.03319449999981,90.04918180000095,91.03259870000329,91.03259870000329,91.03259870000329,91.03259870000329,91.04930050000257,92.03263230000448,92.03263230000448,92.46619220000139,c,1,0.4220547000004444,None,,,,,pp3,001,2025-10-02_01h19.06.674,motor sequence,,2025.1.1,60.114614524625765,2025-10-02 01h19.16.620664 +0530,
-150,z,35,3,8,z,1,0.5228499999939231,None,8,3,35,3,,,,,92.48267650000344,,92.46639750000031,92.48267650000344,93.46599190000416,93.46599190000416,93.46599190000416,93.46599190000416,93.48273770000378,94.46578600000066,94.46578600000066,95.00019550000434,z,1,0.5228499999939231,None,,,,,pp3,001,2025-10-02_01h19.06.674,motor sequence,,2025.1.1,60.114614524625765,2025-10-02 01h19.16.620664 +0530,
-50,x,36,0,9,x,1,0.4736731000011787,None,9,0,36,0,,,,,95.01697470000363,,95.00045340000361,95.01697470000363,95.99938750000001,95.99938750000001,95.99938750000001,95.99938750000001,96.01617249999981,96.99942580000061,96.99942580000061,97.48343600000226,x,1,0.4736731000011787,None,,,,,pp3,001,2025-10-02_01h19.06.674,motor sequence,,2025.1.1,60.114614524625765,2025-10-02 01h19.16.620664 +0530,
150,v,37,1,9,v,1,0.6718184999990626,None,9,1,37,1,,,,,97.49936860000162,,97.48390160000417,97.49936860000162,98.48263270000461,98.48263270000461,98.48263270000461,98.48263270000461,98.49945339999977,99.48278019999998,99.48278019999998,100.16690270000254,v,1,0.6718184999990626,None,,,,,pp3,001,2025-10-02_01h19.06.674,motor sequence,,2025.1.1,60.114614524625765,2025-10-02 01h19.16.620664 +0530,
50,c,38,2,9,c,1,0.6531949999989592,None,9,2,38,2,,,,,100.1829113000058,,100.16749210000125,100.1829113000058,101.16636280000239,101.16636280000239,101.16636280000239,101.16636280000239,101.18321220000507,102.16605749999871,102.16605749999871,102.83338240000012,c,1,0.6531949999989592,None,,,,,pp3,001,2025-10-02_01h19.06.674,motor sequence,,2025.1.1,60.114614524625765,2025-10-02 01h19.16.620664 +0530,
-150,z,39,3,9,z,1,0.5991784999932861,None,9,3,39,3,,,,,102.84932560000016,,102.83361280000099,102.84932560000016,103.83267300000443,103.83267300000443,103.83267300000443,103.83267300000443,103.84943280000152,104.83262410000316,104.83262410000316,105.4341024000023,z,1,0.5991784999932861,None,,,,,pp3,001,2025-10-02_01h19.06.674,motor sequence,,2025.1.1,60.114614524625765,2025-10-02 01h19.16.620664 +0530,
-50,x,40,0,10,x,1,0.6040595000013127,None,10,0,40,0,,,,,105.44945390000066,,105.4344385000004,105.44945390000066,106.44953000000532,106.44953000000532,106.44953000000532,106.44953000000532,106.44953000000532,107.44932930000505,107.44932930000505,108.06652400000166,x,1,0.6040595000013127,None,,,,,pp3,001,2025-10-02_01h19.06.674,motor sequence,,2025.1.1,60.114614524625765,2025-10-02 01h19.16.620664 +0530,
150,v,41,1,10,v,1,1.168652699998347,None,10,1,41,1,,,,,108.08279920000496,,108.06672960000287,108.08279920000496,109.06614890000492,109.06614890000492,109.06614890000492,109.06614890000492,109.08280319999903,110.06589299999905,110.06589299999905,111.25022120000358,v,1,1.168652699998347,None,,,,,pp3,001,2025-10-02_01h19.06.674,motor sequence,,2025.1.1,60.114614524625765,2025-10-02 01h19.16.620664 +0530,
50,c,42,2,10,c,1,0.5232514000017545,None,10,2,42,2,,,,,111.26636520000466,,111.25046400000429,111.26636520000466,112.2494325000007,112.2494325000007,112.2494325000007,112.2494325000007,112.26604700000462,113.26596309999877,113.26596309999877,113.79987330000586,c,1,0.5232514000017545,None,,,,,pp3,001,2025-10-02_01h19.06.674,motor sequence,,2025.1.1,60.114614524625765,2025-10-02 01h19.16.620664 +0530,
-150,z,43,3,10,z,1,0.500170999999682,None,10,3,43,3,,,,,113.81626659999893,,113.80014590000064,113.81626659999893,114.7992388000057,114.7992388000057,114.7992388000057,114.7992388000057,114.81614490000356,115.799242400004,115.799242400004,116.31626099999994,z,1,0.500170999999682,None,,,,,pp3,001,2025-10-02_01h19.06.674,motor sequence,,2025.1.1,60.114614524625765,2025-10-02 01h19.16.620664 +0530,
-50,x,44,0,11,x,1,0.5861203000022215,None,11,0,44,0,,,,,116.33259040000121,,116.31650160000572,116.33259040000121,117.3158384000053,117.3158384000053,117.3158384000053,117.3158384000053,117.33250950000365,118.3160097,118.3160097,118.91636740000104,x,1,0.5861203000022215,None,,,,,pp3,001,2025-10-02_01h19.06.674,motor sequence,,2025.1.1,60.114614524625765,2025-10-02 01h19.16.620664 +0530,
150,v,45,1,11,v,1,0.6144578000021284,None,11,1,45,1,,,,,118.93283879999944,,118.91671209999913,118.93283879999944,119.91602830000193,119.91602830000193,119.91602830000193,119.91602830000193,119.93293960000301,120.91589720000047,120.91589720000047,121.53331140000228,v,1,0.6144578000021284,None,,,,,pp3,001,2025-10-02_01h19.06.674,motor sequence,,2025.1.1,60.114614524625765,2025-10-02 01h19.16.620664 +0530,
50,c,46,2,11,c,1,0.4829338999988977,None,11,2,46,2,,,,,121.5493362000052,,121.5335597000012,121.5493362000052,122.5327305000028,122.5327305000028,122.5327305000028,122.5327305000028,122.54929520000587,123.53274980000424,123.53274980000424,124.01620550000371,c,1,0.4829338999988977,None,,,,,pp3,001,2025-10-02_01h19.06.674,motor sequence,,2025.1.1,60.114614524625765,2025-10-02 01h19.16.620664 +0530,
-150,z,47,3,11,z,1,1.17783480000071,None,11,3,47,3,,,,,124.03259470000194,,124.01645260000078,124.03259470000194,125.0160274000009,125.0160274000009,125.0160274000009,125.0160274000009,125.03270039999916,126.0159793999992,126.0159793999992,127.19965180000145,z,1,1.17783480000071,None,,,,,pp3,001,2025-10-02_01h19.06.674,motor sequence,,2025.1.1,60.114614524625765,2025-10-02 01h19.16.620664 +0530,
-50,x,48,0,12,x,1,0.45297340000252007,None,12,0,48,0,,,,,127.21599560000323,,127.19990940000571,127.21599560000323,128.19950330000574,128.19950330000574,128.19950330000574,128.19950330000574,128.21586240000033,129.1994324000043,129.1994324000043,129.66692930000136,x,1,0.45297340000252007,None,,,,,pp3,001,2025-10-02_01h19.06.674,motor sequence,,2025.1.1,60.114614524625765,2025-10-02 01h19.16.620664 +0530,
150,v,49,1,12,v,1,0.806806399996276,None,12,1,49,1,,,,,129.68263500000467,,129.6671841999996,129.68263500000467,130.66595470000175,130.66595470000175,130.66595470000175,130.66595470000175,130.68278250000003,131.6828921999986,131.6828921999986,132.5004814000058,v,1,0.806806399996276,None,,,,,pp3,001,2025-10-02_01h19.06.674,motor sequence,,2025.1.1,60.114614524625765,2025-10-02 01h19.16.620664 +0530,
50,c,50,2,12,c,1,0.48273519999929704,None,12,2,50,2,,,,,132.5161156000031,,132.50122650000412,132.5161156000031,133.51580690000264,133.51580690000264,133.51580690000264,133.51580690000264,133.51580690000264,134.49938470000052,134.49938470000052,134.98352929999965,c,1,0.48273519999929704,None,,,,,pp3,001,2025-10-02_01h19.06.674,motor sequence,,2025.1.1,60.114614524625765,2025-10-02 01h19.16.620664 +0530,
-150,z,51,3,12,z,1,1.355005400000664,None,12,3,51,3,,,,,134.99995160000253,,134.9837600000028,134.99995160000253,135.9825889000058,135.9825889000058,135.9825889000058,135.9825889000058,135.9994483000046,136.98253130000376,136.98253130000376,138.3497009000057,z,1,1.355005400000664,None,,,,,pp3,001,2025-10-02_01h19.06.674,motor sequence,,2025.1.1,60.114614524625765,2025-10-02 01h19.16.620664 +0530,
-50,x,52,0,13,x,1,0.6041960000002291,None,13,0,52,0,,,,,138.36658660000103,,138.3500142000048,138.36658660000103,139.34934160000557,139.34934160000557,139.34934160000557,139.34934160000557,139.3660491000046,140.34931330000109,140.34931330000109,140.96660530000372,x,1,0.6041960000002291,None,,,,,pp3,001,2025-10-02_01h19.06.674,motor sequence,,2025.1.1,60.114614524625765,2025-10-02 01h19.16.620664 +0530,
150,v,53,1,13,v,1,0.7689630000022589,None,13,1,53,1,,,,,140.9827060000025,,140.96697230000427,140.9827060000025,141.9664219000042,141.9664219000042,141.9664219000042,141.9664219000042,141.98277590000362,142.96628300000157,142.96628300000157,143.74991030000092,v,1,0.7689630000022589,None,,,,,pp3,001,2025-10-02_01h19.06.674,motor sequence,,2025.1.1,60.114614524625765,2025-10-02 01h19.16.620664 +0530,
50,c,54,2,13,c,1,0.3709841000018059,None,13,2,54,2,,,,,143.76700050000363,,143.75037829999928,143.76700050000363,144.74980510000023,144.74980510000023,144.74980510000023,144.74980510000023,144.7659679999997,145.7494035999989,145.7494035999989,146.1330786000035,c,1,0.3709841000018059,None,,,,,pp3,001,2025-10-02_01h19.06.674,motor sequence,,2025.1.1,60.114614524625765,2025-10-02 01h19.16.620664 +0530,
-150,z,55,3,13,z,1,0.3966182000003755,None,13,3,55,3,,,,,146.14940610000485,,146.1333556000027,146.14940610000485,147.13255819999904,147.13255819999904,147.13255819999904,147.13255819999904,147.14926689999993,148.1326848000026,148.1326848000026,148.53326260000176,z,1,0.3966182000003755,None,,,,,pp3,001,2025-10-02_01h19.06.674,motor sequence,,2025.1.1,60.114614524625765,2025-10-02 01h19.16.620664 +0530,
-50,x,56,0,14,x,1,0.45426059999590507,None,14,0,56,0,,,,,148.54933850000089,,148.53357310000138,148.54933850000089,149.53267090000008,149.53267090000008,149.53267090000008,149.53267090000008,149.5503521999999,150.53406890000042,150.53406890000042,150.99981990000379,x,1,0.45426059999590507,None,,,,,pp3,001,2025-10-02_01h19.06.674,motor sequence,,2025.1.1,60.114614524625765,2025-10-02 01h19.16.620664 +0530,
150,v,57,1,14,v,1,0.7462039999954868,None,14,1,57,1,,,,,151.01606990000437,,151.00014500000543,151.01606990000437,151.99942480000027,151.99942480000027,151.99942480000027,151.99942480000027,152.01590130000113,152.9993803000034,152.9993803000034,153.75022220000392,v,1,0.7462039999954868,None,,,,,pp3,001,2025-10-02_01h19.06.674,motor sequence,,2025.1.1,60.114614524625765,2025-10-02 01h19.16.620664 +0530,
50,c,58,2,14,c,1,0.5735803999996278,None,14,2,58,2,,,,,153.76590230000147,,153.75043079999887,153.76590230000147,154.74919310000405,154.74919310000405,154.74919310000405,154.74919310000405,154.76599500000157,155.7492420999988,155.7492420999988,156.33314560000144,c,1,0.5735803999996278,None,,,,,pp3,001,2025-10-02_01h19.06.674,motor sequence,,2025.1.1,60.114614524625765,2025-10-02 01h19.16.620664 +0530,
-150,z,59,3,14,z,1,0.698096499996609,None,14,3,59,3,,,,,156.34930120000354,,156.33351750000293,156.34930120000354,157.33286280000175,157.33286280000175,157.33286280000175,157.33286280000175,157.3492555000048,158.33264690000215,158.33264690000215,159.03332810000575,z,1,0.698096499996609,None,,,,,pp3,001,2025-10-02_01h19.06.674,motor sequence,,2025.1.1,60.114614524625765,2025-10-02 01h19.16.620664 +0530,
-50,x,60,0,15,x,1,0.474807000005967,None,15,0,60,0,,,,,159.0494478000037,,159.0336138000057,159.0494478000037,160.03269510000246,160.03269510000246,160.03269510000246,160.03269510000246,160.04945289999887,161.032749900005,161.032749900005,161.51698659999965,x,1,0.474807000005967,None,,,,,pp3,001,2025-10-02_01h19.06.674,motor sequence,,2025.1.1,60.114614524625765,2025-10-02 01h19.16.620664 +0530,
150,v,61,1,15,v,1,0.7289195999983349,None,15,1,61,1,,,,,161.5334401,,161.51721720000205,161.5334401,162.51581860000442,162.51581860000442,162.51581860000442,162.51581860000442,162.53402800000185,163.51602660000208,163.51602660000208,164.2502511000057,v,1,0.7289195999983349,None,,,,,pp3,001,2025-10-02_01h19.06.674,motor sequence,,2025.1.1,60.114614524625765,2025-10-02 01h19.16.620664 +0530,
50,c,62,2,15,c,1,0.41801500000292435,None,15,2,62,2,,,,,164.26596450000216,,164.25059320000582,164.26596450000216,165.26587730000028,165.26587730000028,165.26587730000028,165.26587730000028,165.26587730000028,166.24957520000316,166.24957520000316,166.6831372000015,c,1,0.41801500000292435,None,,,,,pp3,001,2025-10-02_01h19.06.674,motor sequence,,2025.1.1,60.114614524625765,2025-10-02 01h19.16.620664 +0530,
-150,z,63,3,15,z,1,1.1351384000008693,None,15,3,63,3,,,,,166.69941900000413,,166.6834913000057,166.69941900000413,167.6826755000002,167.6826755000002,167.6826755000002,167.6826755000002,167.69941040000413,168.6827351000029,168.6827351000029,169.83360060000268,z,1,1.1351384000008693,None,,,,,pp3,001,2025-10-02_01h19.06.674,motor sequence,,2025.1.1,60.114614524625765,2025-10-02 01h19.16.620664 +0530,
-50,x,64,0,16,x,1,0.46491360000072746,None,16,0,64,0,,,,,169.84948770000483,,169.8339139000018,169.84948770000483,170.83327880000434,170.83327880000434,170.83327880000434,170.83327880000434,170.85020470000018,171.83273259999987,171.83273259999987,172.30005840000376,x,1,0.46491360000072746,None,,,,,pp3,001,2025-10-02_01h19.06.674,motor sequence,,2025.1.1,60.114614524625765,2025-10-02 01h19.16.620664 +0530,
150,v,65,1,16,v,1,0.8578809999962687,None,16,1,65,1,,,,,172.31638950000342,,172.30052860000433,172.31638950000342,173.29919869999867,173.29919869999867,173.29919869999867,173.29919869999867,173.31652849999955,174.29939780000132,174.29939780000132,175.166999400004,v,1,0.8578809999962687,None,,,,,pp3,001,2025-10-02_01h19.06.674,motor sequence,,2025.1.1,60.114614524625765,2025-10-02 01h19.16.620664 +0530,
50,c,66,2,16,c,1,0.43673210000270046,None,16,2,66,2,,,,,175.1827185000002,,175.16731230000005,175.1827185000002,176.18376659999922,176.18376659999922,176.18376659999922,176.18376659999922,176.18376659999922,177.18268670000543,177.18268670000543,177.6332734000025,c,1,0.43673210000270046,None,,,,,pp3,001,2025-10-02_01h19.06.674,motor sequence,,2025.1.1,60.114614524625765,2025-10-02 01h19.16.620664 +0530,
-150,z,67,3,16,z,1,0.5829173000020091,None,16,3,67,3,,,,,177.64946440000494,,177.63370540000324,177.64946440000494,178.63255510000454,178.63255510000454,178.63255510000454,178.63255510000454,178.64938870000333,179.63286080000398,179.63286080000398,180.2177998000043,z,1,0.5829173000020091,None,,,,,pp3,001,2025-10-02_01h19.06.674,motor sequence,,2025.1.1,60.114614524625765,2025-10-02 01h19.16.620664 +0530,
-50,x,68,0,17,x,1,0.8967833999995491,None,17,0,68,0,,,,,180.2327254000047,,180.21825589999935,180.2327254000047,181.23304740000458,181.23304740000458,181.23304740000458,181.23304740000458,181.23304740000458,182.21621140000207,182.21621140000207,183.11655070000415,x,1,0.8967833999995491,None,,,,,pp3,001,2025-10-02_01h19.06.674,motor sequence,,2025.1.1,60.114614524625765,2025-10-02 01h19.16.620664 +0530,
150,v,69,1,17,v,1,0.8137518000003183,None,17,1,69,1,,,,,183.13263730000472,,183.11687560000428,183.13263730000472,184.1159753000029,184.1159753000029,184.1159753000029,184.1159753000029,184.13280130000203,185.11612700000114,185.11612700000114,185.93298309999955,v,1,0.8137518000003183,None,,,,,pp3,001,2025-10-02_01h19.06.674,motor sequence,,2025.1.1,60.114614524625765,2025-10-02 01h19.16.620664 +0530,
50,c,70,2,17,c,1,0.6021388000008301,None,17,2,70,2,,,,,185.94943680000142,,185.9332113000055,185.94943680000142,186.93286079999962,186.93286079999962,186.93286079999962,186.93286079999962,186.9495558999988,187.93267290000222,187.93267290000222,188.55012830000487,c,1,0.6021388000008301,None,,,,,pp3,001,2025-10-02_01h19.06.674,motor sequence,,2025.1.1,60.114614524625765,2025-10-02 01h19.16.620664 +0530,
-150,z,71,3,17,z,1,0.8078445999999531,None,17,3,71,3,,,,,188.56643590000022,,188.55037870000524,188.56643590000022,189.54931130000477,189.54931130000477,189.54931130000477,189.54931130000477,189.56591900000058,190.5494647000014,190.5494647000014,191.36670669999876,z,1,0.8078445999999531,None,,,,,pp3,001,2025-10-02_01h19.06.674,motor sequence,,2025.1.1,60.114614524625765,2025-10-02 01h19.16.620664 +0530,
-50,x,72,0,18,v,0,1.5604454999993322,None,18,0,72,0,,,,,191.3830225999991,,191.36715930000355,191.3830225999991,192.36593500000163,192.36593500000163,192.36593500000163,192.36593500000163,192.38259069999913,193.36614230000123,193.36614230000123,194.93466379999882,v,0,1.5604454999993322,None,,,,,pp3,001,2025-10-02_01h19.06.674,motor sequence,,2025.1.1,60.114614524625765,2025-10-02 01h19.16.620664 +0530,
150,v,73,1,18,v,1,1.254376000004413,None,18,1,73,1,,,,,194.94956490000186,,194.93537660000584,194.94956490000186,195.94937280000158,195.94937280000158,195.94937280000158,195.94937280000158,195.94937280000158,196.94920600000478,196.94920600000478,198.21676950000256,v,1,1.254376000004413,None,,,,,pp3,001,2025-10-02_01h19.06.674,motor sequence,,2025.1.1,60.114614524625765,2025-10-02 01h19.16.620664 +0530,
50,c,74,2,18,c,1,0.8180365000007441,None,18,2,74,2,,,,,198.23269879999862,,198.21724910000194,198.23269879999862,199.21628500000224,199.21628500000224,199.21628500000224,199.21628500000224,199.23287730000447,200.21654770000168,200.21654770000168,201.04996970000502,c,1,0.8180365000007441,None,,,,,pp3,001,2025-10-02_01h19.06.674,motor sequence,,2025.1.1,60.114614524625765,2025-10-02 01h19.16.620664 +0530,
-150,z,75,3,18,z,1,0.6695445000004838,None,18,3,75,3,,,,,201.06606170000305,,201.05025720000413,201.06606170000305,202.0495019000009,202.0495019000009,202.0495019000009,202.0495019000009,202.06582609999896,203.04970990000584,203.04970990000584,203.7333906999993,z,1,0.6695445000004838,None,,,,,pp3,001,2025-10-02_01h19.06.674,motor sequence,,2025.1.1,60.114614524625765,2025-10-02 01h19.16.620664 +0530,
-50,x,76,0,19,x,1,1.361676799999259,None,19,0,76,0,,,,,203.7494452000028,,203.73376590000407,203.7494452000028,204.73275870000361,204.73275870000361,204.73275870000361,204.73275870000361,204.7493478000033,205.7326761000004,205.7326761000004,207.1000295000049,x,1,1.361676799999259,None,,,,,pp3,001,2025-10-02_01h19.06.674,motor sequence,,2025.1.1,60.114614524625765,2025-10-02 01h19.16.620664 +0530,
150,v,77,1,19,v,1,0.7292270000034478,None,19,1,77,1,,,,,207.1161506999997,,207.10060109999904,207.1161506999997,208.09948190000432,208.09948190000432,208.09948190000432,208.09948190000432,208.11615919999895,209.09942910000245,209.09942910000245,209.8331481999994,v,1,0.7292270000034478,None,,,,,pp3,001,2025-10-02_01h19.06.674,motor sequence,,2025.1.1,60.114614524625765,2025-10-02 01h19.16.620664 +0530,
50,c,78,2,19,c,1,0.4615399000031175,None,19,2,78,2,,,,,209.85030610000103,,209.83347620000131,209.85030610000103,210.83276730000216,210.83276730000216,210.83276730000216,210.83276730000216,210.84943629999907,211.8338520000034,211.8338520000034,212.29972680000355,c,1,0.4615399000031175,None,,,,,pp3,001,2025-10-02_01h19.06.674,motor sequence,,2025.1.1,60.114614524625765,2025-10-02 01h19.16.620664 +0530,
-150,z,79,3,19,z,1,0.8248318999976618,None,19,3,79,3,,,,,212.31607340000483,,212.30003160000342,212.31607340000483,213.29942740000115,213.29942740000115,213.29942740000115,213.29942740000115,213.31594570000016,214.2993157000019,214.2993157000019,215.1332945000031,z,1,0.8248318999976618,None,,,,,pp3,001,2025-10-02_01h19.06.674,motor sequence,,2025.1.1,60.114614524625765,2025-10-02 01h19.16.620664 +0530,
-50,x,80,0,20,x,1,0.5346712000027765,None,20,0,80,0,,,,,215.14935890000197,,215.1336678000007,215.14935890000197,216.13286610000068,216.13286610000068,216.13286610000068,216.13286610000068,216.1494434000051,217.13289800000348,217.13289800000348,217.68349529999978,x,1,0.5346712000027765,None,,,,,pp3,001,2025-10-02_01h19.06.674,motor sequence,,2025.1.1,60.114614524625765,2025-10-02 01h19.16.620664 +0530,
150,v,81,1,20,v,1,0.8669022000030964,None,20,1,81,1,,,,,217.69960680000077,,217.68373229999997,217.69960680000077,218.68280400000367,218.68280400000367,218.68280400000367,218.68280400000367,218.6996083000049,219.68386399999872,219.68386399999872,220.5664459000036,v,1,0.8669022000030964,None,,,,,pp3,001,2025-10-02_01h19.06.674,motor sequence,,2025.1.1,60.114614524625765,2025-10-02 01h19.16.620664 +0530,
50,c,82,2,20,c,1,0.45064280000224244,None,20,2,82,2,,,,,220.58261490000586,,220.56693090000044,220.58261490000586,221.5659283999994,221.5659283999994,221.5659283999994,221.5659283999994,221.58282390000386,222.56613630000356,222.56613630000356,223.0332761000027,c,1,0.45064280000224244,None,,,,,pp3,001,2025-10-02_01h19.06.674,motor sequence,,2025.1.1,60.114614524625765,2025-10-02 01h19.16.620664 +0530,
-150,z,83,3,20,z,1,0.7006621999971685,None,20,3,83,3,,,,,223.04939400000148,,223.03355870000087,223.04939400000148,224.03273920000356,224.03273920000356,224.03273920000356,224.03273920000356,224.04943910000293,225.03283780000493,225.03283780000493,225.74987650000548,z,1,0.7006621999971685,None,,,,,pp3,001,2025-10-02_01h19.06.674,motor sequence,,2025.1.1,60.114614524625765,2025-10-02 01h19.16.620664 +0530,
-50,x,84,0,21,x,1,0.6128421999965212,None,21,0,84,0,,,,,225.766154500001,,225.750082999999,225.766154500001,226.74961610000173,226.74961610000173,226.74961610000173,226.74961610000173,226.76604080000106,227.7495085000046,227.7495085000046,228.36646140000084,x,1,0.6128421999965212,None,,,,,pp3,001,2025-10-02_01h19.06.674,motor sequence,,2025.1.1,60.114614524625765,2025-10-02 01h19.16.620664 +0530,
150,v,85,1,21,v,1,0.6414272000038181,None,21,1,85,1,,,,,228.38420760000008,,228.36671230000502,228.38420760000008,229.36602140000468,229.36602140000468,229.36602140000468,229.36602140000468,229.39972449999914,230.36598710000544,230.36598710000544,231.01668900000368,v,1,0.6414272000038181,None,,,,,pp3,001,2025-10-02_01h19.06.674,motor sequence,,2025.1.1,60.114614524625765,2025-10-02 01h19.16.620664 +0530,
50,c,86,2,21,c,1,0.6226036000007298,None,21,2,86,2,,,,,231.03293800000392,,231.0171707000045,231.03293800000392,232.01614790000167,232.01614790000167,232.01614790000167,232.01614790000167,232.032833199999,233.01593059999868,233.01593059999868,233.64984670000558,c,1,0.6226036000007298,None,,,,,pp3,001,2025-10-02_01h19.06.674,motor sequence,,2025.1.1,60.114614524625765,2025-10-02 01h19.16.620664 +0530,
-150,z,87,3,21,z,1,0.5473071000014897,None,21,3,87,3,,,,,233.66601820000506,,233.65044770000532,233.66601820000506,234.64959459999955,234.64959459999955,234.64959459999955,234.64959459999955,234.66619690000516,235.65019820000452,235.65019820000452,236.19980100000248,z,1,0.5473071000014897,None,,,,,pp3,001,2025-10-02_01h19.06.674,motor sequence,,2025.1.1,60.114614524625765,2025-10-02 01h19.16.620664 +0530,
-50,x,88,0,22,x,1,0.4779052000012598,None,22,0,88,0,,,,,236.21606579999934,,236.2000498999987,236.21606579999934,237.19939610000438,237.19939610000438,237.19939610000438,237.19939610000438,237.21598110000195,238.1994829000032,238.1994829000032,238.68380530000286,x,1,0.4779052000012598,None,,,,,pp3,001,2025-10-02_01h19.06.674,motor sequence,,2025.1.1,60.114614524625765,2025-10-02 01h19.16.620664 +0530,
150,v,89,1,22,v,1,0.7825975999949151,None,22,1,89,1,,,,,238.69952560000092,,238.6842295000024,238.69952560000092,239.69956690000254,239.69956690000254,239.69956690000254,239.69956690000254,239.69956690000254,240.68408330000238,240.68408330000238,241.48335410000436,v,1,0.7825975999949151,None,,,,,pp3,001,2025-10-02_01h19.06.674,motor sequence,,2025.1.1,60.114614524625765,2025-10-02 01h19.16.620664 +0530,
50,c,90,2,22,c,1,0.3733044000036898,None,22,2,90,2,,,,,241.49939960000484,,241.4839473000029,241.49939960000484,242.48287770000024,242.48287770000024,242.48287770000024,242.48287770000024,242.49961420000182,243.48294400000304,243.48294400000304,243.86671249999927,c,1,0.3733044000036898,None,,,,,pp3,001,2025-10-02_01h19.06.674,motor sequence,,2025.1.1,60.114614524625765,2025-10-02 01h19.16.620664 +0530,
-150,z,91,3,22,z,1,0.6926688999956241,None,22,3,91,3,,,,,243.8829052000001,,243.8670282000021,243.8829052000001,244.86640270000498,244.86640270000498,244.86640270000498,244.86640270000498,244.88290360000246,245.86621770000056,245.86621770000056,246.5664934000015,z,1,0.6926688999956241,None,,,,,pp3,001,2025-10-02_01h19.06.674,motor sequence,,2025.1.1,60.114614524625765,2025-10-02 01h19.16.620664 +0530,
-50,x,92,0,23,x,1,0.4621041000063997,None,23,0,92,0,,,,,246.58273740000004,,246.56683709999925,246.58273740000004,247.56595840000227,247.56595840000227,247.56595840000227,247.56595840000227,247.58275130000402,248.56614850000187,248.56614850000187,249.0334309000027,x,1,0.4621041000063997,None,,,,,pp3,001,2025-10-02_01h19.06.674,motor sequence,,2025.1.1,60.114614524625765,2025-10-02 01h19.16.620664 +0530,
150,v,93,1,23,v,1,0.5467351000042981,None,23,1,93,1,,,,,249.04953840000235,,249.03366280000046,249.04953840000235,250.03275820000272,250.03275820000272,250.03275820000272,250.03275820000272,250.049420000003,251.0329602999991,251.0329602999991,251.58359130000463,v,1,0.5467351000042981,None,,,,,pp3,001,2025-10-02_01h19.06.674,motor sequence,,2025.1.1,60.114614524625765,2025-10-02 01h19.16.620664 +0530,
50,c,94,2,23,c,1,0.4179909999947995,None,23,2,94,2,,,,,251.59947320000356,,251.58400870000332,251.59947320000356,252.5828126999986,252.5828126999986,252.5828126999986,252.5828126999986,252.59942969999975,253.58278070000233,253.58278070000233,254.0167292000042,c,1,0.4179909999947995,None,,,,,pp3,001,2025-10-02_01h19.06.674,motor sequence,,2025.1.1,60.114614524625765,2025-10-02 01h19.16.620664 +0530,
-150,z,95,3,23,z,1,0.5759388000005856,None,23,3,95,3,,,,,254.0329478000058,,254.0171960000007,254.0329478000058,255.01590880000003,255.01590880000003,255.01590880000003,255.01590880000003,255.0327879000033,256.0162128000011,256.0162128000011,256.5998141000018,z,1,0.5759388000005856,None,,,,,pp3,001,2025-10-02_01h19.06.674,motor sequence,,2025.1.1,60.114614524625765,2025-10-02 01h19.16.620664 +0530,
-50,x,96,0,24,x,1,0.6840357000037329,None,24,0,96,0,,,,,256.6159951000009,,256.60017200000584,256.6159951000009,257.5999537000025,257.5999537000025,257.5999537000025,257.5999537000025,257.6161121000041,258.600827000002,258.600827000002,259.29994910000096,x,1,0.6840357000037329,None,,,,,pp3,001,2025-10-02_01h19.06.674,motor sequence,,2025.1.1,60.114614524625765,2025-10-02 01h19.16.620664 +0530,
150,v,97,1,24,v,1,0.543700499998522,None,24,1,97,1,,,,,259.3159689000022,,259.30032100000244,259.3159689000022,260.2993193000002,260.2993193000002,260.2993193000002,260.2993193000002,260.3161046000023,261.29934750000393,261.29934750000393,261.85013869999966,v,1,0.543700499998522,None,,,,,pp3,001,2025-10-02_01h19.06.674,motor sequence,,2025.1.1,60.114614524625765,2025-10-02 01h19.16.620664 +0530,
50,c,98,2,24,c,1,0.37956510000367416,None,24,2,98,2,,,,,261.8671373000034,,261.8505545000007,261.8671373000034,262.8494161000053,262.8494161000053,262.8494161000053,262.8494161000053,262.8828797000024,263.8494570000039,263.8494570000039,264.2334293000022,c,1,0.37956510000367416,None,,,,,pp3,001,2025-10-02_01h19.06.674,motor sequence,,2025.1.1,60.114614524625765,2025-10-02 01h19.16.620664 +0530,
-150,z,99,3,24,z,1,0.5263231999997515,None,24,3,99,3,,,,,264.249516200005,,264.2337831000041,264.249516200005,265.23283580000134,265.23283580000134,265.23283580000134,265.23283580000134,265.2495306000055,266.2330686999994,266.2330686999994,266.76640350000525,z,1,0.5263231999997515,None,,,,,pp3,001,2025-10-02_01h19.06.674,motor sequence,,2025.1.1,60.114614524625765,2025-10-02 01h19.16.620664 +0530,
-50,x,100,0,25,x,1,0.4140983999968739,None,25,0,100,0,,,,,266.78291460000037,,266.76692449999973,266.78291460000037,267.76652209999884,267.76652209999884,267.76652209999884,267.76652209999884,267.7828470000022,268.7660999,268.7660999,269.1831005999993,x,1,0.4140983999968739,None,,,,,pp3,001,2025-10-02_01h19.06.674,motor sequence,,2025.1.1,60.114614524625765,2025-10-02 01h19.16.620664 +0530,
150,v,101,1,25,v,1,0.7950142999980017,None,25,1,101,1,,,,,269.19931989999895,,269.1834428000002,269.19931989999895,270.18433570000343,270.18433570000343,270.18433570000343,270.18433570000343,270.1998378999997,271.1828272999992,271.1828272999992,271.9834095000042,v,1,0.7950142999980017,None,,,,,pp3,001,2025-10-02_01h19.06.674,motor sequence,,2025.1.1,60.114614524625765,2025-10-02 01h19.16.620664 +0530,
50,c,102,2,25,c,1,0.776813199998287,None,25,2,102,2,,,,,271.99987940000574,,271.9839720000018,271.99987940000574,272.9829478000029,272.9829478000029,272.9829478000029,272.9829478000029,272.99980589999905,273.9828086999987,273.9828086999987,274.7677505000029,c,1,0.776813199998287,None,,,,,pp3,001,2025-10-02_01h19.06.674,motor sequence,,2025.1.1,60.114614524625765,2025-10-02 01h19.16.620664 +0530,
-150,z,103,3,25,z,1,0.830860300004133,None,25,3,103,3,,,,,274.7836807999993,,274.7689277000027,274.7836807999993,275.7827921999997,275.7827921999997,275.7827921999997,275.7827921999997,275.7827921999997,276.7829148000019,276.7829148000019,277.6163841000016,z,1,0.830860300004133,None,,,,,pp3,001,2025-10-02_01h19.06.674,motor sequence,,2025.1.1,60.114614524625765,2025-10-02 01h19.16.620664 +0530,
-50,x,104,0,26,x,1,0.7426685000027646,None,26,0,104,0,,,,,277.6332498000047,,277.6167457000047,277.6332498000047,278.6162328999999,278.6162328999999,278.6162328999999,278.6162328999999,278.63293250000424,279.6169458000004,279.6169458000004,280.36682180000207,x,1,0.7426685000027646,None,,,,,pp3,001,2025-10-02_01h19.06.674,motor sequence,,2025.1.1,60.114614524625765,2025-10-02 01h19.16.620664 +0530,
150,v,105,1,26,v,1,0.7773739999975078,None,26,1,105,1,,,,,280.38313090000156,,280.3672712000043,280.38313090000156,281.36597040000197,281.36597040000197,281.36597040000197,281.36597040000197,281.38300430000527,282.3671037000022,282.3671037000022,283.1501331000036,v,1,0.7773739999975078,None,,,,,pp3,001,2025-10-02_01h19.06.674,motor sequence,,2025.1.1,60.114614524625765,2025-10-02 01h19.16.620664 +0530,
50,c,106,2,26,c,1,0.6584982999993372,None,26,2,106,2,,,,,283.1662653000021,,283.1504453000016,283.1662653000021,284.14944500000274,284.14944500000274,284.14944500000274,284.14944500000274,284.1659944999992,285.1495728000009,285.1495728000009,285.8166621000055,c,1,0.6584982999993372,None,,,,,pp3,001,2025-10-02_01h19.06.674,motor sequence,,2025.1.1,60.114614524625765,2025-10-02 01h19.16.620664 +0530,
-150,z,107,3,26,z,1,0.5623810999968555,None,26,3,107,3,,,,,285.83362570000463,,285.8169345999995,285.83362570000463,286.81633169999986,286.81633169999986,286.81633169999986,286.81633169999986,286.8329440000016,287.81600310000067,287.81600310000067,288.3841628000009,z,1,0.5623810999968555,None,,,,,pp3,001,2025-10-02_01h19.06.674,motor sequence,,2025.1.1,60.114614524625765,2025-10-02 01h19.16.620664 +0530,
-50,x,108,0,27,x,1,0.5603776999996626,None,27,0,108,0,,,,,288.3993915000028,,288.38453760000266,288.3993915000028,289.39956350000284,289.39956350000284,289.39956350000284,289.39956350000284,289.39956350000284,290.3993092000019,290.3993092000019,290.9668129000056,x,1,0.5603776999996626,None,,,,,pp3,001,2025-10-02_01h19.06.674,motor sequence,,2025.1.1,60.114614524625765,2025-10-02 01h19.16.620664 +0530,
150,v,109,1,27,v,1,0.7984272000030614,None,27,1,109,1,,,,,290.9830052000034,,290.96720830000413,290.9830052000034,291.9668132000006,291.9668132000006,291.9668132000006,291.9668132000006,291.98288070000126,292.96618730000046,292.96618730000046,293.7663040000043,v,1,0.7984272000030614,None,,,,,pp3,001,2025-10-02_01h19.06.674,motor sequence,,2025.1.1,60.114614524625765,2025-10-02 01h19.16.620664 +0530,
50,c,110,2,27,c,1,0.44156049999583047,None,27,2,110,2,,,,,293.7828171000001,,293.7665718999997,293.7828171000001,294.76600090000284,294.76600090000284,294.76600090000284,294.76600090000284,294.7828997000033,295.76602950000233,295.76602950000233,296.2170748999997,c,1,0.44156049999583047,None,,,,,pp3,001,2025-10-02_01h19.06.674,motor sequence,,2025.1.1,60.114614524625765,2025-10-02 01h19.16.620664 +0530,
-150,z,111,3,27,z,1,0.48847530000057304,None,27,3,111,3,,,,,296.23290160000033,,296.217587500003,296.23290160000033,297.23344630000065,297.23344630000065,297.23344630000065,297.23344630000065,297.23344630000065,298.23289930000465,298.23289930000465,298.7335183000032,z,1,0.48847530000057304,None,,,,,pp3,001,2025-10-02_01h19.06.674,motor sequence,,2025.1.1,60.114614524625765,2025-10-02 01h19.16.620664 +0530,
-50,x,112,0,28,x,1,0.4034027000016067,None,28,0,112,0,,,,,298.74944479999976,,298.7337325000044,298.74944479999976,299.73280270000396,299.73280270000396,299.73280270000396,299.73280270000396,299.74941310000577,300.73288429999957,300.73288429999957,301.15013180000096,x,1,0.4034027000016067,None,,,,,pp3,001,2025-10-02_01h19.06.674,motor sequence,,2025.1.1,60.114614524625765,2025-10-02 01h19.16.620664 +0530,
150,v,113,1,28,v,1,0.7845941000050516,None,28,1,113,1,,,,,301.1660506000044,,301.15051640000456,301.1660506000044,302.1495101000037,302.1495101000037,302.1495101000037,302.1495101000037,302.16609070000413,303.1496182000046,303.1496182000046,303.9503964000032,v,1,0.7845941000050516,None,,,,,pp3,001,2025-10-02_01h19.06.674,motor sequence,,2025.1.1,60.114614524625765,2025-10-02 01h19.16.620664 +0530,
50,c,114,2,28,c,1,0.49993430000176886,None,28,2,114,2,,,,,303.96608630000264,,303.95080240000243,303.96608630000264,304.9497311000014,304.9497311000014,304.9497311000014,304.9497311000014,304.9661966000058,305.9495203000042,305.9495203000042,306.4512634999992,c,1,0.49993430000176886,None,,,,,pp3,001,2025-10-02_01h19.06.674,motor sequence,,2025.1.1,60.114614524625765,2025-10-02 01h19.16.620664 +0530,
-150,z,115,3,28,z,1,0.7183249999943655,None,28,3,115,3,,,,,306.46627770000487,,306.45165900000575,306.46627770000487,307.46623670000554,307.46623670000554,307.46623670000554,307.46623670000554,307.46623670000554,308.4661674000017,308.4661674000017,309.19988190000004,z,1,0.7183249999943655,None,,,,,pp3,001,2025-10-02_01h19.06.674,motor sequence,,2025.1.1,60.114614524625765,2025-10-02 01h19.16.620664 +0530,
-50,x,116,0,29,x,1,0.5811790000007022,None,29,0,116,0,,,,,309.2160944999996,,309.20024180000473,309.2160944999996,310.1994240999993,310.1994240999993,310.1994240999993,310.1994240999993,310.21611069999926,311.19957190000423,311.19957190000423,311.7831673000037,x,1,0.5811790000007022,None,,,,,pp3,001,2025-10-02_01h19.06.674,motor sequence,,2025.1.1,60.114614524625765,2025-10-02 01h19.16.620664 +0530,
150,v,117,1,29,v,1,0.7949418000061996,None,29,1,117,1,,,,,311.79941300000064,,311.78366920000553,311.79941300000064,312.78398030000244,312.78398030000244,312.78398030000244,312.78398030000244,312.7994389000014,313.7832759000012,313.7832759000012,314.5843008000011,v,1,0.7949418000061996,None,,,,,pp3,001,2025-10-02_01h19.06.674,motor sequence,,2025.1.1,60.114614524625765,2025-10-02 01h19.16.620664 +0530,
50,c,118,2,29,c,1,0.4992294000039692,None,29,2,118,2,,,,,314.59952820000035,,314.58467470000323,314.59952820000035,315.5996675999995,315.5996675999995,315.5996675999995,315.5996675999995,315.5996675999995,316.5996512000056,316.5996512000056,317.11652999999933,c,1,0.4992294000039692,None,,,,,pp3,001,2025-10-02_01h19.06.674,motor sequence,,2025.1.1,60.114614524625765,2025-10-02 01h19.16.620664 +0530,
-150,z,119,3,29,z,1,0.927880199997162,None,29,3,119,3,,,,,317.1328199999989,,317.11684490000334,317.1328199999989,318.1160751999996,318.1160751999996,318.1160751999996,318.1160751999996,318.13302410000324,319.11629850000463,319.11629850000463,320.05008040000394,z,1,0.927880199997162,None,,,,,pp3,001,2025-10-02_01h19.06.674,motor sequence,,2025.1.1,60.114614524625765,2025-10-02 01h19.16.620664 +0530,
-50,x,120,0,30,x,1,0.6390623999977834,None,30,0,120,0,,,,,320.0662263000049,,320.0504096000004,320.0662263000049,321.04960270000447,321.04960270000447,321.04960270000447,321.04960270000447,321.0661362000028,322.0495216000054,322.0495216000054,322.6999722000037,x,1,0.6390623999977834,None,,,,,pp3,001,2025-10-02_01h19.06.674,motor sequence,,2025.1.1,60.114614524625765,2025-10-02 01h19.16.620664 +0530,
150,v,121,1,30,v,1,0.5248244999966118,None,30,1,121,1,,,,,322.7162716000021,,322.7003407000011,322.7162716000021,323.69977199999994,323.69977199999994,323.69977199999994,323.69977199999994,323.71657080000296,324.69965980000416,324.69965980000416,325.2342332000044,v,1,0.5248244999966118,None,,,,,pp3,001,2025-10-02_01h19.06.674,motor sequence,,2025.1.1,60.114614524625765,2025-10-02 01h19.16.620664 +0530,
50,c,122,2,30,c,1,0.46914010000182316,None,30,2,122,2,,,,,325.25001780000457,,325.23471730000165,325.25001780000457,326.2493246000013,326.2493246000013,326.2493246000013,326.2493246000013,326.2493246000013,327.2493656000006,327.2493656000006,327.73361090000253,c,1,0.46914010000182316,None,,,,,pp3,001,2025-10-02_01h19.06.674,motor sequence,,2025.1.1,60.114614524625765,2025-10-02 01h19.16.620664 +0530,
-150,z,123,3,30,z,1,0.8875941000005696,None,30,3,123,3,,,,,327.749427499999,,327.7339972000045,327.749427499999,328.73289040000236,328.73289040000236,328.73289040000236,328.73289040000236,328.7494588000045,329.73309490000247,329.73309490000247,330.63298710000527,z,1,0.8875941000005696,None,,,,,pp3,001,2025-10-02_01h19.06.674,motor sequence,,2025.1.1,60.114614524625765,2025-10-02 01h19.16.620664 +0530,
-50,x,124,0,31,x,1,0.5892056999946362,None,31,0,124,0,,,,,330.64943000000494,,330.63320190000377,330.64943000000494,331.633127699999,331.633127699999,331.633127699999,331.633127699999,331.6496152000036,332.63372860000527,332.63372860000527,333.2335721999989,x,1,0.5892056999946362,None,,,,,pp3,001,2025-10-02_01h19.06.674,motor sequence,,2025.1.1,60.114614524625765,2025-10-02 01h19.16.620664 +0530,
150,v,125,1,31,v,1,0.7800919999936013,None,31,1,125,1,,,,,333.2500183000011,,333.2339009999996,333.2500183000011,334.23301560000255,334.23301560000255,334.23301560000255,334.23301560000255,334.2501076000044,335.23286490000464,335.23286490000464,336.0172931999987,v,1,0.7800919999936013,None,,,,,pp3,001,2025-10-02_01h19.06.674,motor sequence,,2025.1.1,60.114614524625765,2025-10-02 01h19.16.620664 +0530,
50,c,126,2,31,c,1,0.49444059999950696,None,31,2,126,2,,,,,336.0330940999993,,336.01754190000065,336.0330940999993,337.03360149999935,337.03360149999935,337.03360149999935,337.03360149999935,337.03360149999935,338.0328670000017,338.0328670000017,338.5330821000025,c,1,0.49444059999950696,None,,,,,pp3,001,2025-10-02_01h19.06.674,motor sequence,,2025.1.1,60.114614524625765,2025-10-02 01h19.16.620664 +0530,
-150,z,127,3,31,z,1,0.9600554999997257,None,31,3,127,3,,,,,338.5494452999992,,338.53345970000373,338.5494452999992,339.53275479999866,339.53275479999866,339.53275479999866,339.53275479999866,339.54962800000067,340.53289829999994,340.53289829999994,341.49990320000506,z,1,0.9600554999997257,None,,,,,pp3,001,2025-10-02_01h19.06.674,motor sequence,,2025.1.1,60.114614524625765,2025-10-02 01h19.16.620664 +0530,
-50,x,128,0,32,x,1,0.6313360999993165,None,32,0,128,0,,,,,341.516019900002,,341.50014110000484,341.516019900002,342.49945339999977,342.49945339999977,342.49945339999977,342.49945339999977,342.51589270000113,343.49939100000483,343.49939100000483,344.1337616000019,x,1,0.6313360999993165,None,,,,,pp3,001,2025-10-02_01h19.06.674,motor sequence,,2025.1.1,60.114614524625765,2025-10-02 01h19.16.620664 +0530,
150,v,129,1,32,v,1,0.7978794999944512,None,32,1,129,1,,,,,344.14985739999975,,344.1341171000022,344.14985739999975,345.1495594000007,345.1495594000007,345.1495594000007,345.1495594000007,345.1495594000007,346.1494954000009,346.1494954000009,346.95015850000345,v,1,0.7978794999944512,None,,,,,pp3,001,2025-10-02_01h19.06.674,motor sequence,,2025.1.1,60.114614524625765,2025-10-02 01h19.16.620664 +0530,
50,c,130,2,32,c,1,0.9262602000017068,None,32,2,130,2,,,,,346.9659854000056,,346.95054480000545,346.9659854000056,347.9494627000022,347.9494627000022,347.9494627000022,347.9494627000022,347.96604910000315,348.9495270000043,348.9495270000043,349.8834005000026,c,1,0.9262602000017068,None,,,,,pp3,001,2025-10-02_01h19.06.674,motor sequence,,2025.1.1,60.114614524625765,2025-10-02 01h19.16.620664 +0530,
-150,z,131,3,32,z,1,0.6004564000031678,None,32,3,131,3,,,,,349.89940149999893,,349.8837832999998,349.89940149999893,350.88300380000146,350.88300380000146,350.88300380000146,350.88300380000146,350.8995017000052,351.8833816000042,351.8833816000042,352.50142760000017,z,1,0.6004564000031678,None,,,,,pp3,001,2025-10-02_01h19.06.674,motor sequence,,2025.1.1,60.114614524625765,2025-10-02 01h19.16.620664 +0530,
-50,x,132,0,33,x,1,0.6468775000030291,None,33,0,132,0,,,,,352.5161384000021,,352.50169409999944,352.5161384000021,353.5169382000022,353.5169382000022,353.5169382000022,353.5169382000022,353.5169382000022,354.5161262000038,354.5161262000038,355.16688820000127,x,1,0.6468775000030291,None,,,,,pp3,001,2025-10-02_01h19.06.674,motor sequence,,2025.1.1,60.114614524625765,2025-10-02 01h19.16.620664 +0530,
150,v,133,1,33,v,1,0.7640011999974377,None,33,1,133,1,,,,,355.18308490000345,,355.1672397000002,355.18308490000345,356.16596299999946,356.16596299999946,356.16596299999946,356.16596299999946,356.1827645000012,357.16615750000346,357.16615750000346,357.93343989999994,v,1,0.7640011999974377,None,,,,,pp3,001,2025-10-02_01h19.06.674,motor sequence,,2025.1.1,60.114614524625765,2025-10-02 01h19.16.620664 +0530,
50,c,134,2,33,c,1,0.6027740000063204,None,33,2,134,2,,,,,357.9494455000022,,357.9338601999989,357.9494455000022,358.93343950000417,358.93343950000417,358.93343950000417,358.93343950000417,358.94971810000425,359.9331951999993,359.9331951999993,360.54979900000035,c,1,0.6027740000063204,None,,,,,pp3,001,2025-10-02_01h19.06.674,motor sequence,,2025.1.1,60.114614524625765,2025-10-02 01h19.16.620664 +0530,
-150,z,135,3,33,z,1,0.5213647999989917,None,33,3,135,3,,,,,360.56627030000527,,360.55034400000295,360.56627030000527,361.54986440000357,361.54986440000357,361.54986440000357,361.54986440000357,361.56598810000287,362.5502482000011,362.5502482000011,363.08339140000317,z,1,0.5213647999989917,None,,,,,pp3,001,2025-10-02_01h19.06.674,motor sequence,,2025.1.1,60.114614524625765,2025-10-02 01h19.16.620664 +0530,
-50,x,136,0,34,x,1,0.7654625999930431,None,34,0,136,0,,,,,363.0996321000057,,363.08375420000084,363.0996321000057,364.0831074000016,364.0831074000016,364.0831074000016,364.0831074000016,364.0994432000007,365.0831340000004,365.0831340000004,365.85000220000074,x,1,0.7654625999930431,None,,,,,pp3,001,2025-10-02_01h19.06.674,motor sequence,,2025.1.1,60.114614524625765,2025-10-02 01h19.16.620664 +0530,
150,v,137,1,34,v,1,0.7444279999981518,None,34,1,137,1,,,,,365.8661788000027,,365.8502207000056,365.8661788000027,366.8494476000051,366.8494476000051,366.8494476000051,366.8494476000051,366.8662575999988,367.8498789000005,367.8498789000005,368.5996493000057,v,1,0.7444279999981518,None,,,,,pp3,001,2025-10-02_01h19.06.674,motor sequence,,2025.1.1,60.114614524625765,2025-10-02 01h19.16.620664 +0530,
50,c,138,2,34,c,1,0.5797622999962186,None,34,2,138,2,,,,,368.6161429000058,,368.59993690000556,368.6161429000058,369.5997506999993,369.5997506999993,369.5997506999993,369.5997506999993,369.6167257000052,370.6000690000001,370.6000690000001,371.18334410000534,c,1,0.5797622999962186,None,,,,,pp3,001,2025-10-02_01h19.06.674,motor sequence,,2025.1.1,60.114614524625765,2025-10-02 01h19.16.620664 +0530,
-150,z,139,3,34,z,1,0.8727622000005795,None,34,3,139,3,,,,,371.199583900001,,371.18383950000134,371.199583900001,372.1830592000042,372.1830592000042,372.1830592000042,372.1830592000042,372.19992990000173,373.183692300001,373.183692300001,374.0668389000057,z,1,0.8727622000005795,None,,,,,pp3,001,2025-10-02_01h19.06.674,motor sequence,,2025.1.1,60.114614524625765,2025-10-02 01h19.16.620664 +0530,
-50,x,140,0,35,x,1,0.6005157999970834,None,35,0,140,0,,,,,374.0834221000041,,374.0673281999989,374.0834221000041,375.06604470000457,375.06604470000457,375.06604470000457,375.06604470000457,375.0829311000052,376.06671140000253,376.06671140000253,376.68369850000454,x,1,0.6005157999970834,None,,,,,pp3,001,2025-10-02_01h19.06.674,motor sequence,,2025.1.1,60.114614524625765,2025-10-02 01h19.16.620664 +0530,
150,v,141,1,35,v,1,1.0002667000007932,None,35,1,141,1,,,,,376.69962070000474,,376.68427240000165,376.69962070000474,377.68278160000045,377.68278160000045,377.68278160000045,377.68278160000045,377.69952610000473,378.6833287000045,378.6833287000045,379.70003780000116,v,1,1.0002667000007932,None,,,,,pp3,001,2025-10-02_01h19.06.674,motor sequence,,2025.1.1,60.114614524625765,2025-10-02 01h19.16.620664 +0530,
50,c,142,2,35,c,1,0.6151816999990842,None,35,2,142,2,,,,,379.7168052000052,,379.70041630000196,379.7168052000052,380.699560400004,380.699560400004,380.699560400004,380.699560400004,380.71604610000213,381.69959160000144,381.69959160000144,382.31676739999966,c,1,0.6151816999990842,None,,,,,pp3,001,2025-10-02_01h19.06.674,motor sequence,,2025.1.1,60.114614524625765,2025-10-02 01h19.16.620664 +0530,
-150,z,143,3,35,z,1,0.6564269999944372,None,35,3,143,3,,,,,382.33270099999936,,382.3169798000017,382.33270099999936,383.3159702000048,383.3159702000048,383.3159702000048,383.3159702000048,383.3329636000053,384.3171790999986,384.3171790999986,384.98425690000295,z,1,0.6564269999944372,None,,,,,pp3,001,2025-10-02_01h19.06.674,motor sequence,,2025.1.1,60.114614524625765,2025-10-02 01h19.16.620664 +0530,
-50,x,144,0,36,x,1,0.6554848999949172,None,36,0,144,0,,,,,384.9998205000011,,384.9846794000041,384.9998205000011,385.9996983000019,385.9996983000019,385.9996983000019,385.9996983000019,385.9996983000019,386.9996093000009,386.9996093000009,387.6666671999992,x,1,0.6554848999949172,None,,,,,pp3,001,2025-10-02_01h19.06.674,motor sequence,,2025.1.1,60.114614524625765,2025-10-02 01h19.16.620664 +0530,
150,v,145,1,36,v,1,0.6157740999988164,None,36,1,145,1,,,,,387.68271000000095,,387.666996400003,387.68271000000095,388.6662934000051,388.6662934000051,388.6662934000051,388.6662934000051,388.6828431000031,389.66724740000063,389.66724740000063,390.29999880000105,v,1,0.6157740999988164,None,,,,,pp3,001,2025-10-02_01h19.06.674,motor sequence,,2025.1.1,60.114614524625765,2025-10-02 01h19.16.620664 +0530,
50,c,146,2,36,c,1,0.7345196999958716,None,36,2,146,2,,,,,390.3160209999987,,390.3002250999998,390.3160209999987,391.29978839999967,391.29978839999967,391.29978839999967,391.29978839999967,391.3162167000046,392.2998723000055,392.2998723000055,393.04998770000384,c,1,0.7345196999958716,None,,,,,pp3,001,2025-10-02_01h19.06.674,motor sequence,,2025.1.1,60.114614524625765,2025-10-02 01h19.16.620664 +0530,
-150,z,147,3,36,z,1,0.7102514999933192,None,36,3,147,3,,,,,393.0661947000044,,393.05025100000057,393.0661947000044,394.0495250000022,394.0495250000022,394.0495250000022,394.0495250000022,394.06633120000333,395.0496736999994,395.0496736999994,395.7669634000049,z,1,0.7102514999933192,None,,,,,pp3,001,2025-10-02_01h19.06.674,motor sequence,,2025.1.1,60.114614524625765,2025-10-02 01h19.16.620664 +0530,
-50,x,148,0,37,x,1,0.5185628999970504,None,37,0,148,0,,,,,395.7830354000034,,395.7673791000052,395.7830354000034,396.76607740000327,396.76607740000327,396.76607740000327,396.76607740000327,396.7829598000026,397.7663926000023,397.7663926000023,398.2999420000051,x,1,0.5185628999970504,None,,,,,pp3,001,2025-10-02_01h19.06.674,motor sequence,,2025.1.1,60.114614524625765,2025-10-02 01h19.16.620664 +0530,
150,v,149,1,37,v,1,0.5117726000025868,None,37,1,149,1,,,,,398.3161614000055,,398.30014530000335,398.3161614000055,399.2997200000027,399.2997200000027,399.2997200000027,399.2997200000027,399.3161586999995,400.2997850000029,400.2997850000029,400.8168206000046,v,1,0.5117726000025868,None,,,,,pp3,001,2025-10-02_01h19.06.674,motor sequence,,2025.1.1,60.114614524625765,2025-10-02 01h19.16.620664 +0530,
50,c,150,2,37,c,1,0.47871260000101756,None,37,2,150,2,,,,,400.832917300002,,400.8171539000032,400.832917300002,401.8162579999989,401.8162579999989,401.8162579999989,401.8162579999989,401.8331013999996,402.8160812999995,402.8160812999995,403.30034290000185,c,1,0.47871260000101756,None,,,,,pp3,001,2025-10-02_01h19.06.674,motor sequence,,2025.1.1,60.114614524625765,2025-10-02 01h19.16.620664 +0530,
-150,z,151,3,37,z,1,0.5179769999958808,None,37,3,151,3,,,,,403.3161745000034,,403.30086210000445,403.3161745000034,404.2994308999987,404.2994308999987,404.2994308999987,404.2994308999987,404.3161362000028,405.2995523999998,405.2995523999998,405.8333027000044,z,1,0.5179769999958808,None,,,,,pp3,001,2025-10-02_01h19.06.674,motor sequence,,2025.1.1,60.114614524625765,2025-10-02 01h19.16.620664 +0530,
-50,x,152,0,38,x,1,0.7337842999986606,None,38,0,152,0,,,,,405.8495971000011,,405.8335708000013,405.8495971000011,406.8331934000016,406.8331934000016,406.8331934000016,406.8331934000016,406.849718700003,407.8333328000008,407.8333328000008,408.58324379999976,x,1,0.7337842999986606,None,,,,,pp3,001,2025-10-02_01h19.06.674,motor sequence,,2025.1.1,60.114614524625765,2025-10-02 01h19.16.620664 +0530,
150,v,153,1,38,v,1,0.7877025999987382,None,38,1,153,1,,,,,408.59960919999867,,408.5835914999989,408.59960919999867,409.5830475000039,409.5830475000039,409.5830475000039,409.5830475000039,409.59963200000493,410.5836380000037,410.5836380000037,411.3832126999987,v,1,0.7877025999987382,None,,,,,pp3,001,2025-10-02_01h19.06.674,motor sequence,,2025.1.1,60.114614524625765,2025-10-02 01h19.16.620664 +0530,
50,c,154,2,38,c,1,0.42699350000475533,None,38,2,154,2,,,,,411.3995955999999,,411.3836006999991,411.3995955999999,412.3831053000031,412.3831053000031,412.3831053000031,412.3831053000031,412.4000654000047,413.3830820000003,413.3830820000003,413.8165384000022,c,1,0.42699350000475533,None,,,,,pp3,001,2025-10-02_01h19.06.674,motor sequence,,2025.1.1,60.114614524625765,2025-10-02 01h19.16.620664 +0530,
-150,z,155,3,38,z,1,0.8672701000032248,None,38,3,155,3,,,,,413.83295910000015,,413.81688640000357,413.83295910000015,414.8163229000056,414.8163229000056,414.8163229000056,414.8163229000056,414.83281250000437,415.8161806999997,415.8161806999997,416.7000673000002,z,1,0.8672701000032248,None,,,,,pp3,001,2025-10-02_01h19.06.674,motor sequence,,2025.1.1,60.114614524625765,2025-10-02 01h19.16.620664 +0530,
-50,x,156,0,39,x,1,0.6367673999993713,None,39,0,156,0,,,,,416.71732319999865,,416.70038750000094,416.71732319999865,417.69957290000457,417.69957290000457,417.69957290000457,417.69957290000457,417.73298420000356,418.69961239999975,418.69961239999975,419.35119159999886,x,1,0.6367673999993713,None,,,,,pp3,001,2025-10-02_01h19.06.674,motor sequence,,2025.1.1,60.114614524625765,2025-10-02 01h19.16.620664 +0530,
150,v,157,1,39,v,1,0.7012058000036632,None,39,1,157,1,,,,,419.3662550000008,,419.3515808000011,419.3662550000008,420.3661418000047,420.3661418000047,420.3661418000047,420.3661418000047,420.3661418000047,421.3661715000053,421.3661715000053,422.0833191999991,v,1,0.7012058000036632,None,,,,,pp3,001,2025-10-02_01h19.06.674,motor sequence,,2025.1.1,60.114614524625765,2025-10-02 01h19.16.620664 +0530,
50,c,158,2,39,c,1,0.4809395000047516,None,39,2,158,2,,,,,422.09960480000154,,422.0836229999986,422.09960480000154,423.0829376000038,423.0829376000038,423.0829376000038,423.0829376000038,423.09957320000103,424.08295329999964,424.08295329999964,424.5665469000014,c,1,0.4809395000047516,None,,,,,pp3,001,2025-10-02_01h19.06.674,motor sequence,,2025.1.1,60.114614524625765,2025-10-02 01h19.16.620664 +0530,
-150,z,159,3,39,z,1,1.553610100003425,None,39,3,159,3,,,,,424.58278430000064,,424.5669302000024,424.58278430000064,425.56623930000205,425.56623930000205,425.56623930000205,425.56623930000205,425.5829120000053,426.5662334000008,426.5662334000008,428.133679999999,z,1,1.553610100003425,None,,,,,pp3,001,2025-10-02_01h19.06.674,motor sequence,,2025.1.1,60.114614524625765,2025-10-02 01h19.16.620664 +0530,
-50,x,160,0,40,x,1,0.5027758999931393,None,40,0,160,0,,,,,428.14972280000075,,428.13393600000563,428.14972280000075,429.13298000000214,429.13298000000214,429.13298000000214,429.13298000000214,429.14968810000573,430.1337247000047,430.1337247000047,430.65028249999887,x,1,0.5027758999931393,None,,,,,pp3,001,2025-10-02_01h19.06.674,motor sequence,,2025.1.1,60.114614524625765,2025-10-02 01h19.16.620664 +0530,
150,v,161,1,40,v,1,0.6918011999950977,None,40,1,161,1,,,,,430.6662998000029,,430.6507402999996,430.6662998000029,431.6496183000054,431.6496183000054,431.6496183000054,431.6496183000054,431.66612140000507,432.6496518999993,432.6496518999993,433.35013950000575,v,1,0.6918011999950977,None,,,,,pp3,001,2025-10-02_01h19.06.674,motor sequence,,2025.1.1,60.114614524625765,2025-10-02 01h19.16.620664 +0530,
50,c,162,2,40,c,1,0.46460510000179056,None,40,2,162,2,,,,,433.3661215000029,,433.35061150000547,433.3661215000029,434.3495458000034,434.3495458000034,434.3495458000034,434.3495458000034,434.3663181000011,435.3493932000056,435.3493932000056,435.8168095000001,c,1,0.46460510000179056,None,,,,,pp3,001,2025-10-02_01h19.06.674,motor sequence,,2025.1.1,60.114614524625765,2025-10-02 01h19.16.620664 +0530,
-150,z,163,3,40,z,1,1.3544813999978942,None,40,3,163,3,,,,,435.8328060000058,,435.8171502000041,435.8328060000058,436.8161326000045,436.8161326000045,436.8161326000045,436.8161326000045,436.83283279999887,437.81629560000147,437.81629560000147,439.1832208000051,z,1,1.3544813999978942,None,,,,,pp3,001,2025-10-02_01h19.06.674,motor sequence,,2025.1.1,60.114614524625765,2025-10-02 01h19.16.620664 +0530,
-50,x,164,0,41,x,1,0.5090135999998893,None,41,0,164,0,,,,,439.19951330000185,,439.1835291000025,439.19951330000185,440.1828164000035,440.1828164000035,440.1828164000035,440.1828164000035,440.19954470000084,441.18297530000564,441.18297530000564,441.70009330000175,x,1,0.5090135999998893,None,,,,,pp3,001,2025-10-02_01h19.06.674,motor sequence,,2025.1.1,60.114614524625765,2025-10-02 01h19.16.620664 +0530,
150,v,165,1,41,v,1,0.846130700003414,None,41,1,165,1,,,,,441.7162046000012,,441.7004681000035,441.7162046000012,442.69990379999945,442.69990379999945,442.69990379999945,442.69990379999945,442.7162333000015,443.6996485999989,443.6996485999989,444.55041730000084,v,1,0.846130700003414,None,,,,,pp3,001,2025-10-02_01h19.06.674,motor sequence,,2025.1.1,60.114614524625765,2025-10-02 01h19.16.620664 +0530,
50,c,166,2,41,c,1,0.49405210000259103,None,41,2,166,2,,,,,444.566301400002,,444.550685000002,444.566301400002,445.54950459999964,445.54950459999964,445.54950459999964,445.54950459999964,445.5662100000045,446.566115900001,446.566115900001,447.0667801000018,c,1,0.49405210000259103,None,,,,,pp3,001,2025-10-02_01h19.06.674,motor sequence,,2025.1.1,60.114614524625765,2025-10-02 01h19.16.620664 +0530,
-150,z,167,3,41,z,1,0.6302502999969875,None,41,3,167,3,,,,,447.0828477000032,,447.0671532000051,447.0828477000032,448.06623599999875,448.06623599999875,448.06623599999875,448.06623599999875,448.0828013999999,449.06614160000026,449.06614160000026,449.70019380000303,z,1,0.6302502999969875,None,,,,,pp3,001,2025-10-02_01h19.06.674,motor sequence,,2025.1.1,60.114614524625765,2025-10-02 01h19.16.620664 +0530,
-50,x,168,0,42,x,1,0.5308320000040112,None,42,0,168,0,,,,,449.7166400999995,,449.70043460000306,449.7166400999995,450.6999078000008,450.6999078000008,450.6999078000008,450.6999078000008,450.71700620000047,451.69941140000446,451.69941140000446,452.2334007000027,x,1,0.5308320000040112,None,,,,,pp3,001,2025-10-02_01h19.06.674,motor sequence,,2025.1.1,60.114614524625765,2025-10-02 01h19.16.620664 +0530,
150,v,169,1,42,v,1,0.6392624999934924,None,42,1,169,1,,,,,452.24978589999955,,452.2337531000012,452.24978589999955,453.23287020000134,453.23287020000134,453.23287020000134,453.23287020000134,453.2495163000058,454.23298030000296,454.23298030000296,454.88327850000496,v,1,0.6392624999934924,None,,,,,pp3,001,2025-10-02_01h19.06.674,motor sequence,,2025.1.1,60.114614524625765,2025-10-02 01h19.16.620664 +0530,
50,c,170,2,42,c,1,0.41326309999567457,None,42,2,170,2,,,,,454.9002124000035,,454.8835861000043,454.9002124000035,455.88280070000474,455.88280070000474,455.88280070000474,455.88280070000474,455.8997873000044,456.8828951000032,456.8828951000032,457.3002870000055,c,1,0.41326309999567457,None,,,,,pp3,001,2025-10-02_01h19.06.674,motor sequence,,2025.1.1,60.114614524625765,2025-10-02 01h19.16.620664 +0530,
-150,z,171,3,42,z,1,0.5080032999976538,None,42,3,171,3,,,,,457.31617660000484,,457.30078080000385,457.31617660000484,458.2994663999998,458.2994663999998,458.2994663999998,458.2994663999998,458.31615579999925,459.2997256000017,459.2997256000017,459.8169701000006,z,1,0.5080032999976538,None,,,,,pp3,001,2025-10-02_01h19.06.674,motor sequence,,2025.1.1,60.114614524625765,2025-10-02 01h19.16.620664 +0530,
-50,x,172,0,43,x,1,0.45363860000361456,None,43,0,172,0,,,,,459.8330847000034,,459.81733689999965,459.8330847000034,460.81618430000526,460.81618430000526,460.81618430000526,460.81618430000526,460.8333206000025,461.81666360000236,461.81666360000236,462.2835708000057,x,1,0.45363860000361456,None,,,,,pp3,001,2025-10-02_01h19.06.674,motor sequence,,2025.1.1,60.114614524625765,2025-10-02 01h19.16.620664 +0530,
150,v,173,1,43,v,1,0.900209100000211,None,43,1,173,1,,,,,462.2997899000038,,462.2845402000021,462.2997899000038,463.2828540000046,463.2828540000046,463.2828540000046,463.2828540000046,463.29972990000533,464.28281119999883,464.28281119999883,465.19990650000545,v,1,0.900209100000211,None,,,,,pp3,001,2025-10-02_01h19.06.674,motor sequence,,2025.1.1,60.114614524625765,2025-10-02 01h19.16.620664 +0530,
50,c,174,2,43,c,1,0.5041641000061645,None,43,2,174,2,,,,,465.21618450000096,,465.20012270000007,465.21618450000096,466.1996245000046,466.1996245000046,466.1996245000046,466.1996245000046,466.21631860000343,467.1996070000023,467.1996070000023,467.71677170000476,c,1,0.5041641000061645,None,,,,,pp3,001,2025-10-02_01h19.06.674,motor sequence,,2025.1.1,60.114614524625765,2025-10-02 01h19.16.620664 +0530,
-150,z,175,3,43,z,1,0.6974488999985624,None,43,3,175,3,,,,,467.7329866,,467.7170019000041,467.7329866,468.71639210000285,468.71639210000285,468.71639210000285,468.71639210000285,468.7331711000006,469.7163419999997,469.7163419999997,470.4170840000006,z,1,0.6974488999985624,None,,,,,pp3,001,2025-10-02_01h19.06.674,motor sequence,,2025.1.1,60.114614524625765,2025-10-02 01h19.16.620664 +0530,
-50,x,176,0,44,x,1,0.5187177999978303,None,44,0,176,0,,,,,470.4328999999998,,470.41731789999903,470.4328999999998,471.4161141000004,471.4161141000004,471.4161141000004,471.4161141000004,471.43313290000515,472.4162897999995,472.4162897999995,472.9502552000049,x,1,0.5187177999978303,None,,,,,pp3,001,2025-10-02_01h19.06.674,motor sequence,,2025.1.1,60.114614524625765,2025-10-02 01h19.16.620664 +0530,
150,v,177,1,44,v,1,0.5128925999961211,None,44,1,177,1,,,,,472.9661927999987,,472.95072739999887,472.9661927999987,473.94957160000195,473.94957160000195,473.94957160000195,473.94957160000195,473.9663264000046,474.94991600000503,474.94991600000503,475.46692820000317,v,1,0.5128925999961211,None,,,,,pp3,001,2025-10-02_01h19.06.674,motor sequence,,2025.1.1,60.114614524625765,2025-10-02 01h19.16.620664 +0530,
50,c,178,2,44,c,1,0.43799079999735113,None,44,2,178,2,,,,,475.48307829999976,,475.4674010000017,475.48307829999976,476.46619920000376,476.46619920000376,476.46619920000376,476.46619920000376,476.48280520000117,477.46626470000047,477.46626470000047,477.91686050000135,c,1,0.43799079999735113,None,,,,,pp3,001,2025-10-02_01h19.06.674,motor sequence,,2025.1.1,60.114614524625765,2025-10-02 01h19.16.620664 +0530,
-150,z,179,3,44,z,1,0.8971556999968016,None,44,3,179,3,,,,,477.93446390000463,,477.9171126000001,477.93446390000463,478.91619190000347,478.91619190000347,478.91619190000347,478.91619190000347,478.9496450000006,479.91623750000144,479.91623750000144,480.81645520000166,z,1,0.8971556999968016,None,,,,,pp3,001,2025-10-02_01h19.06.674,motor sequence,,2025.1.1,60.114614524625765,2025-10-02 01h19.16.620664 +0530,
-50,x,180,0,45,x,1,0.8071427999966545,None,45,0,180,0,,,,,480.83285250000336,,480.81666920000134,480.83285250000336,481.81628430000274,481.81628430000274,481.81628430000274,481.81628430000274,481.8332173000017,482.81616690000374,482.81616690000374,483.63386470000114,x,1,0.8071427999966545,None,,,,,pp3,001,2025-10-02_01h19.06.674,motor sequence,,2025.1.1,60.114614524625765,2025-10-02 01h19.16.620664 +0530,
150,v,181,1,45,v,1,0.961595100001432,None,45,1,181,1,,,,,483.65036930000497,,483.63479319999897,483.65036930000497,484.64968030000455,484.64968030000455,484.64968030000455,484.64968030000455,484.64968030000455,485.64965780000057,485.64965780000057,486.617124700002,v,1,0.961595100001432,None,,,,,pp3,001,2025-10-02_01h19.06.674,motor sequence,,2025.1.1,60.114614524625765,2025-10-02 01h19.16.620664 +0530,
50,c,182,2,45,c,1,1.136945400001423,None,45,2,182,2,,,,,486.6330365000031,,486.6175801999998,486.6330365000031,487.6163289000033,487.6163289000033,487.6163289000033,487.6163289000033,487.63335460000235,488.6162458000035,488.6162458000035,489.7669773000016,c,1,1.136945400001423,None,,,,,pp3,001,2025-10-02_01h19.06.674,motor sequence,,2025.1.1,60.114614524625765,2025-10-02 01h19.16.620664 +0530,
-150,z,183,3,45,z,1,0.5348415000044042,None,45,3,183,3,,,,,489.7830432000046,,489.767431500004,489.7830432000046,490.7660614000051,490.7660614000051,490.7660614000051,490.7660614000051,490.78339110000525,491.766306000005,491.766306000005,492.3166388000027,z,1,0.5348415000044042,None,,,,,pp3,001,2025-10-02_01h19.06.674,motor sequence,,2025.1.1,60.114614524625765,2025-10-02 01h19.16.620664 +0530,
-50,x,184,0,46,x,1,0.5975221999979112,None,46,0,184,0,,,,,492.3328652000055,,492.3169249999992,492.3328652000055,493.31609610000305,493.31609610000305,493.31609610000305,493.31609610000305,493.33284750000166,494.3164715000021,494.3164715000021,494.91672700000345,x,1,0.5975221999979112,None,,,,,pp3,001,2025-10-02_01h19.06.674,motor sequence,,2025.1.1,60.114614524625765,2025-10-02 01h19.16.620664 +0530,
150,v,185,1,46,v,1,0.616396799996437,None,46,1,185,1,,,,,494.93458880000253,,494.9170895999996,494.93458880000253,495.9162957000008,495.9162957000008,495.9162957000008,495.9162957000008,495.94967040000483,496.91634400000476,496.91634400000476,497.5337265999988,v,1,0.616396799996437,None,,,,,pp3,001,2025-10-02_01h19.06.674,motor sequence,,2025.1.1,60.114614524625765,2025-10-02 01h19.16.620664 +0530,
50,c,186,2,46,c,1,0.7289450000025681,None,46,2,186,2,,,,,497.549551600001,,497.5340548000022,497.549551600001,498.53307510000013,498.53307510000013,498.53307510000013,498.53307510000013,498.5500774000029,499.5332186000014,499.5332186000014,500.2670896999989,c,1,0.7289450000025681,None,,,,,pp3,001,2025-10-02_01h19.06.674,motor sequence,,2025.1.1,60.114614524625765,2025-10-02 01h19.16.620664 +0530,
-150,z,187,3,46,z,1,0.7257172999961767,None,46,3,187,3,,,,,500.28311020000547,,500.26773920000414,500.28311020000547,501.26642300000094,501.26642300000094,501.26642300000094,501.26642300000094,501.28304449999996,502.26635270000406,502.26635270000406,503.0007298000055,z,1,0.7257172999961767,None,,,,,pp3,001,2025-10-02_01h19.06.674,motor sequence,,2025.1.1,60.114614524625765,2025-10-02 01h19.16.620664 +0530,
-50,x,188,0,47,x,1,0.8545458000007784,None,47,0,188,0,,,,,503.01654280000366,,503.00121610000497,503.01654280000366,504.000632700001,504.000632700001,504.000632700001,504.000632700001,504.0161057000005,504.9997169999988,504.9997169999988,505.866864100004,x,1,0.8545458000007784,None,,,,,pp3,001,2025-10-02_01h19.06.674,motor sequence,,2025.1.1,60.114614524625765,2025-10-02 01h19.16.620664 +0530,
150,v,189,1,47,v,1,0.6763522000037483,None,47,1,189,1,,,,,505.88391599999886,,505.8671977000049,505.88391599999886,506.8662217000019,506.8662217000019,506.8662217000019,506.8662217000019,506.89960540000175,507.8661818000037,507.8661818000037,508.5502755000052,v,1,0.6763522000037483,None,,,,,pp3,001,2025-10-02_01h19.06.674,motor sequence,,2025.1.1,60.114614524625765,2025-10-02 01h19.16.620664 +0530,
50,c,190,2,47,c,1,0.9859867000050144,None,47,2,190,2,,,,,508.56613189999916,,508.5505245000022,508.56613189999916,509.5495910000027,509.5495910000027,509.5495910000027,509.5495910000027,509.5661689000044,510.54968440000084,510.54968440000084,511.55035430000135,c,1,0.9859867000050144,None,,,,,pp3,001,2025-10-02_01h19.06.674,motor sequence,,2025.1.1,60.114614524625765,2025-10-02 01h19.16.620664 +0530,
-150,z,191,3,47,z,1,1.9792873000042164,None,47,3,191,3,,,,,511.56632580000587,,511.5508317999993,511.56632580000587,512.5496322000035,512.5496322000035,512.5496322000035,512.5496322000035,512.5664575000046,513.5496383999998,513.5496383999998,515.5336693999998,z,1,1.9792873000042164,None,,,,,pp3,001,2025-10-02_01h19.06.674,motor sequence,,2025.1.1,60.114614524625765,2025-10-02 01h19.16.620664 +0530,
-50,x,192,0,48,x,1,0.5945399999982328,None,48,0,192,0,,,,,515.5495213000031,,515.5340381999995,515.5495213000031,516.5334505999999,516.5334505999999,516.5334505999999,516.5334505999999,516.5496331000031,517.5328984000007,517.5328984000007,518.1337676000039,x,1,0.5945399999982328,None,,,,,pp3,001,2025-10-02_01h19.06.674,motor sequence,,2025.1.1,60.114614524625765,2025-10-02 01h19.16.620664 +0530,
150,v,193,1,48,v,1,0.9531010999999125,None,48,1,193,1,,,,,518.1496886000023,,518.1340947999997,518.1496886000023,519.1331810000047,519.1331810000047,519.1331810000047,519.1331810000047,519.1497741999992,520.1331015000032,520.1331015000032,521.102049000001,v,1,0.9531010999999125,None,,,,,pp3,001,2025-10-02_01h19.06.674,motor sequence,,2025.1.1,60.114614524625765,2025-10-02 01h19.16.620664 +0530,
50,c,194,2,48,c,1,0.7317151999959606,None,48,2,194,2,,,,,521.1162641000046,,521.1024940999996,521.1162641000046,522.1163232000035,522.1163232000035,522.1163232000035,522.1163232000035,522.1163232000035,523.1165458000032,523.1165458000032,523.8503042000011,c,1,0.7317151999959606,None,,,,,pp3,001,2025-10-02_01h19.06.674,motor sequence,,2025.1.1,60.114614524625765,2025-10-02 01h19.16.620664 +0530,
-150,z,195,3,48,z,1,1.272353500004101,None,48,3,195,3,,,,,523.8664283000035,,523.8505765000009,523.8664283000035,524.8496725000005,524.8496725000005,524.8496725000005,524.8496725000005,524.8663158000054,525.8495320000002,525.8495320000002,527.1335471000057,z,1,1.272353500004101,None,,,,,pp3,001,2025-10-02_01h19.06.674,motor sequence,,2025.1.1,60.114614524625765,2025-10-02 01h19.16.620664 +0530,
-50,x,196,0,49,x,1,0.697634600001038,None,49,0,196,0,,,,,527.1498603,,527.1337750000021,527.1498603,528.133462400001,528.133462400001,528.133462400001,528.133462400001,528.149726399999,529.1336838999996,529.1336838999996,529.834099700005,x,1,0.697634600001038,None,,,,,pp3,001,2025-10-02_01h19.06.674,motor sequence,,2025.1.1,60.114614524625765,2025-10-02 01h19.16.620664 +0530,
150,v,197,1,49,v,1,0.8667683999956353,None,49,1,197,1,,,,,529.8497738000005,,529.8345861999987,529.8497738000005,530.8496021000028,530.8496021000028,530.8496021000028,530.8496021000028,530.8496021000028,531.8494978000017,531.8494978000017,532.7166814000011,v,1,0.8667683999956353,None,,,,,pp3,001,2025-10-02_01h19.06.674,motor sequence,,2025.1.1,60.114614524625765,2025-10-02 01h19.16.620664 +0530,
50,c,198,2,49,c,1,0.3965967999974964,None,49,2,198,2,,,,,532.7329639000018,,532.7169171999994,532.7329639000018,533.7162434000056,533.7162434000056,533.7162434000056,533.7162434000056,533.7328385000001,534.7165779999996,534.7165779999996,535.1178426000042,c,1,0.3965967999974964,None,,,,,pp3,001,2025-10-02_01h19.06.674,motor sequence,,2025.1.1,60.114614524625765,2025-10-02 01h19.16.620664 +0530,
-150,z,199,3,49,z,1,0.8096946000005119,None,49,3,199,3,,,,,535.1331737,,535.1180864000053,535.1331737,536.1328596000021,536.1328596000021,536.1328596000021,536.1328596000021,536.1328596000021,537.1330266000004,537.1330266000004,537.9500517999986,z,1,0.8096946000005119,None,,,,,pp3,001,2025-10-02_01h19.06.674,motor sequence,,2025.1.1,60.114614524625765,2025-10-02 01h19.16.620664 +0530,
-150,z,0,0,0,z,1,1.0187437999993563,None,,,,,0,0,0,3,537.9665101999999,,537.9582354000013,537.9665101999999,538.9497594999993,538.9497594999993,538.9497594999993,538.9497594999993,538.9662699000037,539.9495740999992,539.9495740999992,540.9834590000028,,,,,z,1,1.0187437999993563,None,pp3,001,2025-10-02_01h19.06.674,motor sequence,,2025.1.1,60.114614524625765,2025-10-02 01h19.16.620664 +0530,
50,c,1,1,0,c,1,0.7558017000046675,None,,,,,0,1,1,2,540.9996996000045,,540.9843011000048,540.9996996000045,541.9831481000001,541.9831481000001,541.9831481000001,541.9831481000001,541.9995669999989,542.9829370000007,542.9829370000007,543.7505595000039,,,,,c,1,0.7558017000046675,None,pp3,001,2025-10-02_01h19.06.674,motor sequence,,2025.1.1,60.114614524625765,2025-10-02 01h19.16.620664 +0530,
150,v,2,2,0,v,1,1.4246748000005027,None,,,,,0,2,2,1,543.7664586000028,,543.7511513999998,543.7664586000028,544.7661664000043,544.7661664000043,544.7661664000043,544.7661664000043,544.7661664000043,545.7662454000019,545.7662454000019,547.2000747999991,,,,,v,1,1.4246748000005027,None,pp3,001,2025-10-02_01h19.06.674,motor sequence,,2025.1.1,60.114614524625765,2025-10-02 01h19.16.620664 +0530,
-50,x,3,3,0,x,1,0.9236540999991121,None,,,,,0,3,3,0,547.2162463000059,,547.2003608000014,547.2162463000059,548.1996264000045,548.1996264000045,548.1996264000045,548.1996264000045,548.2166780000043,549.1996314999997,549.1996314999997,550.1336236999996,,,,,x,1,0.9236540999991121,None,pp3,001,2025-10-02_01h19.06.674,motor sequence,,2025.1.1,60.114614524625765,2025-10-02 01h19.16.620664 +0530,
-150,z,4,4,1,z,1,0.967449800002214,None,,,,,1,4,4,3,550.1497128000046,,550.1338852000044,550.1497128000046,551.1330037000007,551.1330037000007,551.1330037000007,551.1330037000007,551.1495801000056,552.132992400002,552.132992400002,553.1166139999987,,,,,z,1,0.967449800002214,None,pp3,001,2025-10-02_01h19.06.674,motor sequence,,2025.1.1,60.114614524625765,2025-10-02 01h19.16.620664 +0530,
-50,x,5,5,1,x,1,0.9265345000021625,None,,,,,1,5,5,0,553.1330998000049,,553.1169620000001,553.1330998000049,554.1163113000002,554.1163113000002,554.1163113000002,554.1163113000002,554.1330650000018,555.1163075000004,555.1163075000004,556.0515553000005,,,,,x,1,0.9265345000021625,None,pp3,001,2025-10-02_01h19.06.674,motor sequence,,2025.1.1,60.114614524625765,2025-10-02 01h19.16.620664 +0530,
50,c,6,6,1,c,1,0.8519025000059628,None,,,,,1,6,6,2,556.0663333000048,,556.0522774000056,556.0663333000048,557.0661786000055,557.0661786000055,557.0661786000055,557.0661786000055,557.0661786000055,558.0664259000041,558.0664259000041,558.9348134000029,,,,,c,1,0.8519025000059628,None,pp3,001,2025-10-02_01h19.06.674,motor sequence,,2025.1.1,60.114614524625765,2025-10-02 01h19.16.620664 +0530,
50,c,7,7,2,c,1,0.48449689999688417,None,,,,,2,7,7,2,558.9500603000051,,558.9351448000016,558.9500603000051,559.949889800002,559.949889800002,559.949889800002,559.949889800002,559.949889800002,560.9497733000026,560.9497733000026,561.4504151000001,,,,,c,1,0.48449689999688417,None,pp3,001,2025-10-02_01h19.06.674,motor sequence,,2025.1.1,60.114614524625765,2025-10-02 01h19.16.620664 +0530,
50,c,8,8,3,c,1,0.5798257000060403,None,,,,,3,8,8,2,561.4664205000008,,561.4509427000012,561.4664205000008,562.4495728000038,562.4495728000038,562.4495728000038,562.4495728000038,562.4664382000046,563.4502214000022,563.4502214000022,564.0333830000018,,,,,c,1,0.5798257000060403,None,pp3,001,2025-10-02_01h19.06.674,motor sequence,,2025.1.1,60.114614524625765,2025-10-02 01h19.16.620664 +0530,
150,v,9,9,1,v,1,0.8459984000000986,None,,,,,1,9,9,1,564.0507035000046,,564.0337127000021,564.0507035000046,565.0330364000038,565.0330364000038,565.0330364000038,565.0330364000038,565.0666475000035,566.033413600002,566.033413600002,566.8840057000052,,,,,v,1,0.8459984000000986,None,pp3,001,2025-10-02_01h19.06.674,motor sequence,,2025.1.1,60.114614524625765,2025-10-02 01h19.16.620664 +0530,
-150,z,10,10,2,z,1,0.9004967000000761,None,,,,,2,10,10,3,566.8995932000034,,566.8843660000057,566.8995932000034,567.899476999999,567.899476999999,567.899476999999,567.899476999999,567.899476999999,568.8996667000029,568.8996667000029,569.816559400002,,,,,z,1,0.9004967000000761,None,pp3,001,2025-10-02_01h19.06.674,motor sequence,,2025.1.1,60.114614524625765,2025-10-02 01h19.16.620664 +0530,
50,c,11,11,4,c,1,0.7873906999957399,None,,,,,4,11,11,2,569.8330895000036,,569.8168780000051,569.8330895000036,570.8163375000004,570.8163375000004,570.8163375000004,570.8163375000004,570.8341433000023,571.8164085000026,571.8164085000026,572.6166733999999,,,,,c,1,0.7873906999957399,None,pp3,001,2025-10-02_01h19.06.674,motor sequence,,2025.1.1,60.114614524625765,2025-10-02 01h19.16.620664 +0530,
50,c,12,12,5,c,1,1.3407466999997268,None,,,,,5,12,12,2,572.6328808000035,,572.6169766000021,572.6328808000035,573.6163605000038,573.6163605000038,573.6163605000038,573.6163605000038,573.6329355999987,574.6163860000015,574.6163860000015,575.967744900001,,,,,c,1,1.3407466999997268,None,pp3,001,2025-10-02_01h19.06.674,motor sequence,,2025.1.1,60.114614524625765,2025-10-02 01h19.16.620664 +0530,
-150,z,13,13,3,z,1,0.4973960999996052,None,,,,,3,13,13,3,575.9832886000004,,575.968332000004,575.9832886000004,576.9836226000043,576.9836226000043,576.9836226000043,576.9836226000043,576.9836226000043,577.9841263000053,577.9841263000053,578.4835979999989,,,,,z,1,0.4973960999996052,None,pp3,001,2025-10-02_01h19.06.674,motor sequence,,2025.1.1,60.114614524625765,2025-10-02 01h19.16.620664 +0530,
150,v,14,14,2,v,1,0.5933387999975821,None,,,,,2,14,14,1,578.499633899999,,578.4838626000055,578.499633899999,579.4828565999996,579.4828565999996,579.4828565999996,579.4828565999996,579.4998723000026,580.4830365000016,580.4830365000016,581.0837825999988,,,,,v,1,0.5933387999975821,None,pp3,001,2025-10-02_01h19.06.674,motor sequence,,2025.1.1,60.114614524625765,2025-10-02 01h19.16.620664 +0530,
-50,x,15,15,2,x,1,1.2408403000008548,None,,,,,2,15,15,0,581.0997887000049,,581.0843472999986,581.0997887000049,582.0832174000025,582.0832174000025,582.0832174000025,582.0832174000025,582.1009142000039,583.0837271000055,583.0837271000055,584.3343422000034,,,,,x,1,1.2408403000008548,None,pp3,001,2025-10-02_01h19.06.674,motor sequence,,2025.1.1,60.114614524625765,2025-10-02 01h19.16.620664 +0530,
-50,x,16,16,3,x,1,0.6282587000023341,None,,,,,3,16,16,0,584.3503961000024,,584.335207600001,584.3503961000024,585.3495853999993,585.3495853999993,585.3495853999993,585.3495853999993,585.3495853999993,586.3497162000058,586.3497162000058,586.9832970999996,,,,,x,1,0.6282587000023341,None,pp3,001,2025-10-02_01h19.06.674,motor sequence,,2025.1.1,60.114614524625765,2025-10-02 01h19.16.620664 +0530,
50,c,17,17,6,c,1,0.7638134000007994,None,,,,,6,17,17,2,586.9997877999995,,586.9835174000036,586.9997877999995,587.9830054000049,587.9830054000049,587.9830054000049,587.9830054000049,587.9999506000022,588.9832064000002,588.9832064000002,589.7507052000001,,,,,c,1,0.7638134000007994,None,pp3,001,2025-10-02_01h19.06.674,motor sequence,,2025.1.1,60.114614524625765,2025-10-02 01h19.16.620664 +0530,
150,v,18,18,3,v,1,0.6924773999999161,None,,,,,3,18,18,1,589.7662500000006,,589.7509661000004,589.7662500000006,590.7499218000012,590.7499218000012,590.7499218000012,590.7499218000012,590.7667653000026,591.7662979000015,591.7662979000015,592.4665157000054,,,,,v,1,0.6924773999999161,None,pp3,001,2025-10-02_01h19.06.674,motor sequence,,2025.1.1,60.114614524625765,2025-10-02 01h19.16.620664 +0530,
50,c,19,19,7,c,1,1.0052833000008832,None,,,,,7,19,19,2,592.4829761000001,,592.4667509999999,592.4829761000001,593.4662487000023,593.4662487000023,593.4662487000023,593.4662487000023,593.4829031000045,594.4662032000051,594.4662032000051,595.4837387000007,,,,,c,1,1.0052833000008832,None,pp3,001,2025-10-02_01h19.06.674,motor sequence,,2025.1.1,60.114614524625765,2025-10-02 01h19.16.620664 +0530,
50,c,20,20,8,c,1,0.6053486000018893,None,,,,,8,20,20,2,595.4996059000041,,595.4841182000018,595.4996059000041,596.4834986999995,596.4834986999995,596.4834986999995,596.4834986999995,596.5001793000047,597.4996218000015,597.4996218000015,598.1165471999993,,,,,c,1,0.6053486000018893,None,pp3,001,2025-10-02_01h19.06.674,motor sequence,,2025.1.1,60.114614524625765,2025-10-02 01h19.16.620664 +0530,
50,c,21,21,9,c,1,0.47852070000226377,None,,,,,9,21,21,2,598.1328819000046,,598.1168045000013,598.1328819000046,599.1164720000015,599.1164720000015,599.1164720000015,599.1164720000015,599.1332726000037,600.1163726000013,600.1163726000013,600.6003176000013,,,,,c,1,0.47852070000226377,None,pp3,001,2025-10-02_01h19.06.674,motor sequence,,2025.1.1,60.114614524625765,2025-10-02 01h19.16.620664 +0530,
-50,x,22,22,4,x,1,0.7463678999993135,None,,,,,4,22,22,0,600.6164853000009,,600.6006985999993,600.6164853000009,601.5996109000043,601.5996109000043,601.5996109000043,601.5996109000043,601.6161147000021,602.5998430000036,602.5998430000036,603.3504002000045,,,,,x,1,0.7463678999993135,None,pp3,001,2025-10-02_01h19.06.674,motor sequence,,2025.1.1,60.114614524625765,2025-10-02 01h19.16.620664 +0530,
-50,x,23,23,5,x,1,0.6663610999967204,None,,,,,5,23,23,0,603.3661528000011,,603.3507189000011,603.3661528000011,604.3498177000001,604.3498177000001,604.3498177000001,604.3498177000001,604.3661733000044,605.3495958000058,605.3495958000058,606.0166994000028,,,,,x,1,0.6663610999967204,None,pp3,001,2025-10-02_01h19.06.674,motor sequence,,2025.1.1,60.114614524625765,2025-10-02 01h19.16.620664 +0530,
150,v,24,24,4,v,1,0.6695757000052254,None,,,,,4,24,24,1,606.0329753000042,,606.0170374000008,606.0329753000042,607.0162220000057,607.0162220000057,607.0162220000057,607.0162220000057,607.0333414000052,608.0164335000009,608.0164335000009,608.6999568000028,,,,,v,1,0.6695757000052254,None,pp3,001,2025-10-02_01h19.06.674,motor sequence,,2025.1.1,60.114614524625765,2025-10-02 01h19.16.620664 +0530,
150,v,25,25,5,v,1,0.759699800000817,None,,,,,5,25,25,1,608.7161954000039,,608.7002051000018,608.7161954000039,609.699830000005,609.699830000005,609.699830000005,609.699830000005,609.7168729000041,610.6999899000002,610.6999899000002,611.4667804000055,,,,,v,1,0.759699800000817,None,pp3,001,2025-10-02_01h19.06.674,motor sequence,,2025.1.1,60.114614524625765,2025-10-02 01h19.16.620664 +0530,
-150,z,26,26,4,z,1,1.0359301999997115,None,,,,,4,26,26,3,611.4831905000028,,611.4671230000022,611.4831905000028,612.4663338000028,612.4663338000028,612.4663338000028,612.4663338000028,612.4832075000013,613.4664602000048,613.4664602000048,614.5168370000029,,,,,z,1,1.0359301999997115,None,pp3,001,2025-10-02_01h19.06.674,motor sequence,,2025.1.1,60.114614524625765,2025-10-02 01h19.16.620664 +0530,
-50,x,27,27,6,x,1,0.6343865000017104,None,,,,,6,27,27,0,614.5332264000026,,614.5170799000043,614.5332264000026,615.5166637000002,615.5166637000002,615.5166637000002,615.5166637000002,615.5333357000054,616.5162410000048,616.5162410000048,617.1668834000011,,,,,x,1,0.6343865000017104,None,pp3,001,2025-10-02_01h19.06.674,motor sequence,,2025.1.1,60.114614524625765,2025-10-02 01h19.16.620664 +0530,
50,c,28,28,10,c,1,0.5576006000046618,None,,,,,10,28,28,2,617.1832464000036,,617.1675044000003,617.1832464000036,618.1669344000038,618.1669344000038,618.1669344000038,618.1669344000038,618.1831124000018,619.1662567000021,619.1662567000021,619.7336925999989,,,,,c,1,0.5576006000046618,None,pp3,001,2025-10-02_01h19.06.674,motor sequence,,2025.1.1,60.114614524625765,2025-10-02 01h19.16.620664 +0530,
-50,x,29,29,7,x,1,0.7425546000013128,None,,,,,7,29,29,0,619.7507632999987,,619.7341763000004,619.7507632999987,620.733364300002,620.733364300002,620.733364300002,620.733364300002,620.7498897000041,621.7333001000006,621.7333001000006,622.483406600004,,,,,x,1,0.7425546000013128,None,pp3,001,2025-10-02_01h19.06.674,motor sequence,,2025.1.1,60.114614524625765,2025-10-02 01h19.16.620664 +0530,
-50,x,30,30,8,x,1,0.5930246999996598,None,,,,,8,30,30,0,622.4999102000002,,622.4837294000026,622.4999102000002,623.4829412000036,623.4829412000036,623.4829412000036,623.4829412000036,623.4996274000005,624.4839878999992,624.4839878999992,625.0846346000035,,,,,x,1,0.5930246999996598,None,pp3,001,2025-10-02_01h19.06.674,motor sequence,,2025.1.1,60.114614524625765,2025-10-02 01h19.16.620664 +0530,
-150,z,31,31,5,z,1,0.8454791999974987,None,,,,,5,31,31,3,625.0995964000031,,625.0851738999991,625.0995964000031,626.0996073999995,626.0996073999995,626.0996073999995,626.0996073999995,626.0996073999995,627.0997178000034,627.0997178000034,627.9500107000058,,,,,z,1,0.8454791999974987,None,pp3,001,2025-10-02_01h19.06.674,motor sequence,,2025.1.1,60.114614524625765,2025-10-02 01h19.16.620664 +0530,
150,v,32,32,6,v,1,0.7792651999989175,None,,,,,6,32,32,1,627.9662491000054,,627.9503784000044,627.9662491000054,628.9496704000048,628.9496704000048,628.9496704000048,628.9496704000048,628.9662003000049,629.9498336000033,629.9498336000033,630.7338413000034,,,,,v,1,0.7792651999989175,None,pp3,001,2025-10-02_01h19.06.674,motor sequence,,2025.1.1,60.114614524625765,2025-10-02 01h19.16.620664 +0530,
-150,z,33,33,6,z,1,0.9120786999992561,None,,,,,6,33,33,3,630.749755900004,,630.7341436999995,630.749755900004,631.7330333999998,631.7330333999998,631.7330333999998,631.7330333999998,631.7495675000027,632.7329392000029,632.7329392000029,633.6502184000055,,,,,z,1,0.9120786999992561,None,pp3,001,2025-10-02_01h19.06.674,motor sequence,,2025.1.1,60.114614524625765,2025-10-02 01h19.16.620664 +0530,
50,c,34,34,11,c,1,1.3329092999993009,None,,,,,11,34,34,2,633.6663976999989,,633.6504601000051,633.6663976999989,634.6496837000013,634.6496837000013,634.6496837000013,634.6496837000013,634.6662331000043,635.6502548999997,635.6502548999997,636.9999781000006,,,,,c,1,1.3329092999993009,None,pp3,001,2025-10-02_01h19.06.674,motor sequence,,2025.1.1,60.114614524625765,2025-10-02 01h19.16.620664 +0530,
-50,x,35,35,9,x,1,1.1655438999951002,None,,,,,9,35,35,0,637.016237200005,,637.0001898000046,637.016237200005,637.9996296000027,637.9996296000027,637.9996296000027,637.9996296000027,638.0162272000016,639.0005267000015,639.0005267000015,640.1666996000058,,,,,x,1,1.1655438999951002,None,pp3,001,2025-10-02_01h19.06.674,motor sequence,,2025.1.1,60.114614524625765,2025-10-02 01h19.16.620664 +0530,
-150,z,36,36,7,z,1,0.7820119000025443,None,,,,,7,36,36,3,640.1830446000022,,640.1669887000025,640.1830446000022,641.1663564000046,641.1663564000046,641.1663564000046,641.1663564000046,641.183211100004,642.1663722000012,642.1663722000012,642.9505560000034,,,,,z,1,0.7820119000025443,None,pp3,001,2025-10-02_01h19.06.674,motor sequence,,2025.1.1,60.114614524625765,2025-10-02 01h19.16.620664 +0530,
50,c,37,37,12,c,1,1.1151869999957853,None,,,,,12,37,37,2,642.9666651000007,,642.950940200004,642.9666651000007,643.9496343999999,643.9496343999999,643.9496343999999,643.9496343999999,643.9663602,644.9495931000056,644.9495931000056,646.0667306000032,,,,,c,1,1.1151869999957853,None,pp3,001,2025-10-02_01h19.06.674,motor sequence,,2025.1.1,60.114614524625765,2025-10-02 01h19.16.620664 +0530,
150,v,38,38,7,v,1,1.064575700002024,None,,,,,7,38,38,1,646.0832018000001,,646.0671003000025,646.0832018000001,647.0662235000054,647.0662235000054,647.0662235000054,647.0662235000054,647.0832282000047,648.0675322000025,648.0675322000025,649.134209900003,,,,,v,1,1.064575700002024,None,pp3,001,2025-10-02_01h19.06.674,motor sequence,,2025.1.1,60.114614524625765,2025-10-02 01h19.16.620664 +0530,
150,v,39,39,8,v,1,1.326610600001004,None,,,,,8,39,39,1,649.1496393999987,,649.1346773000041,649.1496393999987,650.149796800004,650.149796800004,650.149796800004,650.149796800004,650.149796800004,651.1498150000043,651.1498150000043,652.4838915,,,,,v,1,1.326610600001004,None,pp3,001,2025-10-02_01h19.06.674,motor sequence,,2025.1.1,60.114614524625765,2025-10-02 01h19.16.620664 +0530,
150,v,40,40,9,v,1,0.9132805000044755,None,,,,,9,40,40,1,652.5000059000013,,652.4843824999989,652.5000059000013,653.4833760000038,653.4833760000038,653.4833760000038,653.4833760000038,653.4998980000018,654.4831546999994,654.4831546999994,655.4001157000021,,,,,v,1,0.9132805000044755,None,pp3,001,2025-10-02_01h19.06.674,motor sequence,,2025.1.1,60.114614524625765,2025-10-02 01h19.16.620664 +0530,
150,v,41,41,10,v,1,0.5243757999996888,None,,,,,10,41,41,1,655.4164816000048,,655.4003885999991,655.4164816000048,656.4000444000048,656.4000444000048,656.4000444000048,656.4000444000048,656.4173616000044,657.3998135000002,657.3998135000002,657.9335713000037,,,,,v,1,0.5243757999996888,None,pp3,001,2025-10-02_01h19.06.674,motor sequence,,2025.1.1,60.114614524625765,2025-10-02 01h19.16.620664 +0530,
150,v,42,42,11,v,1,0.45316710000042804,None,,,,,11,42,42,1,657.9496819000051,,657.9338840000055,657.9496819000051,658.9330668000039,658.9330668000039,658.9330668000039,658.9330668000039,658.9497803000049,659.933199500003,659.933199500003,660.4001091000027,,,,,v,1,0.45316710000042804,None,pp3,001,2025-10-02_01h19.06.674,motor sequence,,2025.1.1,60.114614524625765,2025-10-02 01h19.16.620664 +0530,
-150,z,43,43,8,z,1,0.7358094000010169,None,,,,,8,43,43,3,660.416360700001,,660.4003219000006,660.416360700001,661.3999528999993,661.3999528999993,661.3999528999993,661.3999528999993,661.4164984000017,662.3997353000013,662.3997353000013,663.1500304000001,,,,,z,1,0.7358094000010169,None,pp3,001,2025-10-02_01h19.06.674,motor sequence,,2025.1.1,60.114614524625765,2025-10-02 01h19.16.620664 +0530,
150,v,44,44,12,v,1,0.6185674999942421,None,,,,,12,44,44,1,663.1669619000022,,663.1502937000041,663.1669619000022,664.1497918000023,664.1497918000023,664.1497918000023,664.1497918000023,664.1664365000033,665.149794900004,665.149794900004,665.7834538000025,,,,,v,1,0.6185674999942421,None,pp3,001,2025-10-02_01h19.06.674,motor sequence,,2025.1.1,60.114614524625765,2025-10-02 01h19.16.620664 +0530,
50,c,45,45,13,c,1,0.74091330000374,None,,,,,13,45,45,2,665.7998370999994,,665.7836932999999,665.7998370999994,666.7836516000025,666.7836516000025,666.7836516000025,666.7836516000025,666.7998303000059,667.7831205000039,667.7831205000039,668.5337311000039,,,,,c,1,0.74091330000374,None,pp3,001,2025-10-02_01h19.06.674,motor sequence,,2025.1.1,60.114614524625765,2025-10-02 01h19.16.620664 +0530,
-50,x,46,46,10,x,1,0.6318586000052164,None,,,,,10,46,46,0,668.5500061999992,,668.5343950000024,668.5500061999992,669.5339620000013,669.5339620000013,669.5339620000013,669.5339620000013,669.5500272999998,670.5334160999992,670.5334160999992,671.1668374000001,,,,,x,1,0.6318586000052164,None,pp3,001,2025-10-02_01h19.06.674,motor sequence,,2025.1.1,60.114614524625765,2025-10-02 01h19.16.620664 +0530,
-150,z,47,47,9,z,1,0.7498125999991316,None,,,,,9,47,47,3,671.1829758000022,,671.1673302000054,671.1829758000022,672.1663512000014,672.1663512000014,672.1663512000014,672.1663512000014,672.1832985000001,673.1664149999997,673.1664149999997,673.9167375000034,,,,,z,1,0.7498125999991316,None,pp3,001,2025-10-02_01h19.06.674,motor sequence,,2025.1.1,60.114614524625765,2025-10-02 01h19.16.620664 +0530,
150,v,48,48,13,v,1,0.8068491000012727,None,,,,,13,48,48,1,673.9329560000042,,673.9172921999998,673.9329560000042,674.9164228000009,674.9164228000009,674.9164228000009,674.9164228000009,674.9330450000052,675.9164277000018,675.9164277000018,676.7335299000042,,,,,v,1,0.8068491000012727,None,pp3,001,2025-10-02_01h19.06.674,motor sequence,,2025.1.1,60.114614524625765,2025-10-02 01h19.16.620664 +0530,
50,c,49,49,14,c,1,0.7943501999980072,None,,,,,14,49,49,2,676.7497224000035,,676.7339030000003,676.7497224000035,677.7329248000024,677.7329248000024,677.7329248000024,677.7329248000024,677.7497367000033,678.733109300003,678.733109300003,679.5338011999993,,,,,c,1,0.7943501999980072,None,pp3,001,2025-10-02_01h19.06.674,motor sequence,,2025.1.1,60.114614524625765,2025-10-02 01h19.16.620664 +0530,
50,c,50,50,15,c,1,0.4856218999993871,None,,,,,15,50,50,2,679.5496965999992,,679.5343772000051,679.5496965999992,680.5330334000028,680.5330334000028,680.5330334000028,680.5330334000028,680.5497717000035,681.5499153000055,681.5499153000055,682.0500837,,,,,c,1,0.4856218999993871,None,pp3,001,2025-10-02_01h19.06.674,motor sequence,,2025.1.1,60.114614524625765,2025-10-02 01h19.16.620664 +0530,
50,c,51,51,16,c,1,0.5936493999979575,None,,,,,16,51,51,2,682.0663361000043,,682.0502793000051,682.0663361000043,683.0496506000054,683.0496506000054,683.0496506000054,683.0496506000054,683.0666495000041,684.0497621000031,684.0497621000031,684.6502876000013,,,,,c,1,0.5936493999979575,None,pp3,001,2025-10-02_01h19.06.674,motor sequence,,2025.1.1,60.114614524625765,2025-10-02 01h19.16.620664 +0530,
-150,z,52,52,10,z,1,0.7616047999981674,None,,,,,10,52,52,3,684.6663215000008,,684.6504970000024,684.6663215000008,685.6497285000005,685.6497285000005,685.6497285000005,685.6497285000005,685.6664158999993,686.6497607999991,686.6497607999991,687.4174860000057,,,,,z,1,0.7616047999981674,None,pp3,001,2025-10-02_01h19.06.674,motor sequence,,2025.1.1,60.114614524625765,2025-10-02 01h19.16.620664 +0530,
-150,z,53,53,11,z,1,0.8128805999949691,None,,,,,11,53,53,3,687.4331630000015,,687.4177750000017,687.4331630000015,688.4330577000001,688.4330577000001,688.4330577000001,688.4330577000001,688.4330577000001,689.4330192999987,689.4330192999987,690.2503047999999,,,,,z,1,0.8128805999949691,None,pp3,001,2025-10-02_01h19.06.674,motor sequence,,2025.1.1,60.114614524625765,2025-10-02 01h19.16.620664 +0530,
-50,x,54,54,11,x,1,1.5123633999974118,None,,,,,11,54,54,0,690.2663567999989,,690.2507287000044,690.2663567999989,691.2497350000049,691.2497350000049,691.2497350000049,691.2497350000049,691.2663782000018,692.2498065000036,692.2498065000036,693.7669348000054,,,,,x,1,1.5123633999974118,None,pp3,001,2025-10-02_01h19.06.674,motor sequence,,2025.1.1,60.114614524625765,2025-10-02 01h19.16.620664 +0530,
-50,x,55,55,12,x,1,0.5484441000007791,None,,,,,12,55,55,0,693.7831151999999,,693.7673818000039,693.7831151999999,694.7663978000055,694.7663978000055,694.7663978000055,694.7663978000055,694.7829329000015,695.7662591000044,695.7662591000044,696.3165096000012,,,,,x,1,0.5484441000007791,None,pp3,001,2025-10-02_01h19.06.674,motor sequence,,2025.1.1,60.114614524625765,2025-10-02 01h19.16.620664 +0530,
-150,z,56,56,12,z,1,0.7272826999978861,None,,,,,12,56,56,3,696.3331618000011,,696.3167409000016,696.3331618000011,697.3164011000044,697.3164011000044,697.3164011000044,697.3164011000044,697.3331073000008,698.3165991999995,698.3165991999995,699.0500503000003,,,,,z,1,0.7272826999978861,None,pp3,001,2025-10-02_01h19.06.674,motor sequence,,2025.1.1,60.114614524625765,2025-10-02 01h19.16.620664 +0530,
-50,x,57,57,13,x,1,0.38992339999822434,None,,,,,13,57,57,0,699.0661738999988,,699.0502896000035,699.0661738999988,700.049683600002,700.049683600002,700.049683600002,700.049683600002,700.0664004999999,701.0497881000047,701.0497881000047,701.4505267000059,,,,,x,1,0.38992339999822434,None,pp3,001,2025-10-02_01h19.06.674,motor sequence,,2025.1.1,60.114614524625765,2025-10-02 01h19.16.620664 +0530,
150,v,58,58,14,v,1,0.7689329999993788,None,,,,,14,58,58,1,701.4664530000009,,701.4511419000046,701.4664530000009,702.4496558000028,702.4496558000028,702.4496558000028,702.4496558000028,702.4663007999989,703.4498033000054,703.4498033000054,704.2336877000052,,,,,v,1,0.7689329999993788,None,pp3,001,2025-10-02_01h19.06.674,motor sequence,,2025.1.1,60.114614524625765,2025-10-02 01h19.16.620664 +0530,
50,c,59,59,17,c,1,1.061477700000978,None,,,,,17,59,59,2,704.2496544000023,,704.2338874000052,704.2496544000023,705.2331492000012,705.2331492000012,705.2331492000012,705.2331492000012,705.249817200005,706.2329710000049,706.2329710000049,707.3000844000053,,,,,c,1,1.061477700000978,None,pp3,001,2025-10-02_01h19.06.674,motor sequence,,2025.1.1,60.114614524625765,2025-10-02 01h19.16.620664 +0530,
50,c,60,60,18,c,1,0.7573879999981727,None,,,,,18,60,60,2,707.3164419000022,,707.3003386000055,707.3164419000022,708.2996486000047,708.2996486000047,708.2996486000047,708.2996486000047,708.3163157000017,709.2997697000028,709.2997697000028,710.0668035999988,,,,,c,1,0.7573879999981727,None,pp3,001,2025-10-02_01h19.06.674,motor sequence,,2025.1.1,60.114614524625765,2025-10-02 01h19.16.620664 +0530,
150,v,61,61,15,v,1,0.7644397999974899,None,,,,,15,61,61,1,710.0831136000052,,710.0671626000039,710.0831136000052,711.0660814000003,711.0660814000003,711.0660814000003,711.0660814000003,711.0833872000003,712.0664741,712.0664741,712.8333475000036,,,,,v,1,0.7644397999974899,None,pp3,001,2025-10-02_01h19.06.674,motor sequence,,2025.1.1,60.114614524625765,2025-10-02 01h19.16.620664 +0530,
50,c,62,62,19,c,1,0.8466802999973879,None,,,,,19,62,62,2,712.8497575000001,,712.8335742999989,712.8497575000001,713.833172300001,713.833172300001,713.833172300001,713.833172300001,713.8497365000003,714.8331641000041,714.8331641000041,715.6832846000034,,,,,c,1,0.8466802999973879,None,pp3,001,2025-10-02_01h19.06.674,motor sequence,,2025.1.1,60.114614524625765,2025-10-02 01h19.16.620664 +0530,
-150,z,63,63,13,z,1,0.9180812999984482,None,,,,,13,63,63,3,715.6996973999994,,715.6835347000015,715.6996973999994,716.6829913000038,716.6829913000038,716.6829913000038,716.6829913000038,716.6998259000029,717.6829523999986,717.6829523999986,718.6171357999992,,,,,z,1,0.9180812999984482,None,pp3,001,2025-10-02_01h19.06.674,motor sequence,,2025.1.1,60.114614524625765,2025-10-02 01h19.16.620664 +0530,
50,c,64,64,20,c,1,0.8326077000019723,None,,,,,20,64,64,2,718.6329448000033,,718.6175517000011,718.6329448000033,719.6163460000025,719.6163460000025,719.6163460000025,719.6163460000025,719.6330720000042,720.6169026999996,720.6169026999996,721.4502062000029,,,,,c,1,0.8326077000019723,None,pp3,001,2025-10-02_01h19.06.674,motor sequence,,2025.1.1,60.114614524625765,2025-10-02 01h19.16.620664 +0530,
-50,x,65,65,14,x,1,1.1961282000047504,None,,,,,14,65,65,0,721.4663577000028,,721.450611100001,721.4663577000028,722.450869100001,722.450869100001,722.450869100001,722.450869100001,722.4662812000024,723.4497971000019,723.4497971000019,724.6503188999995,,,,,x,1,1.1961282000047504,None,pp3,001,2025-10-02_01h19.06.674,motor sequence,,2025.1.1,60.114614524625765,2025-10-02 01h19.16.620664 +0530,
150,v,66,66,16,v,1,1.3412592000022414,None,,,,,16,66,66,1,724.6664313000001,,724.6508017000015,724.6664313000001,725.6497653000042,725.6497653000042,725.6497653000042,725.6497653000042,725.6664388999998,726.6503081000046,726.6503081000046,728.0006512000036,,,,,v,1,1.3412592000022414,None,pp3,001,2025-10-02_01h19.06.674,motor sequence,,2025.1.1,60.114614524625765,2025-10-02 01h19.16.620664 +0530,
150,v,67,67,17,c,0,0.49239529999613296,None,,,,,17,67,67,1,728.0163099999991,,728.0014894000051,728.0163099999991,729.0163944000014,729.0163944000014,729.0163944000014,729.0163944000014,729.0163944000014,730.0164456999992,730.0164456999992,730.5170026000051,,,,,c,0,0.49239529999613296,None,pp3,001,2025-10-02_01h19.06.674,motor sequence,,2025.1.1,60.114614524625765,2025-10-02 01h19.16.620664 +0530,
-150,z,68,68,14,z,1,1.456571199996688,None,,,,,14,68,68,3,730.5330507000035,,730.5172238000014,730.5330507000035,731.5163166000057,731.5163166000057,731.5163166000057,731.5163166000057,731.5328727000015,732.5162220999991,732.5162220999991,733.9832725000015,,,,,z,1,1.456571199996688,None,pp3,001,2025-10-02_01h19.06.674,motor sequence,,2025.1.1,60.114614524625765,2025-10-02 01h19.16.620664 +0530,
-50,x,69,69,15,x,1,1.378970500001742,None,,,,,15,69,69,0,733.9997058000008,,733.9834982000029,733.9997058000008,734.9831861000057,734.9831861000057,734.9831861000057,734.9831861000057,735.0000549000033,735.9830930000026,735.9830930000026,737.3666305000006,,,,,x,1,1.378970500001742,None,pp3,001,2025-10-02_01h19.06.674,motor sequence,,2025.1.1,60.114614524625765,2025-10-02 01h19.16.620664 +0530,
150,v,70,70,18,v,1,0.49769470000319416,None,,,,,18,70,70,1,737.3830531999993,,737.3669145000022,737.3830531999993,738.3664372999992,738.3664372999992,738.3664372999992,738.3664372999992,738.3831685000041,739.3672213000027,739.3672213000027,739.8665987999993,,,,,v,1,0.49769470000319416,None,pp3,001,2025-10-02_01h19.06.674,motor sequence,,2025.1.1,60.114614524625765,2025-10-02 01h19.16.620664 +0530,
50,c,71,71,21,c,1,1.0648857999985921,None,,,,,21,71,71,2,739.8829993000036,,739.8668214999998,739.8829993000036,740.8665346999987,740.8665346999987,740.8665346999987,740.8665346999987,740.8832029000041,741.8667545999997,741.8667545999997,742.933772700002,,,,,c,1,1.0648857999985921,None,pp3,001,2025-10-02_01h19.06.674,motor sequence,,2025.1.1,60.114614524625765,2025-10-02 01h19.16.620664 +0530,
150,v,72,72,19,v,1,0.6043022999947425,None,,,,,19,72,72,1,742.9496310000031,,742.9340186000045,742.9496310000031,743.9331826000052,743.9331826000052,743.9331826000052,743.9331826000052,743.9497402999987,744.9332944999987,744.9332944999987,745.5500054000004,,,,,v,1,0.6043022999947425,None,pp3,001,2025-10-02_01h19.06.674,motor sequence,,2025.1.1,60.114614524625765,2025-10-02 01h19.16.620664 +0530,
50,c,73,73,22,c,1,0.876429999996617,None,,,,,22,73,73,2,745.5670802000022,,745.5502774000051,745.5670802000022,746.549914700001,746.549914700001,746.549914700001,746.549914700001,746.5664811000024,747.5496982000041,747.5496982000041,748.4336799000012,,,,,c,1,0.876429999996617,None,pp3,001,2025-10-02_01h19.06.674,motor sequence,,2025.1.1,60.114614524625765,2025-10-02 01h19.16.620664 +0530,
50,c,74,74,23,c,1,0.7273753000044962,None,,,,,23,74,74,2,748.4500149000014,,748.4341987000007,748.4500149000014,749.4333459000045,749.4333459000045,749.4333459000045,749.4333459000045,749.4496698000003,750.4330861999988,750.4330861999988,751.1667620000007,,,,,c,1,0.7273753000044962,None,pp3,001,2025-10-02_01h19.06.674,motor sequence,,2025.1.1,60.114614524625765,2025-10-02 01h19.16.620664 +0530,
150,v,75,75,20,v,1,0.8335274999990361,None,,,,,20,75,75,1,751.1831329999986,,751.1672810000018,751.1831329999986,752.166481799999,752.166481799999,752.166481799999,752.166481799999,752.1830553000036,753.1663034000012,753.1663034000012,754.0167129000038,,,,,v,1,0.8335274999990361,None,pp3,001,2025-10-02_01h19.06.674,motor sequence,,2025.1.1,60.114614524625765,2025-10-02 01h19.16.620664 +0530,
50,c,76,76,24,c,1,1.1771745000005467,None,,,,,24,76,76,2,754.0331714000058,,754.0169918000029,754.0331714000058,755.016767699999,755.016767699999,755.016767699999,755.016767699999,755.0331074999995,756.0163876000006,756.0163876000006,757.2002750000029,,,,,c,1,1.1771745000005467,None,pp3,001,2025-10-02_01h19.06.674,motor sequence,,2025.1.1,60.114614524625765,2025-10-02 01h19.16.620664 +0530,
-50,x,77,77,16,x,1,0.7753979999979492,None,,,,,16,77,77,0,757.2166064000048,,757.2006216000009,757.2166064000048,758.199738000003,758.199738000003,758.199738000003,758.199738000003,758.2165456000002,759.200214000004,759.200214000004,759.9833287000001,,,,,x,1,0.7753979999979492,None,pp3,001,2025-10-02_01h19.06.674,motor sequence,,2025.1.1,60.114614524625765,2025-10-02 01h19.16.620664 +0530,
-150,z,78,78,15,z,1,0.5359450000032666,None,,,,,15,78,78,3,759.9997015000044,,759.9835319000049,759.9997015000044,760.9831206000017,760.9831206000017,760.9831206000017,760.9831206000017,760.9999100999994,761.982984000002,761.982984000002,762.533287600003,,,,,z,1,0.5359450000032666,None,pp3,001,2025-10-02_01h19.06.674,motor sequence,,2025.1.1,60.114614524625765,2025-10-02 01h19.16.620664 +0530,
-50,x,79,79,17,x,1,0.477693900000304,None,,,,,17,79,79,0,762.549826100003,,762.5337865000038,762.549826100003,763.5331322999991,763.5331322999991,763.5331322999991,763.5331322999991,763.549721000003,764.5335906000037,764.5335906000037,765.0170034000039,,,,,x,1,0.477693900000304,None,pp3,001,2025-10-02_01h19.06.674,motor sequence,,2025.1.1,60.114614524625765,2025-10-02 01h19.16.620664 +0530,
-50,x,80,80,18,x,1,0.7432164999991073,None,,,,,18,80,80,0,765.0330372000026,,765.0172114000015,765.0330372000026,766.0164947000012,766.0164947000012,766.0164947000012,766.0164947000012,766.0331026999993,767.0164012000023,767.0164012000023,767.7668236000027,,,,,x,1,0.7432164999991073,None,pp3,001,2025-10-02_01h19.06.674,motor sequence,,2025.1.1,60.114614524625765,2025-10-02 01h19.16.620664 +0530,
50,c,81,81,25,c,1,0.9236235000062152,None,,,,,25,81,81,2,767.7830576000051,,767.7676080000019,767.7830576000051,768.7664068000013,768.7664068000013,768.7664068000013,768.7664068000013,768.7831652000023,769.7664359000046,769.7664359000046,770.7016535000002,,,,,c,1,0.9236235000062152,None,pp3,001,2025-10-02_01h19.06.674,motor sequence,,2025.1.1,60.114614524625765,2025-10-02 01h19.16.620664 +0530,
50,c,82,82,26,c,1,0.8119594000017969,None,,,,,26,82,82,2,770.7166215000034,,770.7019239000001,770.7166215000034,771.716382700004,771.716382700004,771.716382700004,771.716382700004,771.716382700004,772.7163825000025,772.7163825000025,773.5337628000052,,,,,c,1,0.8119594000017969,None,pp3,001,2025-10-02_01h19.06.674,motor sequence,,2025.1.1,60.114614524625765,2025-10-02 01h19.16.620664 +0530,
-150,z,83,83,16,z,1,0.6259716000058688,None,,,,,16,83,83,3,773.5515300000043,,773.534392900001,773.5515300000043,774.5328464000049,774.5328464000049,774.5328464000049,774.5328464000049,774.5663408000037,775.5329888000051,775.5329888000051,776.1667725000007,,,,,z,1,0.6259716000058688,None,pp3,001,2025-10-02_01h19.06.674,motor sequence,,2025.1.1,60.114614524625765,2025-10-02 01h19.16.620664 +0530,
150,v,84,84,21,v,1,0.8020944000018062,None,,,,,21,84,84,1,776.1828602000023,,776.1670849000002,776.1828602000023,777.1663031999997,777.1663031999997,777.1663031999997,777.1663031999997,777.1829266999994,778.1665664000029,778.1665664000029,778.9836498000004,,,,,v,1,0.8020944000018062,None,pp3,001,2025-10-02_01h19.06.674,motor sequence,,2025.1.1,60.114614524625765,2025-10-02 01h19.16.620664 +0530,
150,v,85,85,22,v,1,0.5699717000024975,None,,,,,22,85,85,1,778.9999754000019,,778.9839441000004,778.9999754000019,779.983001200002,779.983001200002,779.983001200002,779.983001200002,779.9998914000025,780.9828714000032,780.9828714000032,781.5667070000054,,,,,v,1,0.5699717000024975,None,pp3,001,2025-10-02_01h19.06.674,motor sequence,,2025.1.1,60.114614524625765,2025-10-02 01h19.16.620664 +0530,
150,v,86,86,23,v,1,0.8796327999953064,None,,,,,23,86,86,1,781.5831165999989,,781.567203300001,781.5831165999989,782.566401600001,782.566401600001,782.566401600001,782.566401600001,782.5830492000023,783.5664920000054,783.5664920000054,784.4512557999988,,,,,v,1,0.8796327999953064,None,pp3,001,2025-10-02_01h19.06.674,motor sequence,,2025.1.1,60.114614524625765,2025-10-02 01h19.16.620664 +0530,
-50,x,87,87,19,x,1,2.7849453000017093,None,,,,,19,87,87,0,784.4664479000057,,784.4515933000002,784.4664479000057,785.4664679000052,785.4664679000052,785.4664679000052,785.4664679000052,785.4664679000052,786.4663671000017,786.4663671000017,789.2669019000023,,,,,x,1,2.7849453000017093,None,pp3,001,2025-10-02_01h19.06.674,motor sequence,,2025.1.1,60.114614524625765,2025-10-02 01h19.16.620664 +0530,
50,c,88,88,27,c,1,1.235886100002972,None,,,,,27,88,88,2,789.2830589000005,,789.2674977999995,789.2830589000005,790.2667407000044,790.2667407000044,790.2667407000044,790.2667407000044,790.2834124000001,791.2663921999992,791.2663921999992,792.5167567000026,,,,,c,1,1.235886100002972,None,pp3,001,2025-10-02_01h19.06.674,motor sequence,,2025.1.1,60.114614524625765,2025-10-02 01h19.16.620664 +0530,
150,v,89,89,24,v,1,0.8297380000003614,None,,,,,24,89,89,1,792.5348646999992,,792.5171120000014,792.5348646999992,793.5171727000052,793.5171727000052,793.5171727000052,793.5171727000052,793.5496891000003,794.5164895999987,794.5164895999987,795.3503781000036,,,,,v,1,0.8297380000003614,None,pp3,001,2025-10-02_01h19.06.674,motor sequence,,2025.1.1,60.114614524625765,2025-10-02 01h19.16.620664 +0530,
50,c,90,90,28,c,1,0.7771180000054301,None,,,,,28,90,90,2,795.3676641000056,,795.3510910000041,795.3676641000056,796.3496640000012,796.3496640000012,796.3496640000012,796.3496640000012,796.3829465000017,797.350791900004,797.350791900004,798.133665100002,,,,,c,1,0.7771180000054301,None,pp3,001,2025-10-02_01h19.06.674,motor sequence,,2025.1.1,60.114614524625765,2025-10-02 01h19.16.620664 +0530,
-50,x,91,91,20,x,1,0.7434229999998934,None,,,,,20,91,91,0,798.150114600001,,798.1339417999989,798.150114600001,799.133292999999,799.133292999999,799.133292999999,799.133292999999,799.1510171000045,800.1329766000053,800.1329766000053,800.8834423000008,,,,,x,1,0.7434229999998934,None,pp3,001,2025-10-02_01h19.06.674,motor sequence,,2025.1.1,60.114614524625765,2025-10-02 01h19.16.620664 +0530,
-50,x,92,92,21,x,1,0.7534722999989754,None,,,,,21,92,92,0,800.8997017000002,,800.8837419000047,800.8997017000002,801.8830641000022,801.8830641000022,801.8830641000022,801.8830641000022,801.9000104000006,802.883076099999,802.883076099999,803.6503643000033,,,,,x,1,0.7534722999989754,None,pp3,001,2025-10-02_01h19.06.674,motor sequence,,2025.1.1,60.114614524625765,2025-10-02 01h19.16.620664 +0530,
-150,z,93,93,17,z,1,1.008473400004732,None,,,,,17,93,93,3,803.6664132000005,,803.6505791000018,803.6664132000005,804.6507128000012,804.6507128000012,804.6507128000012,804.6507128000012,804.6664024000056,805.6499753000026,805.6499753000026,806.6667559999987,,,,,z,1,1.008473400004732,None,pp3,001,2025-10-02_01h19.06.674,motor sequence,,2025.1.1,60.114614524625765,2025-10-02 01h19.16.620664 +0530,
50,c,94,94,29,c,1,0.8147650999962934,None,,,,,29,94,94,2,806.6831289000038,,806.6670305000007,806.6831289000038,807.6663828000019,807.6663828000019,807.6663828000019,807.6663828000019,807.6830502000012,808.6665501000025,808.6665501000025,809.4836356000014,,,,,c,1,0.8147650999962934,None,pp3,001,2025-10-02_01h19.06.674,motor sequence,,2025.1.1,60.114614524625765,2025-10-02 01h19.16.620664 +0530,
-150,z,95,95,18,z,1,0.9593265999938012,None,,,,,18,95,95,3,809.4998150000029,,809.4840097000051,809.4998150000029,810.4829275000011,810.4829275000011,810.4829275000011,810.4829275000011,810.4997275999995,811.4841765000019,811.4841765000019,812.4501801000006,,,,,z,1,0.9593265999938012,None,pp3,001,2025-10-02_01h19.06.674,motor sequence,,2025.1.1,60.114614524625765,2025-10-02 01h19.16.620664 +0530,
-150,z,96,96,19,z,1,1.2000899000049685,None,,,,,19,96,96,3,812.4670781000023,,812.4504747000028,812.4670781000023,813.4498033999989,813.4498033999989,813.4498033999989,813.4498033999989,813.4664088999998,814.449781000003,814.449781000003,815.6675548000057,,,,,z,1,1.2000899000049685,None,pp3,001,2025-10-02_01h19.06.674,motor sequence,,2025.1.1,60.114614524625765,2025-10-02 01h19.16.620664 +0530,
50,c,97,97,30,c,1,1.0276209999938146,None,,,,,30,97,97,2,815.6831386000049,,815.6678361000013,815.6831386000049,816.6831606000051,816.6831606000051,816.6831606000051,816.6831606000051,816.6831606000051,817.6831428000005,817.6831428000005,818.717633500004,,,,,c,1,1.0276209999938146,None,pp3,001,2025-10-02_01h19.06.674,motor sequence,,2025.1.1,60.114614524625765,2025-10-02 01h19.16.620664 +0530,
-150,z,98,98,20,z,1,0.6900362999949721,None,,,,,20,98,98,3,818.7333520000029,,818.7181740000015,818.7333520000029,819.7337389000022,819.7337389000022,819.7337389000022,819.7337389000022,819.7337389000022,820.7331881999999,820.7331881999999,821.4335534999991,,,,,z,1,0.6900362999949721,None,pp3,001,2025-10-02_01h19.06.674,motor sequence,,2025.1.1,60.114614524625765,2025-10-02 01h19.16.620664 +0530,
-50,x,99,99,22,x,1,0.710601200000383,None,,,,,22,99,99,0,821.4497816000003,,821.4341746999999,821.4497816000003,822.4338037000052,822.4338037000052,822.4338037000052,822.4338037000052,822.4499356000015,823.4332834000015,823.4332834000015,824.1502856000006,,,,,x,1,0.710601200000383,None,pp3,001,2025-10-02_01h19.06.674,motor sequence,,2025.1.1,60.114614524625765,2025-10-02 01h19.16.620664 +0530,
150,v,100,100,25,v,1,0.879169500003627,None,,,,,25,100,100,1,824.1663317999992,,824.1507101000025,824.1663317999992,825.1499312000014,825.1499312000014,825.1499312000014,825.1499312000014,825.1664922999989,826.1499047000034,826.1499047000034,827.0341823999988,,,,,v,1,0.879169500003627,None,pp3,001,2025-10-02_01h19.06.674,motor sequence,,2025.1.1,60.114614524625765,2025-10-02 01h19.16.620664 +0530,
150,v,101,101,26,v,1,0.8083283999949344,None,,,,,26,101,101,1,827.0498396000039,,827.0344706000033,827.0498396000039,828.049923999999,828.049923999999,828.049923999999,828.049923999999,828.049923999999,829.0498628999994,829.0498628999994,829.8674291999996,,,,,v,1,0.8083283999949344,None,pp3,001,2025-10-02_01h19.06.674,motor sequence,,2025.1.1,60.114614524625765,2025-10-02 01h19.16.620664 +0530,
150,v,102,102,27,v,1,0.907569599999988,None,,,,,27,102,102,1,829.883308000004,,829.8676527999996,829.883308000004,830.8665455000009,830.8665455000009,830.8665455000009,830.8665455000009,830.8829906000028,831.8664618000039,831.8664618000039,832.7833810000011,,,,,v,1,0.907569599999988,None,pp3,001,2025-10-02_01h19.06.674,motor sequence,,2025.1.1,60.114614524625765,2025-10-02 01h19.16.620664 +0530,
-150,z,103,103,21,z,1,1.0646856999956071,None,,,,,21,103,103,3,832.7998041000028,,832.7836521999998,832.7998041000028,833.7830615000057,833.7830615000057,833.7830615000057,833.7830615000057,833.799883700005,834.7830281999995,834.7830281999995,835.8501402000038,,,,,z,1,1.0646856999956071,None,pp3,001,2025-10-02_01h19.06.674,motor sequence,,2025.1.1,60.114614524625765,2025-10-02 01h19.16.620664 +0530,
-150,z,104,104,22,z,1,0.8775318000043626,None,,,,,22,104,104,3,835.8665991000016,,835.8503883000012,835.8665991000016,836.8497499000005,836.8497499000005,836.8497499000005,836.8497499000005,836.866541000003,837.8497449999995,837.8497449999995,838.7333553999997,,,,,z,1,0.8775318000043626,None,pp3,001,2025-10-02_01h19.06.674,motor sequence,,2025.1.1,60.114614524625765,2025-10-02 01h19.16.620664 +0530,
50,c,105,105,31,c,1,1.1886243000044487,None,,,,,31,105,105,2,838.7498689000058,,838.7336916000058,838.7498689000058,839.7331880000056,839.7331880000056,839.7331880000056,839.7331880000056,839.7499115000028,840.7332711000054,840.7332711000054,841.9334197999997,,,,,c,1,1.1886243000044487,None,pp3,001,2025-10-02_01h19.06.674,motor sequence,,2025.1.1,60.114614524625765,2025-10-02 01h19.16.620664 +0530,
150,v,106,106,28,v,1,0.7679578000024776,None,,,,,28,106,106,1,841.9501202000029,,841.9336433999997,841.9501202000029,842.9330001999988,842.9330001999988,842.9330001999988,842.9330001999988,842.9497565000056,843.9330169000023,843.9330169000023,844.7172530000025,,,,,v,1,0.7679578000024776,None,pp3,001,2025-10-02_01h19.06.674,motor sequence,,2025.1.1,60.114614524625765,2025-10-02 01h19.16.620664 +0530,
-150,z,107,107,23,z,1,0.7208348999993177,None,,,,,23,107,107,3,844.7330384000015,,844.7175095999992,844.7330384000015,845.7164793000047,845.7164793000047,845.7164793000047,845.7164793000047,845.7331975000052,846.7164680999995,846.7164680999995,847.4501899000024,,,,,z,1,0.7208348999993177,None,pp3,001,2025-10-02_01h19.06.674,motor sequence,,2025.1.1,60.114614524625765,2025-10-02 01h19.16.620664 +0530,
-150,z,108,108,24,z,1,0.8417379000020446,None,,,,,24,108,108,3,847.4664995999992,,847.4504295000006,847.4664995999992,848.4498343000014,848.4498343000014,848.4498343000014,848.4498343000014,848.4665752000001,849.4500103000028,849.4500103000028,850.3003634000052,,,,,z,1,0.8417379000020446,None,pp3,001,2025-10-02_01h19.06.674,motor sequence,,2025.1.1,60.114614524625765,2025-10-02 01h19.16.620664 +0530,
-50,x,109,109,23,x,1,1.0510298000008333,None,,,,,23,109,109,0,850.3169793999987,,850.3005836000011,850.3169793999987,851.3000793000028,851.3000793000028,851.3000793000028,851.3000793000028,851.3169645000016,852.2997821000026,852.2997821000026,853.3667828000034,,,,,x,1,1.0510298000008333,None,pp3,001,2025-10-02_01h19.06.674,motor sequence,,2025.1.1,60.114614524625765,2025-10-02 01h19.16.620664 +0530,
-150,z,110,110,25,z,1,0.8693980999960331,None,,,,,25,110,110,3,853.3830822000018,,853.3669966000016,853.3830822000018,854.3664505999986,854.3664505999986,854.3664505999986,854.3664505999986,854.3830753000002,855.3668844000058,855.3668844000058,856.2502271000048,,,,,z,1,0.8693980999960331,None,pp3,001,2025-10-02_01h19.06.674,motor sequence,,2025.1.1,60.114614524625765,2025-10-02 01h19.16.620664 +0530,
50,c,111,111,32,c,1,0.7469420999987051,None,,,,,32,111,111,2,856.2664221000014,,856.2505289000037,856.2664221000014,857.250801000002,857.250801000002,857.250801000002,857.250801000002,857.2670369000043,858.2509150000042,858.2509150000042,859.0005461000037,,,,,c,1,0.7469420999987051,None,pp3,001,2025-10-02_01h19.06.674,motor sequence,,2025.1.1,60.114614524625765,2025-10-02 01h19.16.620664 +0530,
50,c,112,112,33,c,1,1.1899399000030826,None,,,,,33,112,112,2,859.0164095,,859.0008965000015,859.0164095,859.9998115000053,859.9998115000053,859.9998115000053,859.9998115000053,860.0165951000017,860.9998173999993,860.9998173999993,862.2006494000016,,,,,c,1,1.1899399000030826,None,pp3,001,2025-10-02_01h19.06.674,motor sequence,,2025.1.1,60.114614524625765,2025-10-02 01h19.16.620664 +0530,
50,c,113,113,34,c,1,0.6806118000022252,None,,,,,34,113,113,2,862.2164879000047,,862.2010816000038,862.2164879000047,863.2009292000002,863.2009292000002,863.2009292000002,863.2009292000002,863.216571900004,864.2166192000004,864.2166192000004,864.9001042000018,,,,,c,1,0.6806118000022252,None,pp3,001,2025-10-02_01h19.06.674,motor sequence,,2025.1.1,60.114614524625765,2025-10-02 01h19.16.620664 +0530,
50,c,114,114,35,c,1,0.616515800000343,None,,,,,35,114,114,2,864.9165102000043,,864.9003483000051,864.9165102000043,865.8998750000028,865.8998750000028,865.8998750000028,865.8998750000028,865.9165979000027,866.9000176000045,866.9000176000045,867.5180301,,,,,c,1,0.616515800000343,None,pp3,001,2025-10-02_01h19.06.674,motor sequence,,2025.1.1,60.114614524625765,2025-10-02 01h19.16.620664 +0530,
-50,x,115,115,24,x,1,0.9388575999983004,None,,,,,24,115,115,0,867.5336915000007,,867.518548,867.5336915000007,868.5332526000057,868.5332526000057,868.5332526000057,868.5332526000057,868.5332526000057,869.5332190000045,869.5332190000045,870.4840153000041,,,,,x,1,0.9388575999983004,None,pp3,001,2025-10-02_01h19.06.674,motor sequence,,2025.1.1,60.114614524625765,2025-10-02 01h19.16.620664 +0530,
-50,x,116,116,25,x,1,1.2389062000002014,None,,,,,25,116,116,0,870.4999055000008,,870.4853558000032,870.4999055000008,871.4830882000024,871.4830882000024,871.4830882000024,871.4830882000024,871.4998296000049,872.499844900005,872.499844900005,873.7504084000029,,,,,x,1,1.2389062000002014,None,pp3,001,2025-10-02_01h19.06.674,motor sequence,,2025.1.1,60.114614524625765,2025-10-02 01h19.16.620664 +0530,
-50,x,117,117,26,x,1,0.5453724999970291,None,,,,,26,117,117,0,873.7664867000058,,873.7507649000036,873.7664867000058,874.7497784000007,874.7497784000007,874.7497784000007,874.7497784000007,874.7663842000038,875.7505620000011,875.7505620000011,876.3005154999992,,,,,x,1,0.5453724999970291,None,pp3,001,2025-10-02_01h19.06.674,motor sequence,,2025.1.1,60.114614524625765,2025-10-02 01h19.16.620664 +0530,
50,c,118,118,36,c,1,0.9360941999984789,None,,,,,36,118,118,2,876.3164130000005,,876.3011164000054,876.3164130000005,877.2998683000042,877.2998683000042,877.2998683000042,877.2998683000042,877.316591200004,878.300295400004,878.300295400004,879.2503113000057,,,,,c,1,0.9360941999984789,None,pp3,001,2025-10-02_01h19.06.674,motor sequence,,2025.1.1,60.114614524625765,2025-10-02 01h19.16.620664 +0530,
150,v,119,119,29,v,1,2.299721099996532,None,,,,,29,119,119,1,879.2665204000004,,879.2506732000038,879.2665204000004,880.2512339000023,880.2512339000023,880.2512339000023,880.2512339000023,880.2666167999996,881.2498563000045,881.2498563000045,883.5506745000021,,,,,v,1,2.299721099996532,None,pp3,001,2025-10-02_01h19.06.674,motor sequence,,2025.1.1,60.114614524625765,2025-10-02 01h19.16.620664 +0530,
150,v,120,120,30,v,1,0.9113058000002638,None,,,,,30,120,120,1,883.5664881000048,,883.5510355000006,883.5664881000048,884.5498905000059,884.5498905000059,884.5498905000059,884.5498905000059,884.5665436000054,885.549907200002,885.549907200002,886.4675228000051,,,,,v,1,0.9113058000002638,None,pp3,001,2025-10-02_01h19.06.674,motor sequence,,2025.1.1,60.114614524625765,2025-10-02 01h19.16.620664 +0530,
-50,x,121,121,27,x,1,1.1742293999996036,None,,,,,27,121,121,0,886.483197900001,,886.4678009999989,886.483197900001,887.4830966000009,887.4830966000009,887.4830966000009,887.4830966000009,887.4830966000009,888.4832558999988,888.4832558999988,889.6672439000031,,,,,x,1,1.1742293999996036,None,pp3,001,2025-10-02_01h19.06.674,motor sequence,,2025.1.1,60.114614524625765,2025-10-02 01h19.16.620664 +0530,
-50,x,122,122,28,x,1,0.6894399999946472,None,,,,,28,122,122,0,889.6831787000046,,889.6679120000044,889.6831787000046,890.6666269000052,890.6666269000052,890.6666269000052,890.6666269000052,890.6832238999996,891.6665157000025,891.6665157000025,892.3670663000012,,,,,x,1,0.6894399999946472,None,pp3,001,2025-10-02_01h19.06.674,motor sequence,,2025.1.1,60.114614524625765,2025-10-02 01h19.16.620664 +0530,
150,v,123,123,31,v,1,1.0449761999989278,None,,,,,31,123,123,1,892.383258599999,,892.3673154999997,892.383258599999,893.3666446999996,893.3666446999996,893.3666446999996,893.3666446999996,893.3834815000009,894.3665484000012,894.3665484000012,895.4167888000011,,,,,v,1,1.0449761999989278,None,pp3,001,2025-10-02_01h19.06.674,motor sequence,,2025.1.1,60.114614524625765,2025-10-02 01h19.16.620664 +0530,
150,v,124,124,32,v,1,0.7189116999943508,None,,,,,32,124,124,1,895.4330952000018,,895.4170560999992,895.4330952000018,896.4167366000038,896.4167366000038,896.4167366000038,896.4167366000038,896.4342276000025,897.4165386000022,897.4165386000022,898.1502904000008,,,,,v,1,0.7189116999943508,None,pp3,001,2025-10-02_01h19.06.674,motor sequence,,2025.1.1,60.114614524625765,2025-10-02 01h19.16.620664 +0530,
50,c,125,125,37,c,1,0.7540835999971023,None,,,,,37,125,125,2,898.1676570999989,,898.1507826000015,898.1676570999989,899.1498426000035,899.1498426000035,899.1498426000035,899.1498426000035,899.1833649000037,900.1497875999994,900.1497875999994,900.9172983000026,,,,,c,1,0.7540835999971023,None,pp3,001,2025-10-02_01h19.06.674,motor sequence,,2025.1.1,60.114614524625765,2025-10-02 01h19.16.620664 +0530,
-50,x,126,126,29,x,1,0.5809454999980517,None,,,,,29,126,126,0,900.9332742000042,,900.9176052000039,900.9332742000042,901.916435500003,901.916435500003,901.916435500003,901.916435500003,901.9332489000008,902.9166587,902.9166587,903.5004460000055,,,,,x,1,0.5809454999980517,None,pp3,001,2025-10-02_01h19.06.674,motor sequence,,2025.1.1,60.114614524625765,2025-10-02 01h19.16.620664 +0530,
150,v,127,127,33,v,1,0.9704891000001226,None,,,,,33,127,127,1,903.5166136000043,,903.5008223000041,903.5166136000043,904.4998765000055,904.4998765000055,904.4998765000055,904.4998765000055,904.5163822000031,905.4998544000046,905.4998544000046,906.4843938000049,,,,,v,1,0.9704891000001226,None,pp3,001,2025-10-02_01h19.06.674,motor sequence,,2025.1.1,60.114614524625765,2025-10-02 01h19.16.620664 +0530,
50,c,128,128,38,x,0,0.7719677999994019,None,,,,,38,128,128,2,906.4999427000002,,906.4849912999998,906.4999427000002,907.4998360000027,907.4998360000027,907.4998360000027,907.4998360000027,907.4998360000027,908.4836524000057,908.4836524000057,909.2670988000027,,,,,x,0,0.7719677999994019,None,pp3,001,2025-10-02_01h19.06.674,motor sequence,,2025.1.1,60.114614524625765,2025-10-02 01h19.16.620664 +0530,
-150,z,129,129,26,z,1,1.0246060999998008,None,,,,,26,129,129,3,909.2830529999992,,909.2673361000052,909.2830529999992,910.2667411000002,910.2667411000002,910.2667411000002,910.2667411000002,910.2829611999987,911.2665897000043,911.2665897000043,912.3009330999994,,,,,z,1,1.0246060999998008,None,pp3,001,2025-10-02_01h19.06.674,motor sequence,,2025.1.1,60.114614524625765,2025-10-02 01h19.16.620664 +0530,
-150,z,130,130,27,z,1,1.0006540999966091,None,,,,,27,130,130,3,912.3165139000048,,912.3012224000049,912.3165139000048,913.3167380000014,913.3167380000014,913.3167380000014,913.3167380000014,913.3167380000014,914.3164703000002,914.3164703000002,915.3338088000019,,,,,z,1,1.0006540999966091,None,pp3,001,2025-10-02_01h19.06.674,motor sequence,,2025.1.1,60.114614524625765,2025-10-02 01h19.16.620664 +0530,
50,c,131,131,39,c,1,0.9946386000010534,None,,,,,39,131,131,2,915.3498479000045,,915.3340415000057,915.3498479000045,916.3332238000003,916.3332238000003,916.3332238000003,916.3332238000003,916.3499671000027,917.3332222000026,917.3332222000026,918.3337229000026,,,,,c,1,0.9946386000010534,None,pp3,001,2025-10-02_01h19.06.674,motor sequence,,2025.1.1,60.114614524625765,2025-10-02 01h19.16.620664 +0530,
150,v,132,132,34,v,1,0.7748043000028701,None,,,,,34,132,132,1,918.3500293000034,,918.3341224000033,918.3500293000034,919.3332775000017,919.3332775000017,919.3332775000017,919.3332775000017,919.3499303999997,920.3330496000053,920.3330496000053,921.1170943000034,,,,,v,1,0.7748043000028701,None,pp3,001,2025-10-02_01h19.06.674,motor sequence,,2025.1.1,60.114614524625765,2025-10-02 01h19.16.620664 +0530,
150,v,133,133,35,v,1,0.7405159999980242,None,,,,,35,133,133,1,921.1332015000007,,921.1175865000041,921.1332015000007,922.1165753000023,922.1165753000023,922.1165753000023,922.1165753000023,922.133222000004,923.1165196000002,923.1165196000002,923.8669393000018,,,,,v,1,0.7405159999980242,None,pp3,001,2025-10-02_01h19.06.674,motor sequence,,2025.1.1,60.114614524625765,2025-10-02 01h19.16.620664 +0530,
-150,z,134,134,28,z,1,0.7224981000035768,None,,,,,28,134,134,3,923.8831156000015,,923.8672269000017,923.8831156000015,924.8666352,924.8666352,924.8666352,924.8666352,924.8832511,925.8663839000001,925.8663839000001,926.600489299999,,,,,z,1,0.7224981000035768,None,pp3,001,2025-10-02_01h19.06.674,motor sequence,,2025.1.1,60.114614524625765,2025-10-02 01h19.16.620664 +0530,
50,c,135,135,40,c,1,1.8520950000020093,None,,,,,40,135,135,2,926.6166490000032,,926.6007776000042,926.6166490000032,927.5997342000046,927.5997342000046,927.5997342000046,927.5997342000046,927.616729500005,928.5998633999989,928.5998633999989,930.4674520000044,,,,,c,1,1.8520950000020093,None,pp3,001,2025-10-02_01h19.06.674,motor sequence,,2025.1.1,60.114614524625765,2025-10-02 01h19.16.620664 +0530,
150,v,136,136,36,v,1,1.0218068999965908,None,,,,,36,136,136,1,930.4831284000029,,930.4681018000047,930.4831284000029,931.4831349000015,931.4831349000015,931.4831349000015,931.4831349000015,931.4831349000015,932.4665433000046,932.4665433000046,933.5010569000005,,,,,v,1,1.0218068999965908,None,pp3,001,2025-10-02_01h19.06.674,motor sequence,,2025.1.1,60.114614524625765,2025-10-02 01h19.16.620664 +0530,
-50,x,137,137,30,x,1,0.9165163999932702,None,,,,,30,137,137,0,933.5181704999995,,933.5021387000015,933.5181704999995,934.5170083000048,934.5170083000048,934.5170083000048,934.5170083000048,934.5331585000022,935.5165020000059,935.5165020000059,936.4337340999991,,,,,x,1,0.9165163999932702,None,pp3,001,2025-10-02_01h19.06.674,motor sequence,,2025.1.1,60.114614524625765,2025-10-02 01h19.16.620664 +0530,
-50,x,138,138,31,c,0,0.8947023000000627,None,,,,,31,138,138,0,936.4498754000015,,936.4344437000036,936.4498754000015,937.4331644000049,937.4331644000049,937.4331644000049,937.4331644000049,937.4498518000037,938.4334617000059,938.4334617000059,939.3342928999991,,,,,c,0,0.8947023000000627,None,pp3,001,2025-10-02_01h19.06.674,motor sequence,,2025.1.1,60.114614524625765,2025-10-02 01h19.16.620664 +0530,
150,v,139,139,37,v,1,1.6851208000007318,None,,,,,37,139,139,1,939.3497611000057,,939.334557400005,939.3497611000057,940.3331079999989,940.3331079999989,940.3331079999989,940.3331079999989,940.3499154000019,941.3498548999996,941.3498548999996,943.0505502000015,,,,,v,1,1.6851208000007318,None,pp3,001,2025-10-02_01h19.06.674,motor sequence,,2025.1.1,60.114614524625765,2025-10-02 01h19.16.620664 +0530,
-150,z,140,140,29,z,1,0.7960192999962601,None,,,,,29,140,140,3,943.0670286000022,,943.0509355000031,943.0670286000022,944.0498249000011,944.0498249000011,944.0498249000011,944.0498249000011,944.0666037000046,945.0499080000009,945.0499080000009,945.8503578000018,,,,,z,1,0.7960192999962601,None,pp3,001,2025-10-02_01h19.06.674,motor sequence,,2025.1.1,60.114614524625765,2025-10-02 01h19.16.620664 +0530,
-50,x,141,141,32,x,1,1.5639835999973002,None,,,,,32,141,141,0,945.8665980000005,,945.8508717000004,945.8665980000005,946.8498393000045,946.8498393000045,946.8498393000045,946.8498393000045,946.8667934000041,947.8500026000038,947.8500026000038,949.4167975000018,,,,,x,1,1.5639835999973002,None,pp3,001,2025-10-02_01h19.06.674,motor sequence,,2025.1.1,60.114614524625765,2025-10-02 01h19.16.620664 +0530,
50,c,142,142,41,c,1,0.6107224000006681,None,,,,,41,142,142,2,949.4331750999991,,949.4170025000058,949.4331750999991,950.416688199999,950.416688199999,950.416688199999,950.416688199999,950.4331003000043,951.4164913999994,951.4164913999994,952.0335871999996,,,,,c,1,0.6107224000006681,None,pp3,001,2025-10-02_01h19.06.674,motor sequence,,2025.1.1,60.114614524625765,2025-10-02 01h19.16.620664 +0530,
-50,x,143,143,33,x,1,0.7942980999941938,None,,,,,33,143,143,0,952.0498455000052,,952.0339234000057,952.0498455000052,953.0331819999992,953.0331819999992,953.0331819999992,953.0331819999992,953.0498712000044,954.0332669000054,954.0332669000054,954.8336287000056,,,,,x,1,0.7942980999941938,None,pp3,001,2025-10-02_01h19.06.674,motor sequence,,2025.1.1,60.114614524625765,2025-10-02 01h19.16.620664 +0530,
-150,z,144,144,30,z,1,0.8460406999947736,None,,,,,30,144,144,3,954.8499461000029,,954.8339846000017,954.8499461000029,955.8330876000036,955.8330876000036,955.8330876000036,955.8330876000036,955.8507981000002,956.8330921000015,956.8330921000015,957.683694600004,,,,,z,1,0.8460406999947736,None,pp3,001,2025-10-02_01h19.06.674,motor sequence,,2025.1.1,60.114614524625765,2025-10-02 01h19.16.620664 +0530,
150,v,145,145,38,v,1,1.2985966999985976,None,,,,,38,145,145,1,957.6999276999995,,957.6840551999994,957.6999276999995,958.6830659000043,958.6830659000043,958.6830659000043,958.6830659000043,958.6997938000059,959.6832520000025,959.6832520000025,960.9837965000042,,,,,v,1,1.2985966999985976,None,pp3,001,2025-10-02_01h19.06.674,motor sequence,,2025.1.1,60.114614524625765,2025-10-02 01h19.16.620664 +0530,
-150,z,146,146,31,z,1,0.7117893000031472,None,,,,,31,146,146,3,960.9998724000034,,960.9843973000025,960.9998724000034,961.983256200001,961.983256200001,961.983256200001,961.983256200001,961.999840000004,962.9830537000016,962.9830537000016,963.7030446999997,,,,,z,1,0.7117893000031472,None,pp3,001,2025-10-02_01h19.06.674,motor sequence,,2025.1.1,60.114614524625765,2025-10-02 01h19.16.620664 +0530,
-50,x,147,147,34,x,1,0.6624452000032761,None,,,,,34,147,147,0,963.7164221999992,,963.7034123000049,963.7164221999992,964.716571500001,964.716571500001,964.716571500001,964.716571500001,964.716571500001,965.7166742000045,965.7166742000045,966.3836904999989,,,,,x,1,0.6624452000032761,None,pp3,001,2025-10-02_01h19.06.674,motor sequence,,2025.1.1,60.114614524625765,2025-10-02 01h19.16.620664 +0530,
150,v,148,148,39,v,1,0.8085244000030798,None,,,,,39,148,148,1,966.3999451000054,,966.3840368000019,966.3999451000054,967.3832789000007,967.3832789000007,967.3832789000007,967.3832789000007,967.400186800005,968.3832353000034,968.3832353000034,969.2002920000014,,,,,v,1,0.8085244000030798,None,pp3,001,2025-10-02_01h19.06.674,motor sequence,,2025.1.1,60.114614524625765,2025-10-02 01h19.16.620664 +0530,
-150,z,149,149,32,z,1,0.685262099999818,None,,,,,32,149,149,3,969.2164639000039,,969.2006259000045,969.2164639000039,970.1998282000059,970.1998282000059,970.1998282000059,970.1998282000059,970.2166189000054,971.1998672000045,971.1998672000045,971.9006876000058,,,,,z,1,0.685262099999818,None,pp3,001,2025-10-02_01h19.06.674,motor sequence,,2025.1.1,60.114614524625765,2025-10-02 01h19.16.620664 +0530,
-50,x,150,150,35,x,1,0.7056236000062199,None,,,,,35,150,150,0,971.9165212000007,,971.9009181000001,971.9165212000007,972.9010653000005,972.9010653000005,972.9010653000005,972.9010653000005,972.916698699999,973.8997529000044,973.8997529000044,974.6170603999999,,,,,x,1,0.7056236000062199,None,pp3,001,2025-10-02_01h19.06.674,motor sequence,,2025.1.1,60.114614524625765,2025-10-02 01h19.16.620664 +0530,
-150,z,151,151,33,z,1,0.788662300001306,None,,,,,33,151,151,3,974.6332298999987,,974.6174109999993,974.6332298999987,975.6166488000017,975.6166488000017,975.6166488000017,975.6166488000017,975.6332124000037,976.6165656000012,976.6165656000012,977.4169744000028,,,,,z,1,0.788662300001306,None,pp3,001,2025-10-02_01h19.06.674,motor sequence,,2025.1.1,60.114614524625765,2025-10-02 01h19.16.620664 +0530,
-50,x,152,152,36,x,1,0.7029337999993004,None,,,,,36,152,152,0,977.4332622000002,,977.4173570000057,977.4332622000002,978.4165620999993,978.4165620999993,978.4165620999993,978.4165620999993,978.4332677999992,979.4166636000009,979.4166636000009,980.1338126000046,,,,,x,1,0.7029337999993004,None,pp3,001,2025-10-02_01h19.06.674,motor sequence,,2025.1.1,60.114614524625765,2025-10-02 01h19.16.620664 +0530,
-50,x,153,153,37,x,1,0.6577342000018689,None,,,,,37,153,153,0,980.1509063000049,,980.1342879000003,980.1509063000049,981.1330104000008,981.1330104000008,981.1330104000008,981.1330104000008,981.1669782000026,982.1335314000025,982.1335314000025,982.8005047000042,,,,,x,1,0.6577342000018689,None,pp3,001,2025-10-02_01h19.06.674,motor sequence,,2025.1.1,60.114614524625765,2025-10-02 01h19.16.620664 +0530,
-50,x,154,154,38,x,1,0.7332605999981752,None,,,,,38,154,154,0,982.8168519000028,,982.8007139000038,982.8168519000028,983.7999340000024,983.7999340000024,983.7999340000024,983.7999340000024,983.8165599999993,984.800064300005,984.800064300005,985.5507736,,,,,x,1,0.7332605999981752,None,pp3,001,2025-10-02_01h19.06.674,motor sequence,,2025.1.1,60.114614524625765,2025-10-02 01h19.16.620664 +0530,
-150,z,155,155,34,z,1,1.0507750000033411,None,,,,,34,155,155,3,985.5665913000048,,985.5510058,985.5665913000048,986.5501987000025,986.5501987000025,986.5501987000025,986.5501987000025,986.5668494000056,987.5501474000048,987.5501474000048,988.6016976000028,,,,,z,1,1.0507750000033411,None,pp3,001,2025-10-02_01h19.06.674,motor sequence,,2025.1.1,60.114614524625765,2025-10-02 01h19.16.620664 +0530,
-150,z,156,156,35,z,1,1.1096303000012995,None,,,,,35,156,156,3,988.6166417000059,,988.6020910000007,988.6166417000059,989.616717900004,989.616717900004,989.616717900004,989.616717900004,989.616717900004,990.6172407000049,990.6172407000049,991.7335072999995,,,,,z,1,1.1096303000012995,None,pp3,001,2025-10-02_01h19.06.674,motor sequence,,2025.1.1,60.114614524625765,2025-10-02 01h19.16.620664 +0530,
-150,z,157,157,36,z,1,0.6718959999998333,None,,,,,36,157,157,3,991.7499850000022,,991.7338023000048,991.7499850000022,992.7332228000014,992.7332228000014,992.7332228000014,992.7332228000014,992.7498645000014,993.7332150000002,993.7332150000002,994.4170849000002,,,,,z,1,0.6718959999998333,None,pp3,001,2025-10-02_01h19.06.674,motor sequence,,2025.1.1,60.114614524625765,2025-10-02 01h19.16.620664 +0530,
50,c,158,158,42,c,1,2.2711887000041315,None,,,,,42,158,158,2,994.4332699000006,,994.4174735999986,994.4332699000006,995.4167347000039,995.4167347000039,995.4167347000039,995.4167347000039,995.4332202000005,996.416638900002,996.416638900002,998.7004624000037,,,,,c,1,2.2711887000041315,None,pp3,001,2025-10-02_01h19.06.674,motor sequence,,2025.1.1,60.114614524625765,2025-10-02 01h19.16.620664 +0530,
-50,x,159,159,39,x,1,0.8330310000019381,None,,,,,39,159,159,0,998.7174668000007,,998.7011607000022,998.7174668000007,999.6999924000047,999.6999924000047,999.6999924000047,999.6999924000047,999.716697900003,1000.7000485000026,1000.7000485000026,1001.5341737000053,,,,,x,1,0.8330310000019381,None,pp3,001,2025-10-02_01h19.06.674,motor sequence,,2025.1.1,60.114614524625765,2025-10-02 01h19.16.620664 +0530,
-50,x,160,160,40,x,1,0.5535678999949596,None,,,,,40,160,160,0,1001.5502061000007,,1001.5348807000046,1001.5502061000007,1002.5500862000044,1002.5500862000044,1002.5500862000044,1002.5500862000044,1002.5500862000044,1003.5499166000009,1003.5499166000009,1004.1170318000004,,,,,x,1,0.5535678999949596,None,pp3,001,2025-10-02_01h19.06.674,motor sequence,,2025.1.1,60.114614524625765,2025-10-02 01h19.16.620664 +0530,
-150,z,161,161,37,z,1,0.6238266999935149,None,,,,,37,161,161,3,1004.133210400003,,1004.1174116000038,1004.133210400003,1005.116709300004,1005.116709300004,1005.116709300004,1005.116709300004,1005.1332664000001,1006.1171179000012,1006.1171179000012,1006.7513663999998,,,,,z,1,0.6238266999935149,None,pp3,001,2025-10-02_01h19.06.674,motor sequence,,2025.1.1,60.114614524625765,2025-10-02 01h19.16.620664 +0530,
150,v,162,162,40,v,1,1.6279850999999326,None,,,,,40,162,162,1,1006.7665533000036,,1006.7519036000012,1006.7665533000036,1007.7499916000015,1007.7499916000015,1007.7499916000015,1007.7499916000015,1007.7665718999997,1008.7670020000005,1008.7670020000005,1010.4015265999988,,,,,v,1,1.6279850999999326,None,pp3,001,2025-10-02_01h19.06.674,motor sequence,,2025.1.1,60.114614524625765,2025-10-02 01h19.16.620664 +0530,
50,c,163,163,43,c,1,0.979229700002179,None,,,,,43,163,163,2,1010.4167027000003,,1010.4019814000058,1010.4167027000003,1011.4174465000033,1011.4174465000033,1011.4174465000033,1011.4174465000033,1011.4174465000033,1012.4170232000033,1012.4170232000033,1013.4006878,,,,,c,1,0.979229700002179,None,pp3,001,2025-10-02_01h19.06.674,motor sequence,,2025.1.1,60.114614524625765,2025-10-02 01h19.16.620664 +0530,
-150,z,164,164,38,z,1,0.7561277999993763,None,,,,,38,164,164,3,1013.4174678000054,,1013.4009924999991,1013.4174678000054,1014.4001290000015,1014.4001290000015,1014.4001290000015,1014.4001290000015,1014.4166494000019,1015.399883099999,1015.399883099999,1016.16734,,,,,z,1,0.7561277999993763,None,pp3,001,2025-10-02_01h19.06.674,motor sequence,,2025.1.1,60.114614524625765,2025-10-02 01h19.16.620664 +0530,
-50,x,165,165,41,x,1,1.0299504000067827,None,,,,,41,165,165,0,1016.1839548999997,,1016.1676927000008,1016.1839548999997,1017.1666579000012,1017.1666579000012,1017.1666579000012,1017.1666579000012,1017.1831702999989,1018.166670999999,1018.166670999999,1019.2004324000009,,,,,x,1,1.0299504000067827,None,pp3,001,2025-10-02_01h19.06.674,motor sequence,,2025.1.1,60.114614524625765,2025-10-02 01h19.16.620664 +0530,
150,v,166,166,41,v,1,0.7349286999960896,None,,,,,41,166,166,1,1019.2165759999989,,1019.2007273000054,1019.2165759999989,1020.2003635000001,1020.2003635000001,1020.2003635000001,1020.2003635000001,1020.2167045000024,1021.1999427000046,1021.1999427000046,1021.950771900003,,,,,v,1,0.7349286999960896,None,pp3,001,2025-10-02_01h19.06.674,motor sequence,,2025.1.1,60.114614524625765,2025-10-02 01h19.16.620664 +0530,
-50,x,167,167,42,x,1,0.7370395000034478,None,,,,,42,167,167,0,1021.9665494000001,,1021.9511676000038,1021.9665494000001,1022.9498850000018,1022.9498850000018,1022.9498850000018,1022.9498850000018,1022.9666365000012,1023.9665613000034,1023.9665613000034,1024.7172419000053,,,,,x,1,0.7370395000034478,None,pp3,001,2025-10-02_01h19.06.674,motor sequence,,2025.1.1,60.114614524625765,2025-10-02 01h19.16.620664 +0530,
-150,z,168,168,39,z,1,0.8288275000013527,None,,,,,39,168,168,3,1024.734499099999,,1024.717601299999,1024.734499099999,1025.716951100003,1025.716951100003,1025.716951100003,1025.716951100003,1025.7331498000058,1026.7165641000029,1026.7165641000029,1027.5502922000014,,,,,z,1,0.8288275000013527,None,pp3,001,2025-10-02_01h19.06.674,motor sequence,,2025.1.1,60.114614524625765,2025-10-02 01h19.16.620664 +0530,
-50,x,169,169,43,x,1,0.9872982000015327,None,,,,,43,169,169,0,1027.566578500002,,1027.5505238000042,1027.566578500002,1028.549915100004,1028.549915100004,1028.549915100004,1028.549915100004,1028.5663907999988,1029.5499437000035,1029.5499437000035,1030.5504699000012,,,,,x,1,0.9872982000015327,None,pp3,001,2025-10-02_01h19.06.674,motor sequence,,2025.1.1,60.114614524625765,2025-10-02 01h19.16.620664 +0530,
-50,x,170,170,44,x,1,0.5759365999983856,None,,,,,44,170,170,0,1030.566653599999,,1030.5506788000057,1030.566653599999,1031.5498521000045,1031.5498521000045,1031.5498521000045,1031.5498521000045,1031.5667338999992,1032.5499345999997,1032.5499345999997,1033.1336523999998,,,,,x,1,0.5759365999983856,None,pp3,001,2025-10-02_01h19.06.674,motor sequence,,2025.1.1,60.114614524625765,2025-10-02 01h19.16.620664 +0530,
-150,z,171,171,40,z,1,0.6411982999998145,None,,,,,40,171,171,3,1033.1501324000055,,1033.133904000002,1033.1501324000055,1034.1332853000058,1034.1332853000058,1034.1332853000058,1034.1332853000058,1034.1499053000007,1035.1333340000056,1035.1333340000056,1035.7839261000045,,,,,z,1,0.6411982999998145,None,pp3,001,2025-10-02_01h19.06.674,motor sequence,,2025.1.1,60.114614524625765,2025-10-02 01h19.16.620664 +0530,
-150,z,172,172,41,z,1,0.5918174999969779,None,,,,,41,172,172,3,1035.7998872000026,,1035.784658100005,1035.7998872000026,1036.783226700005,1036.783226700005,1036.783226700005,1036.783226700005,1036.7999047000048,1037.783248700005,1037.783248700005,1038.3836916,,,,,z,1,0.5918174999969779,None,pp3,001,2025-10-02_01h19.06.674,motor sequence,,2025.1.1,60.114614524625765,2025-10-02 01h19.16.620664 +0530,
-50,x,173,173,45,x,1,0.7801106999977492,None,,,,,45,173,173,0,1038.3999144000045,,1038.3840112000034,1038.3999144000045,1039.3831250000003,1039.3831250000003,1039.3831250000003,1039.3831250000003,1039.400168799999,1040.3833214000042,1040.3833214000042,1041.1669280999995,,,,,x,1,0.7801106999977492,None,pp3,001,2025-10-02_01h19.06.674,motor sequence,,2025.1.1,60.114614524625765,2025-10-02 01h19.16.620664 +0530,
-150,z,174,174,42,z,1,0.6521729000014602,None,,,,,42,174,174,3,1041.1832311000035,,1041.1671569000027,1041.1832311000035,1042.1665102000043,1042.1665102000043,1042.1665102000043,1042.1665102000043,1042.1831919000033,1043.1666241999992,1043.1666241999992,1043.8337758999987,,,,,z,1,0.6521729000014602,None,pp3,001,2025-10-02_01h19.06.674,motor sequence,,2025.1.1,60.114614524625765,2025-10-02 01h19.16.620664 +0530,
50,c,175,175,44,c,1,1.2247038999994402,None,,,,,44,175,175,2,1043.8498972000016,,1043.8341470000014,1043.8498972000016,1044.8336100000015,1044.8336100000015,1044.8336100000015,1044.8336100000015,1044.8502503000054,1045.8333278999999,1045.8333278999999,1047.0671156000026,,,,,c,1,1.2247038999994402,None,pp3,001,2025-10-02_01h19.06.674,motor sequence,,2025.1.1,60.114614524625765,2025-10-02 01h19.16.620664 +0530,
-50,x,176,176,46,x,1,0.715732199998456,None,,,,,46,176,176,0,1047.0831871000046,,1047.0673246000006,1047.0831871000046,1048.0666295000046,1048.0666295000046,1048.0666295000046,1048.0666295000046,1048.0832805000027,1049.0668374000015,1049.0668374000015,1049.7839112000001,,,,,x,1,0.715732199998456,None,pp3,001,2025-10-02_01h19.06.674,motor sequence,,2025.1.1,60.114614524625765,2025-10-02 01h19.16.620664 +0530,
-150,z,177,177,43,z,1,0.8752470000035828,None,,,,,43,177,177,3,1049.7998982999998,,1049.784287100003,1049.7998982999998,1050.7834631000005,1050.7834631000005,1050.7834631000005,1050.7834631000005,1050.8000251000049,1051.783531699999,1051.783531699999,1052.6674660999997,,,,,z,1,0.8752470000035828,None,pp3,001,2025-10-02_01h19.06.674,motor sequence,,2025.1.1,60.114614524625765,2025-10-02 01h19.16.620664 +0530,
50,c,178,178,45,c,1,0.5380513000054634,None,,,,,45,178,178,2,1052.6835288000002,,1052.667952900003,1052.6835288000002,1053.6664911000044,1053.6664911000044,1053.6664911000044,1053.6664911000044,1053.683169200005,1054.6665511000028,1054.6665511000028,1055.217017300005,,,,,c,1,0.5380513000054634,None,pp3,001,2025-10-02_01h19.06.674,motor sequence,,2025.1.1,60.114614524625765,2025-10-02 01h19.16.620664 +0530,
150,v,179,179,42,v,1,0.7371531000026152,None,,,,,42,179,179,1,1055.2338536000025,,1055.2173631000041,1055.2338536000025,1056.216625400004,1056.216625400004,1056.216625400004,1056.216625400004,1056.2344369000057,1057.2168568000052,1057.2168568000052,1057.9671042000045,,,,,v,1,0.7371531000026152,None,pp3,001,2025-10-02_01h19.06.674,motor sequence,,2025.1.1,60.114614524625765,2025-10-02 01h19.16.620664 +0530,
-50,x,180,180,47,x,1,0.7410251000037533,None,,,,,47,180,180,0,1057.9836438999992,,1057.9673064000017,1057.9836438999992,1058.9675560000032,1058.9675560000032,1058.9675560000032,1058.9675560000032,1058.9831692000007,1059.966905500005,1059.966905500005,1060.7169113000054,,,,,x,1,0.7410251000037533,None,pp3,001,2025-10-02_01h19.06.674,motor sequence,,2025.1.1,60.114614524625765,2025-10-02 01h19.16.620664 +0530,
50,c,181,181,46,c,1,0.7245617999942624,None,,,,,46,181,181,2,1060.7337941000005,,1060.717203799999,1060.7337941000005,1061.7166725999996,1061.7166725999996,1061.7166725999996,1061.7166725999996,1061.7336383000002,1062.7164693000013,1062.7164693000013,1063.450321000004,,,,,c,1,0.7245617999942624,None,pp3,001,2025-10-02_01h19.06.674,motor sequence,,2025.1.1,60.114614524625765,2025-10-02 01h19.16.620664 +0530,
50,c,182,182,47,c,1,0.7474547999954666,None,,,,,47,182,182,2,1063.4666062000033,,1063.4506830000028,1063.4666062000033,1064.4498740000054,1064.4498740000054,1064.4498740000054,1064.4498740000054,1064.4666771000047,1065.4499371000056,1065.4499371000056,1066.2001921000046,,,,,c,1,0.7474547999954666,None,pp3,001,2025-10-02_01h19.06.674,motor sequence,,2025.1.1,60.114614524625765,2025-10-02 01h19.16.620664 +0530,
-150,z,183,183,44,z,1,0.6578060000028927,None,,,,,44,183,183,3,1066.2164370000028,,1066.2004992000002,1066.2164370000028,1067.1998174000037,1067.1998174000037,1067.1998174000037,1067.1998174000037,1067.2167162000042,1068.1998880000028,1068.1998880000028,1068.867204400005,,,,,z,1,0.6578060000028927,None,pp3,001,2025-10-02_01h19.06.674,motor sequence,,2025.1.1,60.114614524625765,2025-10-02 01h19.16.620664 +0530,
150,v,184,184,43,v,1,1.003624500001024,None,,,,,43,184,184,1,1068.8830950000047,,1068.8678673000031,1068.8830950000047,1069.8667862000002,1069.8667862000002,1069.8667862000002,1069.8667862000002,1069.883177399999,1070.8673926000047,1070.8673926000047,1071.8841342000014,,,,,v,1,1.003624500001024,None,pp3,001,2025-10-02_01h19.06.674,motor sequence,,2025.1.1,60.114614524625765,2025-10-02 01h19.16.620664 +0530,
150,v,185,185,44,v,1,0.5954010000059498,None,,,,,44,185,185,1,1071.8999515000032,,1071.8843325999987,1071.8999515000032,1072.8833665000056,1072.8833665000056,1072.8833665000056,1072.8833665000056,1072.9000837000058,1073.8830681000036,1073.8830681000036,1074.4838378999993,,,,,v,1,0.5954010000059498,None,pp3,001,2025-10-02_01h19.06.674,motor sequence,,2025.1.1,60.114614524625765,2025-10-02 01h19.16.620664 +0530,
-50,x,186,186,48,x,1,0.8795045000006212,None,,,,,48,186,186,0,1074.5010856000008,,1074.4843542000017,1074.5010856000008,1075.4833072000038,1075.4833072000038,1075.4833072000038,1075.4833072000038,1075.518540500001,1076.483105899999,1076.483105899999,1077.3674071999994,,,,,x,1,0.8795045000006212,None,pp3,001,2025-10-02_01h19.06.674,motor sequence,,2025.1.1,60.114614524625765,2025-10-02 01h19.16.620664 +0530,
150,v,187,187,45,v,1,1.0865663000004133,None,,,,,45,187,187,1,1077.3835486000025,,1077.368168699999,1077.3835486000025,1078.367607799999,1078.367607799999,1078.367607799999,1078.367607799999,1078.3832763000028,1079.3666630000007,1079.3666630000007,1080.4675081000023,,,,,v,1,1.0865663000004133,None,pp3,001,2025-10-02_01h19.06.674,motor sequence,,2025.1.1,60.114614524625765,2025-10-02 01h19.16.620664 +0530,
-150,z,188,188,45,z,1,0.9219530999980634,None,,,,,45,188,188,3,1080.4839135000002,,1080.4678539000015,1080.4839135000002,1081.4830817000038,1081.4830817000038,1081.4830817000038,1081.4830817000038,1081.4830817000038,1082.4833790000048,1082.4833790000048,1083.4170029000015,,,,,z,1,0.9219530999980634,None,pp3,001,2025-10-02_01h19.06.674,motor sequence,,2025.1.1,60.114614524625765,2025-10-02 01h19.16.620664 +0530,
150,v,189,189,46,v,1,0.7916012000059709,None,,,,,46,189,189,1,1083.4333346000058,,1083.4172510999997,1083.4333346000058,1084.416617200004,1084.416617200004,1084.416617200004,1084.416617200004,1084.4331405000048,1085.4168419000052,1085.4168419000052,1086.2171750000052,,,,,v,1,0.7916012000059709,None,pp3,001,2025-10-02_01h19.06.674,motor sequence,,2025.1.1,60.114614524625765,2025-10-02 01h19.16.620664 +0530,
150,v,190,190,47,v,1,0.8753178000042681,None,,,,,47,190,190,1,1086.233422600002,,1086.2173843000055,1086.233422600002,1087.2170028000037,1087.2170028000037,1087.2170028000037,1087.2170028000037,1087.2334150000024,1088.2164959000002,1088.2164959000002,1089.1003912000015,,,,,v,1,0.8753178000042681,None,pp3,001,2025-10-02_01h19.06.674,motor sequence,,2025.1.1,60.114614524625765,2025-10-02 01h19.16.620664 +0530,
50,c,191,191,48,c,1,1.2013863000029232,None,,,,,48,191,191,2,1089.1166268000015,,1089.1008107000016,1089.1166268000015,1090.0999062000046,1090.0999062000046,1090.0999062000046,1090.0999062000046,1090.1165557000058,1091.0999524,1091.0999524,1092.3169882000002,,,,,c,1,1.2013863000029232,None,pp3,001,2025-10-02_01h19.06.674,motor sequence,,2025.1.1,60.114614524625765,2025-10-02 01h19.16.620664 +0530,
150,v,192,192,48,v,1,0.8019685000035679,None,,,,,48,192,192,1,1092.3332895000058,,1092.3172283000022,1092.3332895000058,1093.3165879000007,1093.3165879000007,1093.3165879000007,1093.3165879000007,1093.3333419000046,1094.3166706000047,1094.3166706000047,1095.1337929000001,,,,,v,1,0.8019685000035679,None,pp3,001,2025-10-02_01h19.06.674,motor sequence,,2025.1.1,60.114614524625765,2025-10-02 01h19.16.620664 +0530,
150,v,193,193,49,v,1,1.9623047999994014,None,,,,,49,193,193,1,1095.150046499999,,1095.1341652000046,1095.150046499999,1096.1332423999993,1096.1332423999993,1096.1332423999993,1096.1332423999993,1096.1500562,1097.1335632000046,1097.1335632000046,1099.100265699999,,,,,v,1,1.9623047999994014,None,pp3,001,2025-10-02_01h19.06.674,motor sequence,,2025.1.1,60.114614524625765,2025-10-02 01h19.16.620664 +0530,
-150,z,194,194,46,z,1,2.643292000000656,None,,,,,46,194,194,3,1099.116595600004,,1099.1008299000023,1099.116595600004,1100.0998691999994,1100.0998691999994,1100.0998691999994,1100.0998691999994,1100.1167745000057,1101.1001498000041,1101.1001498000041,1103.7503959000023,,,,,z,1,2.643292000000656,None,pp3,001,2025-10-02_01h19.06.674,motor sequence,,2025.1.1,60.114614524625765,2025-10-02 01h19.16.620664 +0530,
50,c,195,195,49,c,1,1.3113747000024887,None,,,,,49,195,195,2,1103.7665294000035,,1103.7506760000033,1103.7665294000035,1104.7500499000016,1104.7500499000016,1104.7500499000016,1104.7500499000016,1104.7666797000056,1105.7499115000028,1105.7499115000028,1107.0670132000014,,,,,c,1,1.3113747000024887,None,pp3,001,2025-10-02_01h19.06.674,motor sequence,,2025.1.1,60.114614524625765,2025-10-02 01h19.16.620664 +0530,
-50,x,196,196,49,c,0,1.0703248999998323,None,,,,,49,196,196,0,1107.0848060999997,,1107.0673679000029,1107.0848060999997,1108.066586300003,1108.066586300003,1108.066586300003,1108.066586300003,1108.0999090000041,1109.0667283000002,1109.0667283000002,1110.1508398000005,,,,,c,0,1.0703248999998323,None,pp3,001,2025-10-02_01h19.06.674,motor sequence,,2025.1.1,60.114614524625765,2025-10-02 01h19.16.620664 +0530,
-150,z,197,197,47,z,1,1.60183600000164,None,,,,,47,197,197,3,1110.1664222000036,,1110.151254000004,1110.1664222000036,1111.1665281000023,1111.1665281000023,1111.1665281000023,1111.1665281000023,1111.1665281000023,1112.1501866000035,1112.1501866000035,1113.7668211000055,,,,,z,1,1.60183600000164,None,pp3,001,2025-10-02_01h19.06.674,motor sequence,,2025.1.1,60.114614524625765,2025-10-02 01h19.16.620664 +0530,
-150,z,198,198,48,z,1,0.7783118000006652,None,,,,,48,198,198,3,1113.7832927000054,,1113.7670782999994,1113.7832927000054,1114.7666071999993,1114.7666071999993,1114.7666071999993,1114.7666071999993,1114.7832421999992,1115.7670571000053,1115.7670571000053,1116.5509779999993,,,,,z,1,0.7783118000006652,None,pp3,001,2025-10-02_01h19.06.674,motor sequence,,2025.1.1,60.114614524625765,2025-10-02 01h19.16.620664 +0530,
-150,z,199,199,49,z,1,0.7533286999969278,None,,,,,49,199,199,3,1116.566643099999,,1116.5513485000047,1116.566643099999,1117.550366399999,1117.550366399999,1117.550366399999,1117.550366399999,1117.566630100002,1118.5499707000054,1118.5499707000054,1119.3170578999998,,,,,z,1,0.7533286999969278,None,pp3,001,2025-10-02_01h19.06.674,motor sequence,,2025.1.1,60.114614524625765,2025-10-02 01h19.16.620664 +0530,
