pos,corr_resp,thisN,thisTrialN,thisRepN,key_resp.keys,key_resp.corr,key_resp.rt,key_resp.duration,trials.thisRepN,trials.thisTrialN,trials.thisN,trials.thisIndex,trials_2.thisRepN,trials_2.thisTrialN,trials_2.thisN,trials_2.thisIndex,thisRow.t,notes,trial.started,fixation.started,line1.started,line2.started,line3.started,line4.started,fixation.stopped,probe.started,key_resp.started,trial.stopped,trials.key_resp.keys,trials.key_resp.corr,trials.key_resp.rt,trials.key_resp.duration,trials_2.key_resp.keys,trials_2.key_resp.corr,trials_2.key_resp.rt,trials_2.key_resp.duration,participant,session,date,expName,expVersion,psychopyVersion,frameRate,expStart,
-50,x,0,0,0,x,1,1.1568831000040518,None,0,0,0,0,,,,,0.022866599989356473,,0.017616499986615963,0.022866599989356473,1.0068951999855926,1.0068951999855926,1.0068951999855926,1.0068951999855926,1.0234935999906156,2.007006099986029,2.007006099986029,3.2995935999933863,x,1,1.1568831000040518,None,,,,,pp4,001,2025-10-02_15h49.13.007,motor sequence,,2025.1.1,60.06680630369661,2025-10-02 15h49.22.707257 +0530,
150,v,1,1,0,v,1,0.5164851000008639,None,0,1,1,1,,,,,3.3022301999881165,,3.299965099999099,3.3022301999881165,4.307152399996994,4.307152399996994,4.307152399996994,4.307152399996994,4.307152399996994,5.306846999999834,5.306846999999834,5.8245080999913625,v,1,0.5164851000008639,None,,,,,pp4,001,2025-10-02_15h49.13.007,motor sequence,,2025.1.1,60.06680630369661,2025-10-02 15h49.22.707257 +0530,
50,c,2,2,0,c,1,0.4307439000112936,None,0,2,2,2,,,,,5.84033599999384,,5.825181899999734,5.84033599999384,6.8237173999950755,6.8237173999950755,6.8237173999950755,6.8237173999950755,6.840480199985905,7.823667299991939,7.823667299991939,8.257448099990143,c,1,0.4307439000112936,None,,,,,pp4,001,2025-10-02_15h49.13.007,motor sequence,,2025.1.1,60.06680630369661,2025-10-02 15h49.22.707257 +0530,
-150,z,3,3,0,z,1,0.46974510001018643,None,0,3,3,3,,,,,8.27371479998692,,8.257754799997201,8.27371479998692,9.257130499987397,9.257130499987397,9.257130499987397,9.257130499987397,9.273718099997495,10.256950399998459,10.256950399998459,10.740924799989443,z,1,0.46974510001018643,None,,,,,pp4,001,2025-10-02_15h49.13.007,motor sequence,,2025.1.1,60.06680630369661,2025-10-02 15h49.22.707257 +0530,
-50,x,4,0,1,x,1,0.7092444000008982,None,1,0,4,0,,,,,10.757210299998405,,10.741207199986093,10.757210299998405,11.740285799998674,11.740285799998674,11.740285799998674,11.740285799998674,11.757149399985792,12.740444399998523,12.740444399998523,13.458495699989726,x,1,0.7092444000008982,None,,,,,pp4,001,2025-10-02_15h49.13.007,motor sequence,,2025.1.1,60.06680630369661,2025-10-02 15h49.22.707257 +0530,
150,v,5,1,1,v,1,0.6542712000082247,None,1,1,5,1,,,,,13.473762099994929,,13.458958899995196,13.473762099994929,14.473648299986962,14.473648299986962,14.473648299986962,14.473648299986962,14.473648299986962,15.473641099990346,15.473641099990346,16.140960399992764,v,1,0.6542712000082247,None,,,,,pp4,001,2025-10-02_15h49.13.007,motor sequence,,2025.1.1,60.06680630369661,2025-10-02 15h49.22.707257 +0530,
50,c,6,2,1,c,1,0.4598986000055447,None,1,2,6,2,,,,,16.1569513999857,,16.14157379999233,16.1569513999857,17.14087189998827,17.14087189998827,17.14087189998827,17.14087189998827,17.15710629998648,18.14043829998991,18.14043829998991,18.607622499999707,c,1,0.4598986000055447,None,,,,,pp4,001,2025-10-02_15h49.13.007,motor sequence,,2025.1.1,60.06680630369661,2025-10-02 15h49.22.707257 +0530,
-150,z,7,3,1,z,1,0.6202303000027314,None,1,3,7,3,,,,,18.623386799998116,,18.608146599988686,18.623386799998116,19.606929599991417,19.606929599991417,19.606929599991417,19.606929599991417,19.623424599994905,20.607124899994233,20.607124899994233,21.24150419999205,z,1,0.6202303000027314,None,,,,,pp4,001,2025-10-02_15h49.13.007,motor sequence,,2025.1.1,60.06680630369661,2025-10-02 15h49.22.707257 +0530,
-50,x,8,0,2,x,1,0.45983539998997003,None,2,0,8,0,,,,,21.257071799991536,,21.241834299988113,21.257071799991536,22.298225399994408,22.298225399994408,22.298225399994408,22.298225399994408,22.29994729999453,23.257347299993853,23.257347299993853,23.724693399999524,x,1,0.45983539998997003,None,,,,,pp4,001,2025-10-02_15h49.13.007,motor sequence,,2025.1.1,60.06680630369661,2025-10-02 15h49.22.707257 +0530,
150,v,9,1,2,v,1,0.5440887000004295,None,2,1,9,1,,,,,23.740477099985583,,23.724951399999554,23.740477099985583,24.740311699992162,24.740311699992162,24.740311699992162,24.740311699992162,24.740311699992162,25.723835299999337,25.723835299999337,26.274686799995834,v,1,0.5440887000004295,None,,,,,pp4,001,2025-10-02_15h49.13.007,motor sequence,,2025.1.1,60.06680630369661,2025-10-02 15h49.22.707257 +0530,
50,c,10,2,2,c,1,0.4705602000030922,None,2,2,10,2,,,,,26.290447999999742,,26.27516029999242,26.290447999999742,27.290011899996898,27.290011899996898,27.290011899996898,27.290011899996898,27.290011899996898,28.290352799987886,28.290352799987886,28.774357899994357,c,1,0.4705602000030922,None,,,,,pp4,001,2025-10-02_15h49.13.007,motor sequence,,2025.1.1,60.06680630369661,2025-10-02 15h49.22.707257 +0530,
-150,z,11,3,2,z,1,0.5147885000042152,None,2,3,11,3,,,,,28.790455099995597,,28.774739499989664,28.790455099995597,29.77367029999732,29.77367029999732,29.77367029999732,29.77367029999732,29.790363799998886,30.773621799991815,30.773621799991815,31.290909999996074,z,1,0.5147885000042152,None,,,,,pp4,001,2025-10-02_15h49.13.007,motor sequence,,2025.1.1,60.06680630369661,2025-10-02 15h49.22.707257 +0530,
-50,x,12,0,3,x,1,0.47526330000255257,None,3,0,12,0,,,,,31.30719969999336,,31.291318299990962,31.30719969999336,32.29031209999812,32.29031209999812,32.29031209999812,32.29031209999812,32.307245199990575,33.29052049999882,33.29052049999882,33.77466079998703,x,1,0.47526330000255257,None,,,,,pp4,001,2025-10-02_15h49.13.007,motor sequence,,2025.1.1,60.06680630369661,2025-10-02 15h49.22.707257 +0530,
150,v,13,1,3,v,1,0.6773527000041213,None,3,1,13,1,,,,,33.790885499998694,,33.7749049999984,33.790885499998694,34.790408299988485,34.790408299988485,34.790408299988485,34.790408299988485,34.790408299988485,35.77387399999134,35.77387399999134,36.4574702999962,v,1,0.6773527000041213,None,,,,,pp4,001,2025-10-02_15h49.13.007,motor sequence,,2025.1.1,60.06680630369661,2025-10-02 15h49.22.707257 +0530,
50,c,14,2,3,c,1,0.5136554000055185,None,3,2,14,2,,,,,36.474128699992434,,36.45788159999938,36.474128699992434,37.456832199997734,37.456832199997734,37.456832199997734,37.456832199997734,37.47377499999129,38.457781699995394,38.457781699995394,38.97413709999819,c,1,0.5136554000055185,None,,,,,pp4,001,2025-10-02_15h49.13.007,motor sequence,,2025.1.1,60.06680630369661,2025-10-02 15h49.22.707257 +0530,
-150,z,15,3,3,z,1,0.6340583999990486,None,3,3,15,3,,,,,38.99082169999019,,38.9745402999979,38.99082169999019,39.9746715999936,39.9746715999936,39.9746715999936,39.9746715999936,39.9904353999882,40.9748041999992,40.9748041999992,41.625595599994995,z,1,0.6340583999990486,None,,,,,pp4,001,2025-10-02_15h49.13.007,motor sequence,,2025.1.1,60.06680630369661,2025-10-02 15h49.22.707257 +0530,
-50,x,16,0,4,x,1,0.4686231000086991,None,4,0,16,0,,,,,41.640368999986094,,41.62583689999883,41.640368999986094,42.62462359998608,42.62462359998608,42.62462359998608,42.62462359998608,42.64059489998908,43.64020569999411,43.64020569999411,44.12460189999547,x,1,0.4686231000086991,None,,,,,pp4,001,2025-10-02_15h49.13.007,motor sequence,,2025.1.1,60.06680630369661,2025-10-02 15h49.22.707257 +0530,
150,v,17,1,4,v,1,0.728611099999398,None,4,1,17,1,,,,,44.140402299992274,,44.12508699999307,44.140402299992274,45.12384609998844,45.12384609998844,45.12384609998844,45.12384609998844,45.14035239999066,46.140239999993355,46.140239999993355,46.87450069999613,v,1,0.728611099999398,None,,,,,pp4,001,2025-10-02_15h49.13.007,motor sequence,,2025.1.1,60.06680630369661,2025-10-02 15h49.22.707257 +0530,
50,c,18,2,4,c,1,0.5524349000043003,None,4,2,18,2,,,,,46.890843299988774,,46.87496279999323,46.890843299988774,47.87356799999543,47.87356799999543,47.87356799999543,47.87356799999543,47.89058369999111,48.873630599991884,48.873630599991884,49.44108299999789,c,1,0.5524349000043003,None,,,,,pp4,001,2025-10-02_15h49.13.007,motor sequence,,2025.1.1,60.06680630369661,2025-10-02 15h49.22.707257 +0530,
-150,z,19,3,4,z,1,0.5458373000001302,None,4,3,19,3,,,,,49.456858899997314,,49.44172449999314,49.456858899997314,50.44046929999604,50.44046929999604,50.44046929999604,50.44046929999604,50.457113099997514,51.440228199993726,51.440228199993726,51.99100009999529,z,1,0.5458373000001302,None,,,,,pp4,001,2025-10-02_15h49.13.007,motor sequence,,2025.1.1,60.06680630369661,2025-10-02 15h49.22.707257 +0530,
-50,x,20,0,5,x,1,0.4983644000021741,None,5,0,20,0,,,,,52.00711849999789,,51.99162739999883,52.00711849999789,52.99051039999176,52.99051039999176,52.99051039999176,52.99051039999176,53.00732939998852,53.99035329998878,53.99035329998878,54.49150939998799,x,1,0.4983644000021741,None,,,,,pp4,001,2025-10-02_15h49.13.007,motor sequence,,2025.1.1,60.06680630369661,2025-10-02 15h49.22.707257 +0530,
150,v,21,1,5,v,1,1.1746792000049027,None,5,1,21,1,,,,,54.50660889998835,,54.491924499991,54.50660889998835,55.50716419999662,55.50716419999662,55.50716419999662,55.50716419999662,55.50716419999662,56.5071956999891,56.5071956999891,57.69097259998671,v,1,1.1746792000049027,None,,,,,pp4,001,2025-10-02_15h49.13.007,motor sequence,,2025.1.1,60.06680630369661,2025-10-02 15h49.22.707257 +0530,
50,c,22,2,5,c,1,0.5280888999986928,None,5,2,22,2,,,,,57.70693959998607,,57.691457899985835,57.70693959998607,58.69043239999155,58.69043239999155,58.69043239999155,58.69043239999155,58.70692579999741,59.69041069998639,59.69041069998639,60.22416519999388,c,1,0.5280888999986928,None,,,,,pp4,001,2025-10-02_15h49.13.007,motor sequence,,2025.1.1,60.06680630369661,2025-10-02 15h49.22.707257 +0530,
-150,z,23,3,5,z,1,0.8224472000001697,None,5,3,23,3,,,,,60.240351299988106,,60.224497099989094,60.240351299988106,61.22368439999991,61.22368439999991,61.22368439999991,61.22368439999991,61.2405018999998,62.22377919999417,62.22377919999417,63.057531299986294,z,1,0.8224472000001697,None,,,,,pp4,001,2025-10-02_15h49.13.007,motor sequence,,2025.1.1,60.06680630369661,2025-10-02 15h49.22.707257 +0530,
-50,x,24,0,6,x,1,0.4675352999911411,None,6,0,24,0,,,,,63.07377259999339,,63.05812249999144,63.07377259999339,64.05696989998978,64.05696989998978,64.05696989998978,64.05696989998978,64.07405989999825,65.05673029999889,65.05673029999889,65.54094589999295,x,1,0.4675352999911411,None,,,,,pp4,001,2025-10-02_15h49.13.007,motor sequence,,2025.1.1,60.06680630369661,2025-10-02 15h49.22.707257 +0530,
150,v,25,1,6,v,1,0.5035965999995824,None,6,1,25,1,,,,,65.5577471999859,,65.54127199998766,65.5577471999859,66.54038339998806,66.54038339998806,66.54038339998806,66.54038339998806,66.55707559999428,67.54050559998723,67.54050559998723,68.05786129999615,v,1,0.5035965999995824,None,,,,,pp4,001,2025-10-02_15h49.13.007,motor sequence,,2025.1.1,60.06680630369661,2025-10-02 15h49.22.707257 +0530,
50,c,26,2,6,c,1,0.6045874999981606,None,6,2,26,2,,,,,68.07379389999551,,68.05848989999504,68.07379389999551,69.0570233999897,69.0570233999897,69.0570233999897,69.0570233999897,69.07372499999474,70.05696929999976,70.05696929999976,70.67452609998873,c,1,0.6045874999981606,None,,,,,pp4,001,2025-10-02_15h49.13.007,motor sequence,,2025.1.1,60.06680630369661,2025-10-02 15h49.22.707257 +0530,
-150,z,27,3,6,z,1,0.5486160000000382,None,6,3,27,3,,,,,70.69036379999307,,70.67523199999414,70.69036379999307,71.67382869998983,71.67382869998983,71.67382869998983,71.67382869998983,71.69048809999367,72.69045149999147,72.69045149999147,73.24145859999408,z,1,0.5486160000000382,None,,,,,pp4,001,2025-10-02_15h49.13.007,motor sequence,,2025.1.1,60.06680630369661,2025-10-02 15h49.22.707257 +0530,
-50,x,28,0,7,v,0,0.7494845000037458,None,7,0,28,0,,,,,73.25701769998705,,73.24203579999448,73.25701769998705,74.25690379999287,74.25690379999287,74.25690379999287,74.25690379999287,74.25690379999287,75.25717029999942,75.25717029999942,76.00763369999186,v,0,0.7494845000037458,None,,,,,pp4,001,2025-10-02_15h49.13.007,motor sequence,,2025.1.1,60.06680630369661,2025-10-02 15h49.22.707257 +0530,
150,v,29,1,7,v,1,1.7989065000001574,None,7,1,29,1,,,,,76.02377029998752,,76.00819039999624,76.02377029998752,77.00701119999576,77.00701119999576,77.00701119999576,77.00701119999576,77.02370239999436,78.00691499999084,78.00691499999084,79.8072167999926,v,1,1.7989065000001574,None,,,,,pp4,001,2025-10-02_15h49.13.007,motor sequence,,2025.1.1,60.06680630369661,2025-10-02 15h49.22.707257 +0530,
50,c,30,2,7,c,1,1.4412730000040028,None,7,2,30,2,,,,,79.82363239998813,,79.8075189999945,79.82363239998813,80.80700609998894,80.80700609998894,80.80700609998894,80.80700609998894,80.82386959998985,81.80698619999748,81.80698619999748,83.25825029998668,c,1,1.4412730000040028,None,,,,,pp4,001,2025-10-02_15h49.13.007,motor sequence,,2025.1.1,60.06680630369661,2025-10-02 15h49.22.707257 +0530,
-150,z,31,3,7,z,1,0.7422338000033051,None,7,3,31,3,,,,,83.27377869999327,,83.2589966999949,83.27377869999327,84.27387489999819,84.27387489999819,84.27387489999819,84.27387489999819,84.27387489999819,85.27373919999809,85.27373919999809,86.02430639999511,z,1,0.7422338000033051,None,,,,,pp4,001,2025-10-02_15h49.13.007,motor sequence,,2025.1.1,60.06680630369661,2025-10-02 15h49.22.707257 +0530,
-50,x,32,0,8,x,1,1.097702400002163,None,8,0,32,0,,,,,86.0402705999877,,86.02463569999964,86.0402705999877,87.02367579999554,87.02367579999554,87.02367579999554,87.02367579999554,87.04038179999043,88.02379479999945,88.02379479999945,89.12454559998878,x,1,1.097702400002163,None,,,,,pp4,001,2025-10-02_15h49.13.007,motor sequence,,2025.1.1,60.06680630369661,2025-10-02 15h49.22.707257 +0530,
150,v,33,1,8,v,1,0.7861949000071036,None,8,1,33,1,,,,,89.14052509999601,,89.12525419998565,89.14052509999601,90.14051329999347,90.14051329999347,90.14051329999347,90.14051329999347,90.14051329999347,91.1238042999903,91.1238042999903,91.92437119998795,v,1,0.7861949000071036,None,,,,,pp4,001,2025-10-02_15h49.13.007,motor sequence,,2025.1.1,60.06680630369661,2025-10-02 15h49.22.707257 +0530,
50,c,34,2,8,c,1,0.5233664999977918,None,8,2,34,2,,,,,91.94058339999174,,91.92475829999603,91.94058339999174,92.92382639998686,92.92382639998686,92.92382639998686,92.92382639998686,92.94051149999723,93.92404909999459,93.92404909999459,94.45812769999611,c,1,0.5233664999977918,None,,,,,pp4,001,2025-10-02_15h49.13.007,motor sequence,,2025.1.1,60.06680630369661,2025-10-02 15h49.22.707257 +0530,
-150,z,35,3,8,z,1,0.636375499991118,None,8,3,35,3,,,,,94.47394609999901,,94.45861299999524,94.47394609999901,95.47371569999086,95.47371569999086,95.47371569999086,95.47371569999086,95.47371569999086,96.47377709999273,96.47377709999273,97.12453989998903,z,1,0.636375499991118,None,,,,,pp4,001,2025-10-02_15h49.13.007,motor sequence,,2025.1.1,60.06680630369661,2025-10-02 15h49.22.707257 +0530,
-50,x,36,0,9,x,1,0.6023461999866413,None,9,0,36,0,,,,,97.14052509999601,,97.12514959998953,97.14052509999601,98.12387819998548,98.12387819998548,98.12387819998548,98.12387819998548,98.14039119999507,99.12362139999459,99.12362139999459,99.74094629999308,x,1,0.6023461999866413,None,,,,,pp4,001,2025-10-02_15h49.13.007,motor sequence,,2025.1.1,60.06680630369661,2025-10-02 15h49.22.707257 +0530,
150,v,37,1,9,v,1,0.32965069999045227,None,9,1,37,1,,,,,99.75689409999177,,99.74137459999474,99.75689409999177,100.74032119999174,100.74032119999174,100.74032119999174,100.74032119999174,100.75661539999419,101.74041659999057,101.74041659999057,102.0744096999988,v,1,0.32965069999045227,None,,,,,pp4,001,2025-10-02_15h49.13.007,motor sequence,,2025.1.1,60.06680630369661,2025-10-02 15h49.22.707257 +0530,
50,c,38,2,9,c,1,0.46758590001263656,None,9,2,38,2,,,,,102.09040119999554,,102.07489069999428,102.09040119999554,103.0738188999967,103.0738188999967,103.0738188999967,103.0738188999967,103.0901875999989,104.07359369999904,104.07359369999904,104.55760199998622,c,1,0.46758590001263656,None,,,,,pp4,001,2025-10-02_15h49.13.007,motor sequence,,2025.1.1,60.06680630369661,2025-10-02 15h49.22.707257 +0530,
-150,z,39,3,9,z,1,0.5341375999996671,None,9,3,39,3,,,,,104.57377869999618,,104.55807309999363,104.57377869999618,105.55698329998995,105.55698329998995,105.55698329998995,105.55698329998995,105.5737475999922,106.55699829998775,106.55699829998775,107.10754519999318,z,1,0.5341375999996671,None,,,,,pp4,001,2025-10-02_15h49.13.007,motor sequence,,2025.1.1,60.06680630369661,2025-10-02 15h49.22.707257 +0530,
-50,x,40,0,10,x,1,0.7343886000016937,None,10,0,40,0,,,,,107.12368249999417,,107.10791189999145,107.12368249999417,108.10688159998972,108.10688159998972,108.10688159998972,108.10688159998972,108.12366259998817,109.10702739999397,109.10702739999397,109.85767459998897,x,1,0.7343886000016937,None,,,,,pp4,001,2025-10-02_15h49.13.007,motor sequence,,2025.1.1,60.06680630369661,2025-10-02 15h49.22.707257 +0530,
150,v,41,1,10,v,1,0.6535596000030637,None,10,1,41,1,,,,,109.873826799987,,109.85816079999495,109.873826799987,110.8570919999911,110.8570919999911,110.8570919999911,110.8570919999911,110.8736734999984,111.85707149999507,111.85707149999507,112.52450269999099,v,1,0.6535596000030637,None,,,,,pp4,001,2025-10-02_15h49.13.007,motor sequence,,2025.1.1,60.06680630369661,2025-10-02 15h49.22.707257 +0530,
50,c,42,2,10,c,1,0.5740633999957936,None,10,2,42,2,,,,,112.5405105999962,,112.52516629999445,112.5405105999962,113.52393949999532,113.52393949999532,113.52393949999532,113.52393949999532,113.54050419999112,114.54049759999907,114.54049759999907,115.12440579998656,c,1,0.5740633999957936,None,,,,,pp4,001,2025-10-02_15h49.13.007,motor sequence,,2025.1.1,60.06680630369661,2025-10-02 15h49.22.707257 +0530,
-150,z,43,3,10,z,1,0.57954749999044,None,10,3,43,3,,,,,115.1404993999895,,115.12476289999904,115.1404993999895,116.12389339999936,116.12389339999936,116.12389339999936,116.12389339999936,116.1403896999982,117.12349339999491,117.12349339999491,117.70771949998743,z,1,0.57954749999044,None,,,,,pp4,001,2025-10-02_15h49.13.007,motor sequence,,2025.1.1,60.06680630369661,2025-10-02 15h49.22.707257 +0530,
-50,x,44,0,11,x,1,1.4833102999982657,None,11,0,44,0,,,,,117.72388779999164,,117.70815289999882,117.72388779999164,118.70718499999202,118.70718499999202,118.70718499999202,118.70718499999202,118.72382649999054,119.70690579999064,119.70690579999064,121.19069349998608,x,1,1.4833102999982657,None,,,,,pp4,001,2025-10-02_15h49.13.007,motor sequence,,2025.1.1,60.06680630369661,2025-10-02 15h49.22.707257 +0530,
150,v,45,1,11,v,1,0.8625093000009656,None,11,1,45,1,,,,,121.20694019999064,,121.19091729998763,121.20694019999064,122.19048399999156,122.19048399999156,122.19048399999156,122.19048399999156,122.20692959999724,123.19033099999069,123.19033099999069,124.05770829999528,v,1,0.8625093000009656,None,,,,,pp4,001,2025-10-02_15h49.13.007,motor sequence,,2025.1.1,60.06680630369661,2025-10-02 15h49.22.707257 +0530,
50,c,46,2,11,c,1,0.5858408999920357,None,11,2,46,2,,,,,124.07381989998976,,124.05843899998581,124.07381989998976,125.05691769999976,125.05691769999976,125.05691769999976,125.05691769999976,125.0737753999856,126.05697689999943,126.05697689999943,126.65771789998689,c,1,0.5858408999920357,None,,,,,pp4,001,2025-10-02_15h49.13.007,motor sequence,,2025.1.1,60.06680630369661,2025-10-02 15h49.22.707257 +0530,
-150,z,47,3,11,z,1,0.8087243000045419,None,11,3,47,3,,,,,126.67392539999855,,126.65814319999481,126.67392539999855,127.65709709998919,127.65709709998919,127.65709709998919,127.65709709998919,127.67372619999514,128.65696809999645,128.65696809999645,129.4743790999928,z,1,0.8087243000045419,None,,,,,pp4,001,2025-10-02_15h49.13.007,motor sequence,,2025.1.1,60.06680630369661,2025-10-02 15h49.22.707257 +0530,
-50,x,48,0,12,x,1,0.9925285999925109,None,12,0,48,0,,,,,129.49049339999328,,129.47482409999066,129.49049339999328,130.47378399998706,130.47378399998706,130.47378399998706,130.47378399998706,130.4904467999877,131.47374889999628,131.47374889999628,132.47434869999415,x,1,0.9925285999925109,None,,,,,pp4,001,2025-10-02_15h49.13.007,motor sequence,,2025.1.1,60.06680630369661,2025-10-02 15h49.22.707257 +0530,
150,v,49,1,12,v,1,1.8870636000065133,None,12,1,49,1,,,,,132.4905507999938,,132.47497369999473,132.4905507999938,133.4735415999894,133.4735415999894,133.4735415999894,133.4735415999894,133.49037769999995,134.47378369999933,134.47378369999933,136.3741747999884,v,1,1.8870636000065133,None,,,,,pp4,001,2025-10-02_15h49.13.007,motor sequence,,2025.1.1,60.06680630369661,2025-10-02 15h49.22.707257 +0530,
50,c,50,2,12,c,1,1.151966999997967,None,12,2,50,2,,,,,136.39043139999558,,136.3745998999948,136.39043139999558,137.37376609999046,137.37376609999046,137.37376609999046,137.37376609999046,137.3903605999949,138.37358819998917,138.37358819998917,139.54117749999568,c,1,1.151966999997967,None,,,,,pp4,001,2025-10-02_15h49.13.007,motor sequence,,2025.1.1,60.06680630369661,2025-10-02 15h49.22.707257 +0530,
-150,z,51,3,12,z,1,0.6642102000041632,None,12,3,51,3,,,,,139.55699799998547,,139.54185149999103,139.55699799998547,140.54055759999028,140.54055759999028,140.54055759999028,140.54055759999028,140.55709149999893,141.54040509999322,141.54040509999322,142.20787629998813,z,1,0.6642102000041632,None,,,,,pp4,001,2025-10-02_15h49.13.007,motor sequence,,2025.1.1,60.06680630369661,2025-10-02 15h49.22.707257 +0530,
-50,x,52,0,13,x,1,1.1753907999955118,None,13,0,52,0,,,,,142.22390249998716,,142.20835169999918,142.22390249998716,143.20700439999928,143.20700439999928,143.20700439999928,143.20700439999928,143.22374009998748,144.20707299999776,144.20707299999776,145.3909574999998,x,1,1.1753907999955118,None,,,,,pp4,001,2025-10-02_15h49.13.007,motor sequence,,2025.1.1,60.06680630369661,2025-10-02 15h49.22.707257 +0530,
150,v,53,1,13,v,1,1.1248128000006545,None,13,1,53,1,,,,,145.40702979998605,,145.39153449999867,145.40702979998605,146.3904799999873,146.3904799999873,146.3904799999873,146.3904799999873,146.4070029999857,147.39059739999357,147.39059739999357,148.5245683999965,v,1,1.1248128000006545,None,,,,,pp4,001,2025-10-02_15h49.13.007,motor sequence,,2025.1.1,60.06680630369661,2025-10-02 15h49.22.707257 +0530,
50,c,54,2,13,c,1,1.625983100006124,None,13,2,54,2,,,,,148.5405075999879,,148.5250234999985,148.5405075999879,149.54040689999238,149.54040689999238,149.54040689999238,149.54040689999238,149.54040689999238,150.5238168999931,150.5238168999931,152.15773289999925,c,1,1.625983100006124,None,,,,,pp4,001,2025-10-02_15h49.13.007,motor sequence,,2025.1.1,60.06680630369661,2025-10-02 15h49.22.707257 +0530,
-150,z,55,3,13,z,1,0.9841656000062358,None,13,3,55,3,,,,,152.17385249999643,,152.15838199999416,152.17385249999643,153.15752649999922,153.15752649999922,153.15752649999922,153.15752649999922,153.17384919998585,154.157057599994,154.157057599994,155.15785169998708,z,1,0.9841656000062358,None,,,,,pp4,001,2025-10-02_15h49.13.007,motor sequence,,2025.1.1,60.06680630369661,2025-10-02 15h49.22.707257 +0530,
-50,x,56,0,14,x,1,0.8065349999960745,None,14,0,56,0,,,,,155.17384779998974,,155.15830899999128,155.17384779998974,156.1571530999936,156.1571530999936,156.1571530999936,156.1571530999936,156.1737099999882,157.1569113999867,157.1569113999867,157.97449189999315,x,1,0.8065349999960745,None,,,,,pp4,001,2025-10-02_15h49.13.007,motor sequence,,2025.1.1,60.06680630369661,2025-10-02 15h49.22.707257 +0530,
150,v,57,1,14,v,1,1.168962099996861,None,14,1,57,1,,,,,157.99050379999971,,157.9751615999994,157.99050379999971,158.97372489998816,158.97372489998816,158.97372489998816,158.97372489998816,158.99033449999115,159.97374569998647,159.97374569998647,161.1576900999935,v,1,1.168962099996861,None,,,,,pp4,001,2025-10-02_15h49.13.007,motor sequence,,2025.1.1,60.06680630369661,2025-10-02 15h49.22.707257 +0530,
50,c,58,2,14,c,1,2.0783113000070443,None,14,2,58,2,,,,,161.17394279998553,,161.15814809998847,161.17394279998553,162.1570428999985,162.1570428999985,162.1570428999985,162.1570428999985,162.17376759999024,163.15713719998894,163.15713719998894,165.2412989999866,c,1,2.0783113000070443,None,,,,,pp4,001,2025-10-02_15h49.13.007,motor sequence,,2025.1.1,60.06680630369661,2025-10-02 15h49.22.707257 +0530,
-150,z,59,3,14,z,1,0.46658120000211056,None,14,3,59,3,,,,,165.2571118999913,,165.24193439999362,165.2571118999913,166.24054219998652,166.24054219998652,166.24054219998652,166.24054219998652,166.25695639998594,167.2569477999932,167.2569477999932,167.7244769999961,z,1,0.46658120000211056,None,,,,,pp4,001,2025-10-02_15h49.13.007,motor sequence,,2025.1.1,60.06680630369661,2025-10-02 15h49.22.707257 +0530,
-50,x,60,0,15,x,1,0.5845285999967018,None,15,0,60,0,,,,,167.7403464999952,,167.724825399986,167.7403464999952,168.72369739999704,168.72369739999704,168.72369739999704,168.72369739999704,168.74050169999828,169.72387499999604,169.72387499999604,170.32447249999677,x,1,0.5845285999967018,None,,,,,pp4,001,2025-10-02_15h49.13.007,motor sequence,,2025.1.1,60.06680630369661,2025-10-02 15h49.22.707257 +0530,
150,v,61,1,15,v,1,0.4587297999969451,None,15,1,61,1,,,,,170.3406004999997,,170.32510249999177,170.3406004999997,171.32383519998984,171.32383519998984,171.32383519998984,171.32383519998984,171.34093519998714,172.3237955999939,172.3237955999939,172.79125809999823,v,1,0.4587297999969451,None,,,,,pp4,001,2025-10-02_15h49.13.007,motor sequence,,2025.1.1,60.06680630369661,2025-10-02 15h49.22.707257 +0530,
50,c,62,2,15,c,1,0.47086549999949057,None,15,2,62,2,,,,,172.8070611999865,,172.79183879999619,172.8070611999865,173.7904118999868,173.7904118999868,173.7904118999868,173.7904118999868,173.8072097999975,174.79054609999002,174.79054609999002,175.27428659998986,c,1,0.47086549999949057,None,,,,,pp4,001,2025-10-02_15h49.13.007,motor sequence,,2025.1.1,60.06680630369661,2025-10-02 15h49.22.707257 +0530,
-150,z,63,3,15,z,1,0.5037527999957092,None,15,3,63,3,,,,,175.2903978999966,,175.2747556999966,175.2903978999966,176.2742464999901,176.2742464999901,176.2742464999901,176.2742464999901,176.29053909999493,177.2738748999982,177.2738748999982,177.79094779999286,z,1,0.5037527999957092,None,,,,,pp4,001,2025-10-02_15h49.13.007,motor sequence,,2025.1.1,60.06680630369661,2025-10-02 15h49.22.707257 +0530,
-50,x,64,0,16,x,1,0.5222359000035794,None,16,0,64,0,,,,,177.80681619999814,,177.79149999999208,177.80681619999814,178.7911613999895,178.7911613999895,178.7911613999895,178.7911613999895,178.80683809999027,179.79052859998774,179.79052859998774,180.32497119999607,x,1,0.5222359000035794,None,,,,,pp4,001,2025-10-02_15h49.13.007,motor sequence,,2025.1.1,60.06680630369661,2025-10-02 15h49.22.707257 +0530,
150,v,65,1,16,v,1,1.218495699999039,None,16,1,65,1,,,,,180.3405502999958,,180.32540259999223,180.3405502999958,181.3404113999859,181.3404113999859,181.3404113999859,181.3404113999859,181.3404113999859,182.34057339999708,182.34057339999708,183.57441459999245,v,1,1.218495699999039,None,,,,,pp4,001,2025-10-02_15h49.13.007,motor sequence,,2025.1.1,60.06680630369661,2025-10-02 15h49.22.707257 +0530,
50,c,66,2,16,c,1,0.519948100001784,None,16,2,66,2,,,,,183.59044859999267,,183.57508279998729,183.59044859999267,184.573874099995,184.573874099995,184.573874099995,184.573874099995,184.59044189999986,185.57388789999823,185.57388789999823,186.10751369998616,c,1,0.519948100001784,None,,,,,pp4,001,2025-10-02_15h49.13.007,motor sequence,,2025.1.1,60.06680630369661,2025-10-02 15h49.22.707257 +0530,
-150,z,67,3,16,z,1,0.6848421999893617,None,16,3,67,3,,,,,186.12366169999586,,186.10782219999237,186.12366169999586,187.10690279999108,187.10690279999108,187.10690279999108,187.10690279999108,187.12360429999535,188.10697859998618,188.10697859998618,188.80774089999613,z,1,0.6848421999893617,None,,,,,pp4,001,2025-10-02_15h49.13.007,motor sequence,,2025.1.1,60.06680630369661,2025-10-02 15h49.22.707257 +0530,
-50,x,68,0,17,x,1,0.6358389000088209,None,17,0,68,0,,,,,188.8242154999898,,188.80821839999408,188.8242154999898,189.8070655999909,189.8070655999909,189.8070655999909,189.8070655999909,189.82408739998937,190.80698209999537,190.80698209999537,191.45769999999902,x,1,0.6358389000088209,None,,,,,pp4,001,2025-10-02_15h49.13.007,motor sequence,,2025.1.1,60.06680630369661,2025-10-02 15h49.22.707257 +0530,
150,v,69,1,17,v,1,0.8757569000008516,None,17,1,69,1,,,,,191.4739348999865,,191.4580023999879,191.4739348999865,192.45721229999617,192.45721229999617,192.45721229999617,192.45721229999617,192.47409769998922,193.45704889998888,193.45704889998888,194.34121179999784,v,1,0.8757569000008516,None,,,,,pp4,001,2025-10-02_15h49.13.007,motor sequence,,2025.1.1,60.06680630369661,2025-10-02 15h49.22.707257 +0530,
50,c,70,2,17,c,1,1.6886080999975093,None,17,2,70,2,,,,,194.35709459999634,,194.3418810999865,194.35709459999634,195.341044899993,195.341044899993,195.341044899993,195.341044899993,195.35731479999959,196.34087599998747,196.34087599998747,198.04064779999317,c,1,1.6886080999975093,None,,,,,pp4,001,2025-10-02_15h49.13.007,motor sequence,,2025.1.1,60.06680630369661,2025-10-02 15h49.22.707257 +0530,
-150,z,71,3,17,z,1,0.8226810000051046,None,17,3,71,3,,,,,198.0574276999978,,198.0409970999899,198.0574276999978,199.04111089999788,199.04111089999788,199.04111089999788,199.04111089999788,199.05685619999713,200.04046049999306,200.04046049999306,200.8747202999948,z,1,0.8226810000051046,None,,,,,pp4,001,2025-10-02_15h49.13.007,motor sequence,,2025.1.1,60.06680630369661,2025-10-02 15h49.22.707257 +0530,
-50,x,72,0,18,x,1,0.785203299994464,None,18,0,72,0,,,,,200.8905866999994,,200.8752192999964,200.8905866999994,201.8905025999993,201.8905025999993,201.8905025999993,201.8905025999993,201.8905025999993,202.89039479999337,202.89039479999337,203.69150199998694,x,1,0.785203299994464,None,,,,,pp4,001,2025-10-02_15h49.13.007,motor sequence,,2025.1.1,60.06680630369661,2025-10-02 15h49.22.707257 +0530,
150,v,73,1,18,v,1,0.7636304999905406,None,18,1,73,1,,,,,203.70761279998987,,203.69200249999994,203.70761279998987,204.6905424999859,204.6905424999859,204.6905424999859,204.6905424999859,204.70697259998997,205.70714879999286,205.70714879999286,206.4742392999906,v,1,0.7636304999905406,None,,,,,pp4,001,2025-10-02_15h49.13.007,motor sequence,,2025.1.1,60.06680630369661,2025-10-02 15h49.22.707257 +0530,
50,c,74,2,18,c,1,1.6061817000008887,None,18,2,74,2,,,,,206.4911970999965,,206.47450969999772,206.4911970999965,207.47380439999688,207.47380439999688,207.47380439999688,207.47380439999688,207.49022759999207,208.47369419998722,208.47369419998722,210.09140599999228,c,1,1.6061817000008887,None,,,,,pp4,001,2025-10-02_15h49.13.007,motor sequence,,2025.1.1,60.06680630369661,2025-10-02 15h49.22.707257 +0530,
-150,z,75,3,18,z,1,0.4908930999954464,None,18,3,75,3,,,,,210.10717499999737,,210.09208259999286,210.10717499999737,211.1069870999927,211.1069870999927,211.1069870999927,211.1069870999927,211.1069870999927,212.09069759999693,212.09069759999693,212.59086469998874,z,1,0.4908930999954464,None,,,,,pp4,001,2025-10-02_15h49.13.007,motor sequence,,2025.1.1,60.06680630369661,2025-10-02 15h49.22.707257 +0530,
-50,x,76,0,19,x,1,0.6405300999904284,None,19,0,76,0,,,,,212.60735489999934,,212.59126359999937,212.60735489999934,213.59052109999175,213.59052109999175,213.59052109999175,213.59052109999175,213.60713489999762,214.5909352999879,214.5909352999879,215.2412934999884,x,1,0.6405300999904284,None,,,,,pp4,001,2025-10-02_15h49.13.007,motor sequence,,2025.1.1,60.06680630369661,2025-10-02 15h49.22.707257 +0530,
150,v,77,1,19,v,1,1.6786095999996178,None,19,1,77,1,,,,,215.25760709999304,,215.24172609999368,215.25760709999304,216.24051239999244,216.24051239999244,216.24051239999244,216.24051239999244,216.25698099999863,217.24044449999928,217.24044449999928,218.92451049998635,v,1,1.6786095999996178,None,,,,,pp4,001,2025-10-02_15h49.13.007,motor sequence,,2025.1.1,60.06680630369661,2025-10-02 15h49.22.707257 +0530,
50,c,78,2,19,c,1,1.1754396000033012,None,19,2,78,2,,,,,218.94059739999648,,218.92513369998778,218.94059739999648,219.92389189999085,219.92389189999085,219.92389189999085,219.92389189999085,219.940408999988,220.94049229999655,220.94049229999655,222.12434419999772,c,1,1.1754396000033012,None,,,,,pp4,001,2025-10-02_15h49.13.007,motor sequence,,2025.1.1,60.06680630369661,2025-10-02 15h49.22.707257 +0530,
-150,z,79,3,19,z,1,0.719304899990675,None,19,3,79,3,,,,,222.14142939999874,,222.12469179999607,222.14142939999874,223.12389579998853,223.12389579998853,223.12389579998853,223.12389579998853,223.14057079999475,224.1243809999869,224.1243809999869,224.85762759999488,z,1,0.719304899990675,None,,,,,pp4,001,2025-10-02_15h49.13.007,motor sequence,,2025.1.1,60.06680630369661,2025-10-02 15h49.22.707257 +0530,
-50,x,80,0,20,x,1,0.6045423000032315,None,20,0,80,0,,,,,224.87389389998862,,224.85793439998815,224.87389389998862,225.85711649998848,225.85711649998848,225.85711649998848,225.85711649998848,225.87384149999707,226.85707809998712,226.85707809998712,227.47464279999258,x,1,0.6045423000032315,None,,,,,pp4,001,2025-10-02_15h49.13.007,motor sequence,,2025.1.1,60.06680630369661,2025-10-02 15h49.22.707257 +0530,
150,v,81,1,20,v,1,0.9413386000087485,None,20,1,81,1,,,,,227.4906326999917,,227.475177299988,227.4906326999917,228.49096209999698,228.49096209999698,228.49096209999698,228.49096209999698,228.49096209999698,229.47384419999435,229.47384419999435,230.42470149998553,v,1,0.9413386000087485,None,,,,,pp4,001,2025-10-02_15h49.13.007,motor sequence,,2025.1.1,60.06680630369661,2025-10-02 15h49.22.707257 +0530,
50,c,82,2,20,c,1,0.6101499000069452,None,20,2,82,2,,,,,230.440698099992,,230.42514899998787,230.440698099992,231.42404849999002,231.42404849999002,231.42404849999002,231.42404849999002,231.44051869999385,232.4403309999907,232.4403309999907,233.05766039999435,c,1,0.6101499000069452,None,,,,,pp4,001,2025-10-02_15h49.13.007,motor sequence,,2025.1.1,60.06680630369661,2025-10-02 15h49.22.707257 +0530,
-150,z,83,3,20,z,1,1.347970400005579,None,20,3,83,3,,,,,233.07372969998687,,233.05813219999254,233.07372969998687,234.0568515999912,234.0568515999912,234.0568515999912,234.0568515999912,234.07413629999792,235.05711739999242,235.05711739999242,236.40813619999972,z,1,1.347970400005579,None,,,,,pp4,001,2025-10-02_15h49.13.007,motor sequence,,2025.1.1,60.06680630369661,2025-10-02 15h49.22.707257 +0530,
-50,x,84,0,21,x,1,0.9105280000076164,None,21,0,84,0,,,,,236.42387179999787,,236.4085752999963,236.42387179999787,237.42379819999042,237.42379819999042,237.42379819999042,237.42379819999042,237.42379819999042,238.4074821999966,238.4074821999966,239.3248418999865,x,1,0.9105280000076164,None,,,,,pp4,001,2025-10-02_15h49.13.007,motor sequence,,2025.1.1,60.06680630369661,2025-10-02 15h49.22.707257 +0530,
150,v,85,1,21,v,1,0.8361882000026526,None,21,1,85,1,,,,,239.34122059999208,,239.32556629998726,239.34122059999208,240.32384299999103,240.32384299999103,240.32384299999103,240.32384299999103,240.34035779999977,241.32434659999853,241.32434659999853,242.17472379999526,v,1,0.8361882000026526,None,,,,,pp4,001,2025-10-02_15h49.13.007,motor sequence,,2025.1.1,60.06680630369661,2025-10-02 15h49.22.707257 +0530,
50,c,86,2,21,c,1,1.0890730999963125,None,21,2,86,2,,,,,242.19072199999937,,242.1752306999988,242.19072199999937,243.19036689998757,243.19036689998757,243.19036689998757,243.19036689998757,243.19036689998757,244.17432129998633,244.17432129998633,245.2748358999961,c,1,1.0890730999963125,None,,,,,pp4,001,2025-10-02_15h49.13.007,motor sequence,,2025.1.1,60.06680630369661,2025-10-02 15h49.22.707257 +0530,
-150,z,87,3,21,z,1,0.7203366000030655,None,21,3,87,3,,,,,245.2907673999871,,245.27553099999204,245.2907673999871,246.27426499998546,246.27426499998546,246.27426499998546,246.27426499998546,246.29052889999002,247.29042439999466,247.29042439999466,248.02438589998928,z,1,0.7203366000030655,None,,,,,pp4,001,2025-10-02_15h49.13.007,motor sequence,,2025.1.1,60.06680630369661,2025-10-02 15h49.22.707257 +0530,
-50,x,88,0,22,x,1,1.4940289999940433,None,22,0,88,0,,,,,248.0405589999864,,248.02472159999888,248.0405589999864,249.02385239998694,249.02385239998694,249.02385239998694,249.02385239998694,249.04047529998934,250.0237877999898,250.0237877999898,251.5239670999872,x,1,1.4940289999940433,None,,,,,pp4,001,2025-10-02_15h49.13.007,motor sequence,,2025.1.1,60.06680630369661,2025-10-02 15h49.22.707257 +0530,
150,v,89,1,22,v,1,0.5553419000061695,None,22,1,89,1,,,,,251.5404092999961,,251.52423329999147,251.5404092999961,252.52382459999353,252.52382459999353,252.52382459999353,252.52382459999353,252.5405097999901,253.52374699999928,253.52374699999928,254.09132939999108,v,1,0.5553419000061695,None,,,,,pp4,001,2025-10-02_15h49.13.007,motor sequence,,2025.1.1,60.06680630369661,2025-10-02 15h49.22.707257 +0530,
50,c,90,2,22,c,1,0.7982975000049919,None,22,2,90,2,,,,,254.10725869999442,,254.09201879998727,254.10725869999442,255.0908031999861,255.0908031999861,255.0908031999861,255.0908031999861,255.10719729999255,256.0906105999893,256.0906105999893,256.8914403999952,c,1,0.7982975000049919,None,,,,,pp4,001,2025-10-02_15h49.13.007,motor sequence,,2025.1.1,60.06680630369661,2025-10-02 15h49.22.707257 +0530,
-150,z,91,3,22,z,1,0.9964446000085445,None,22,3,91,3,,,,,256.9072562999936,,256.8920810999989,256.9072562999936,257.907704199999,257.907704199999,257.907704199999,257.907704199999,257.907704199999,258.8913162999961,258.8913162999961,259.8910432999983,z,1,0.9964446000085445,None,,,,,pp4,001,2025-10-02_15h49.13.007,motor sequence,,2025.1.1,60.06680630369661,2025-10-02 15h49.22.707257 +0530,
-50,x,92,0,23,x,1,0.3689608999993652,None,23,0,92,0,,,,,259.90733329999784,,259.8914503999986,259.90733329999784,260.89061799999035,260.89061799999035,260.89061799999035,260.89061799999035,260.90708879999875,261.8908328999969,261.8908328999969,262.27462519999244,x,1,0.3689608999993652,None,,,,,pp4,001,2025-10-02_15h49.13.007,motor sequence,,2025.1.1,60.06680630369661,2025-10-02 15h49.22.707257 +0530,
150,v,93,1,23,v,1,0.35052779999386985,None,23,1,93,1,,,,,262.2906108999887,,262.2749582999968,262.2906108999887,263.273804499986,263.273804499986,263.273804499986,263.273804499986,263.2904728999856,264.27425249999214,264.27425249999214,264.64137059998757,v,1,0.35052779999386985,None,,,,,pp4,001,2025-10-02_15h49.13.007,motor sequence,,2025.1.1,60.06680630369661,2025-10-02 15h49.22.707257 +0530,
50,c,94,2,23,c,1,0.44827530000475235,None,23,2,94,2,,,,,264.65714439998555,,264.6419235999929,264.65714439998555,265.6404932999867,265.6404932999867,265.6404932999867,265.6404932999867,265.6573020999931,266.6406105999922,266.6406105999922,267.0907628999994,c,1,0.44827530000475235,None,,,,,pp4,001,2025-10-02_15h49.13.007,motor sequence,,2025.1.1,60.06680630369661,2025-10-02 15h49.22.707257 +0530,
-150,z,95,3,23,z,1,0.3732795999967493,None,23,3,95,3,,,,,267.1072424999875,,267.0911155999929,267.1072424999875,268.09075949998805,268.09075949998805,268.09075949998805,268.09075949998805,268.10697169999185,269.0915333999874,269.0915333999874,269.474446799999,z,1,0.3732795999967493,None,,,,,pp4,001,2025-10-02_15h49.13.007,motor sequence,,2025.1.1,60.06680630369661,2025-10-02 15h49.22.707257 +0530,
-50,x,96,0,24,x,1,0.8135985999979312,None,24,0,96,0,,,,,269.4906145999994,,269.4750497999921,269.4906145999994,270.47388049999427,270.47388049999427,270.47388049999427,270.47388049999427,270.490232199998,271.47378989998833,271.47378989998833,272.29109879999305,x,1,0.8135985999979312,None,,,,,pp4,001,2025-10-02_15h49.13.007,motor sequence,,2025.1.1,60.06680630369661,2025-10-02 15h49.22.707257 +0530,
150,v,97,1,24,v,1,0.9635836999950698,None,24,1,97,1,,,,,272.3074265999894,,272.2914716999949,272.3074265999894,273.29066579999926,273.29066579999926,273.29066579999926,273.29066579999926,273.30711559999327,274.29089869999734,274.29089869999734,275.2576040999993,v,1,0.9635836999950698,None,,,,,pp4,001,2025-10-02_15h49.13.007,motor sequence,,2025.1.1,60.06680630369661,2025-10-02 15h49.22.707257 +0530,
50,c,98,2,24,c,1,0.8001786999957403,None,24,2,98,2,,,,,275.2739945999929,,275.2579209999967,275.2739945999929,276.25724019999325,276.25724019999325,276.25724019999325,276.25724019999325,276.27366779999284,277.2570518999855,277.2570518999855,278.07456609999645,c,1,0.8001786999957403,None,,,,,pp4,001,2025-10-02_15h49.13.007,motor sequence,,2025.1.1,60.06680630369661,2025-10-02 15h49.22.707257 +0530,
-150,z,99,3,24,z,1,0.6889813000016147,None,24,3,99,3,,,,,278.09062239999184,,278.0749429999996,278.09062239999184,279.07437609999033,279.07437609999033,279.07437609999033,279.07437609999033,279.0905192999926,280.0737494999921,280.0737494999921,280.7745227999985,z,1,0.6889813000016147,None,,,,,pp4,001,2025-10-02_15h49.13.007,motor sequence,,2025.1.1,60.06680630369661,2025-10-02 15h49.22.707257 +0530,
-50,x,100,0,25,x,1,0.5605156999954488,None,25,0,100,0,,,,,280.79064859999926,,280.7750268999953,280.79064859999926,281.7740778999869,281.7740778999869,281.7740778999869,281.7740778999869,281.7906021999952,282.7737024999951,282.7737024999951,283.3418416999921,x,1,0.5605156999954488,None,,,,,pp4,001,2025-10-02_15h49.13.007,motor sequence,,2025.1.1,60.06680630369661,2025-10-02 15h49.22.707257 +0530,
150,v,101,1,25,v,1,0.9845433000009507,None,25,1,101,1,,,,,283.3571007999999,,283.3424073999922,283.3571007999999,284.3568740999908,284.3568740999908,284.3568740999908,284.3568740999908,284.3568740999908,285.3405167999881,285.3405167999881,286.3412709999975,v,1,0.9845433000009507,None,,,,,pp4,001,2025-10-02_15h49.13.007,motor sequence,,2025.1.1,60.06680630369661,2025-10-02 15h49.22.707257 +0530,
50,c,102,2,25,c,1,0.9549671999993734,None,25,2,102,2,,,,,286.3571224999905,,286.34169609998935,286.3571224999905,287.3405975999922,287.3405975999922,287.3405975999922,287.3405975999922,287.3572385999869,288.3411233999941,288.3411233999941,289.3080597999942,c,1,0.9549671999993734,None,,,,,pp4,001,2025-10-02_15h49.13.007,motor sequence,,2025.1.1,60.06680630369661,2025-10-02 15h49.22.707257 +0530,
-150,z,103,3,25,z,1,0.7175229999993462,None,25,3,103,3,,,,,289.3239896999876,,289.3086470999988,289.3239896999876,290.3078460999968,290.3078460999968,290.3078460999968,290.3078460999968,290.3239326999901,291.32382769999094,291.32382769999094,292.05776799999876,z,1,0.7175229999993462,None,,,,,pp4,001,2025-10-02_15h49.13.007,motor sequence,,2025.1.1,60.06680630369661,2025-10-02 15h49.22.707257 +0530,
-50,x,104,0,26,x,1,0.644618200007244,None,26,0,104,0,,,,,292.0740865999978,,292.05822129998705,292.0740865999978,293.0575097999972,293.0575097999972,293.0575097999972,293.0575097999972,293.0741524999903,294.0572189999948,294.0572189999948,294.70790779999516,x,1,0.644618200007244,None,,,,,pp4,001,2025-10-02_15h49.13.007,motor sequence,,2025.1.1,60.06680630369661,2025-10-02 15h49.22.707257 +0530,
150,v,105,1,26,v,1,0.6847119000012754,None,26,1,105,1,,,,,294.72389859998657,,294.7083850999916,294.72389859998657,295.70745879999595,295.70745879999595,295.70745879999595,295.70745879999595,295.7237558999914,296.70783539999684,296.70783539999684,297.4073572999914,v,1,0.6847119000012754,None,,,,,pp4,001,2025-10-02_15h49.13.007,motor sequence,,2025.1.1,60.06680630369661,2025-10-02 15h49.22.707257 +0530,
50,c,106,2,26,c,1,0.8432969000132289,None,26,2,106,2,,,,,297.42394329998933,,297.4076200999989,297.42394329998933,298.4076022999943,298.4076022999943,298.4076022999943,298.4076022999943,298.42378499999177,299.40767639999103,299.40767639999103,300.2577673999913,c,1,0.8432969000132289,None,,,,,pp4,001,2025-10-02_15h49.13.007,motor sequence,,2025.1.1,60.06680630369661,2025-10-02 15h49.22.707257 +0530,
-150,z,107,3,26,z,1,1.0969258000113769,None,26,3,107,3,,,,,300.2739006999909,,300.2583297999954,300.2739006999909,301.2575230999937,301.2575230999937,301.2575230999937,301.2575230999937,301.27385919999506,302.25719729998673,302.25719729998673,303.35854659999313,z,1,1.0969258000113769,None,,,,,pp4,001,2025-10-02_15h49.13.007,motor sequence,,2025.1.1,60.06680630369661,2025-10-02 15h49.22.707257 +0530,
-50,x,108,0,27,x,1,0.7772763999964809,None,27,0,108,0,,,,,303.3740565999906,,303.3591970999987,303.3740565999906,304.3738331999921,304.3738331999921,304.3738331999921,304.3738331999921,304.3738331999921,305.37400449998677,305.37400449998677,306.1577648999955,x,1,0.7772763999964809,None,,,,,pp4,001,2025-10-02_15h49.13.007,motor sequence,,2025.1.1,60.06680630369661,2025-10-02 15h49.22.707257 +0530,
150,v,109,1,27,v,1,1.09283829999913,None,27,1,109,1,,,,,306.173936399995,,306.1584795999952,306.173936399995,307.15712749998784,307.15712749998784,307.15712749998784,307.15712749998784,307.17411699998775,308.15698809998867,308.15698809998867,309.2576495999965,v,1,1.09283829999913,None,,,,,pp4,001,2025-10-02_15h49.13.007,motor sequence,,2025.1.1,60.06680630369661,2025-10-02 15h49.22.707257 +0530,
50,c,110,2,27,c,1,0.5556999999971595,None,27,2,110,2,,,,,309.27412119999644,,309.25802049999766,309.27412119999644,310.25709919999645,310.25709919999645,310.25709919999645,310.25709919999645,310.274150799989,311.2570051999937,311.2570051999937,311.8245512999856,c,1,0.5556999999971595,None,,,,,pp4,001,2025-10-02_15h49.13.007,motor sequence,,2025.1.1,60.06680630369661,2025-10-02 15h49.22.707257 +0530,
-150,z,111,3,27,z,1,0.6130646000092383,None,27,3,111,3,,,,,311.84065069998906,,311.82512829999905,311.84065069998906,312.823951399987,312.823951399987,312.823951399987,312.823951399987,312.840506499997,313.82416479999665,313.82416479999665,314.4411994999973,z,1,0.6130646000092383,None,,,,,pp4,001,2025-10-02_15h49.13.007,motor sequence,,2025.1.1,60.06680630369661,2025-10-02 15h49.22.707257 +0530,
-50,x,112,0,28,x,1,0.6837960000120802,None,28,0,112,0,,,,,314.45801389998815,,314.441628399989,314.45801389998815,315.4404981999978,315.4404981999978,315.4404981999978,315.4404981999978,315.45706479999353,316.44041879998986,316.44041879998986,317.14088109998556,x,1,0.6837960000120802,None,,,,,pp4,001,2025-10-02_15h49.13.007,motor sequence,,2025.1.1,60.06680630369661,2025-10-02 15h49.22.707257 +0530,
150,v,113,1,28,v,1,0.9137872999999672,None,28,1,113,1,,,,,317.15722249999817,,317.14119799999753,317.15722249999817,318.1406513999973,318.1406513999973,318.1406513999973,318.1406513999973,318.1570733999979,319.14055449998705,319.14055449998705,320.0574486999976,v,1,0.9137872999999672,None,,,,,pp4,001,2025-10-02_15h49.13.007,motor sequence,,2025.1.1,60.06680630369661,2025-10-02 15h49.22.707257 +0530,
50,c,114,2,28,c,1,1.7875767000077758,None,28,2,114,2,,,,,320.0738103999902,,320.05803169999854,320.0738103999902,321.05758879998757,321.05758879998757,321.05758879998757,321.05758879998757,321.0736007999949,322.0570851999946,322.0570851999946,323.8578292999882,c,1,1.7875767000077758,None,,,,,pp4,001,2025-10-02_15h49.13.007,motor sequence,,2025.1.1,60.06680630369661,2025-10-02 15h49.22.707257 +0530,
-150,z,115,3,28,z,1,1.115990000005695,None,28,3,115,3,,,,,323.87397529999726,,323.8582596999913,323.87397529999726,324.85749029999715,324.85749029999715,324.85749029999715,324.85749029999715,324.8745186999877,325.85715649998747,325.85715649998747,326.97497389999626,z,1,1.115990000005695,None,,,,,pp4,001,2025-10-02_15h49.13.007,motor sequence,,2025.1.1,60.06680630369661,2025-10-02 15h49.22.707257 +0530,
-50,x,116,0,29,x,1,0.8371417000016663,None,29,0,116,0,,,,,326.99117829999886,,326.9754370999872,326.99117829999886,327.99032029999944,327.99032029999944,327.99032029999944,327.99032029999944,327.99032029999944,328.9903209999902,328.9903209999902,329.84099069998774,x,1,0.8371417000016663,None,,,,,pp4,001,2025-10-02_15h49.13.007,motor sequence,,2025.1.1,60.06680630369661,2025-10-02 15h49.22.707257 +0530,
150,v,117,1,29,v,1,1.288544600000023,None,29,1,117,1,,,,,329.8571648999932,,329.8412077999965,329.8571648999932,330.8409294999874,330.8409294999874,330.8409294999874,330.8409294999874,330.85703589998593,331.8406464999862,331.8406464999862,333.1405255999998,v,1,1.288544600000023,None,,,,,pp4,001,2025-10-02_15h49.13.007,motor sequence,,2025.1.1,60.06680630369661,2025-10-02 15h49.22.707257 +0530,
50,c,118,2,29,c,1,1.1969840999954613,None,29,2,118,2,,,,,333.15708169998834,,333.1407528999989,333.15708169998834,334.1406117999868,334.1406117999868,334.1406117999868,334.1406117999868,334.157226299998,335.1408015999914,335.1408015999914,336.34178339999926,c,1,1.1969840999954613,None,,,,,pp4,001,2025-10-02_15h49.13.007,motor sequence,,2025.1.1,60.06680630369661,2025-10-02 15h49.22.707257 +0530,
-150,z,119,3,29,z,1,0.5818721000105143,None,29,3,119,3,,,,,336.3570247999887,,336.34298339999805,336.3570247999887,337.35798799998884,337.35798799998884,337.35798799998884,337.35798799998884,337.35798799998884,338.3405705999903,338.3405705999903,338.92481049998605,z,1,0.5818721000105143,None,,,,,pp4,001,2025-10-02_15h49.13.007,motor sequence,,2025.1.1,60.06680630369661,2025-10-02 15h49.22.707257 +0530,
-50,x,120,0,30,x,1,0.7014223000005586,None,30,0,120,0,,,,,338.9405709999992,,338.9254718999873,338.9405709999992,339.94085499999346,339.94085499999346,339.94085499999346,339.94085499999346,339.94085499999346,340.92422179999994,340.92422179999994,341.6412663999945,x,1,0.7014223000005586,None,,,,,pp4,001,2025-10-02_15h49.13.007,motor sequence,,2025.1.1,60.06680630369661,2025-10-02 15h49.22.707257 +0530,
150,v,121,1,30,v,1,0.6411547000025166,None,30,1,121,1,,,,,341.6575746999879,,341.6417150999914,341.6575746999879,342.6405589999922,342.6405589999922,342.6405589999922,342.6405589999922,342.6570471999876,343.64041299998644,343.64041299998644,344.29120089999924,v,1,0.6411547000025166,None,,,,,pp4,001,2025-10-02_15h49.13.007,motor sequence,,2025.1.1,60.06680630369661,2025-10-02 15h49.22.707257 +0530,
50,c,122,2,30,c,1,1.5415047999995295,None,30,2,122,2,,,,,344.30706329998793,,344.2915817999892,344.30706329998793,345.29081799999403,345.29081799999403,345.29081799999403,345.29081799999403,345.3071634999942,346.29068319998623,346.29068319998623,347.84116009999707,c,1,1.5415047999995295,None,,,,,pp4,001,2025-10-02_15h49.13.007,motor sequence,,2025.1.1,60.06680630369661,2025-10-02 15h49.22.707257 +0530,
-150,z,123,3,30,z,1,0.63306000000739,None,30,3,123,3,,,,,347.8571679999877,,347.8415651999967,347.8571679999877,348.840595799993,348.840595799993,348.840595799993,348.840595799993,348.8571908999875,349.8405250999931,349.8405250999931,350.47521599999163,z,1,0.63306000000739,None,,,,,pp4,001,2025-10-02_15h49.13.007,motor sequence,,2025.1.1,60.06680630369661,2025-10-02 15h49.22.707257 +0530,
-50,x,124,0,31,x,1,0.7535009999992326,None,31,0,124,0,,,,,350.4906035999884,,350.4756631999917,350.4906035999884,351.4905638999917,351.4905638999917,351.4905638999917,351.4905638999917,351.4905638999917,352.4906612999912,352.4906612999912,353.2578281999886,x,1,0.7535009999992326,None,,,,,pp4,001,2025-10-02_15h49.13.007,motor sequence,,2025.1.1,60.06680630369661,2025-10-02 15h49.22.707257 +0530,
150,v,125,1,31,v,1,0.9810067999933381,None,31,1,125,1,,,,,353.274064199999,,353.25814289999835,353.274064199999,354.2572950999893,354.2572950999893,354.2572950999893,354.2572950999893,354.27385039998626,355.25696249998873,355.25696249998873,356.2409190999897,v,1,0.9810067999933381,None,,,,,pp4,001,2025-10-02_15h49.13.007,motor sequence,,2025.1.1,60.06680630369661,2025-10-02 15h49.22.707257 +0530,
50,c,126,2,31,c,1,1.1770567999919876,None,31,2,126,2,,,,,356.2572855999897,,356.2411768999882,356.2572855999897,357.24058149999473,357.24058149999473,357.24058149999473,357.24058149999473,357.25714759998664,358.2406875999877,358.2406875999877,359.4246095999988,c,1,1.1770567999919876,None,,,,,pp4,001,2025-10-02_15h49.13.007,motor sequence,,2025.1.1,60.06680630369661,2025-10-02 15h49.22.707257 +0530,
-150,z,127,3,31,z,1,1.1314560000027996,None,31,3,127,3,,,,,359.44052949998877,,359.42521859999397,359.44052949998877,360.4238226999878,360.4238226999878,360.4238226999878,360.4238226999878,360.440446099994,361.4239291999984,361.4239291999984,362.5574090999871,z,1,1.1314560000027996,None,,,,,pp4,001,2025-10-02_15h49.13.007,motor sequence,,2025.1.1,60.06680630369661,2025-10-02 15h49.22.707257 +0530,
-50,x,128,0,32,x,1,1.270987600000808,None,32,0,128,0,,,,,362.5738937999995,,362.55768199999875,362.5738937999995,363.5572751999862,363.5572751999862,363.5572751999862,363.5572751999862,363.5738583999919,364.55738399999973,364.55738399999973,365.841989499997,x,1,1.270987600000808,None,,,,,pp4,001,2025-10-02_15h49.13.007,motor sequence,,2025.1.1,60.06680630369661,2025-10-02 15h49.22.707257 +0530,
150,v,129,1,32,v,1,0.8203450000000885,None,32,1,129,1,,,,,365.85728059998655,,365.84241849998944,365.85728059998655,366.85743039999215,366.85743039999215,366.85743039999215,366.85743039999215,366.85743039999215,367.85736879998876,367.85736879998876,368.6909502999915,v,1,0.8203450000000885,None,,,,,pp4,001,2025-10-02_15h49.13.007,motor sequence,,2025.1.1,60.06680630369661,2025-10-02 15h49.22.707257 +0530,
50,c,130,2,32,c,1,1.1040132999914931,None,32,2,130,2,,,,,368.70746359998884,,368.6912694999919,368.70746359998884,369.6905010999908,369.6905010999908,369.6905010999908,369.6905010999908,369.7072841999907,370.6907210999925,370.6907210999925,371.807813899999,c,1,1.1040132999914931,None,,,,,pp4,001,2025-10-02_15h49.13.007,motor sequence,,2025.1.1,60.06680630369661,2025-10-02 15h49.22.707257 +0530,
-150,z,131,3,32,z,1,0.8832287999975961,None,32,3,131,3,,,,,371.8238609999971,,371.8082337999949,371.8238609999971,372.80809439999575,372.80809439999575,372.80809439999575,372.80809439999575,372.82386539998697,373.8072242999915,373.8072242999915,374.7082684999914,z,1,0.8832287999975961,None,,,,,pp4,001,2025-10-02_15h49.13.007,motor sequence,,2025.1.1,60.06680630369661,2025-10-02 15h49.22.707257 +0530,
-50,x,132,0,33,x,1,0.5902455000032205,None,33,0,132,0,,,,,374.72375549998833,,374.70863719999033,374.72375549998833,375.7075840999896,375.7075840999896,375.7075840999896,375.7075840999896,375.72384969999257,376.7244229999924,376.7244229999924,377.3252669999929,x,1,0.5902455000032205,None,,,,,pp4,001,2025-10-02_15h49.13.007,motor sequence,,2025.1.1,60.06680630369661,2025-10-02 15h49.22.707257 +0530,
150,v,133,1,33,v,1,0.5177047000033781,None,33,1,133,1,,,,,377.3406934999948,,377.3258196999959,377.3406934999948,378.3407073999988,378.3407073999988,378.3407073999988,378.3407073999988,378.3407073999988,379.3407392999943,379.3407392999943,379.87453169999935,v,1,0.5177047000033781,None,,,,,pp4,001,2025-10-02_15h49.13.007,motor sequence,,2025.1.1,60.06680630369661,2025-10-02 15h49.22.707257 +0530,
50,c,134,2,33,c,1,0.4788579000014579,None,33,2,134,2,,,,,379.8906069999939,,379.87481709998974,379.8906069999939,380.87403999999515,380.87403999999515,380.87403999999515,380.87403999999515,380.8905657999858,381.8737128999928,381.8737128999928,382.35781909999787,c,1,0.4788579000014579,None,,,,,pp4,001,2025-10-02_15h49.13.007,motor sequence,,2025.1.1,60.06680630369661,2025-10-02 15h49.22.707257 +0530,
-150,z,135,3,33,z,1,0.4594356999878073,None,33,3,135,3,,,,,382.37372139999934,,382.3582283999858,382.37372139999934,383.3574273999984,383.3574273999984,383.3574273999984,383.3574273999984,383.37395029999607,384.35691889999725,384.35691889999725,384.8242690999905,z,1,0.4594356999878073,None,,,,,pp4,001,2025-10-02_15h49.13.007,motor sequence,,2025.1.1,60.06680630369661,2025-10-02 15h49.22.707257 +0530,
-50,x,136,0,34,x,1,0.4288378999917768,None,34,0,136,0,,,,,384.84057709999615,,384.8246008999995,384.84057709999615,385.8241044999886,385.8241044999886,385.8241044999886,385.8241044999886,385.8406568999926,386.82400269999926,386.82400269999926,387.2580173999886,x,1,0.4288378999917768,None,,,,,pp4,001,2025-10-02_15h49.13.007,motor sequence,,2025.1.1,60.06680630369661,2025-10-02 15h49.22.707257 +0530,
150,v,137,1,34,v,1,0.5990043999918271,None,34,1,137,1,,,,,387.2738851999893,,387.25874719998683,387.2738851999893,388.25723049999215,388.25723049999215,388.25723049999215,388.25723049999215,388.27380269998685,389.2740319999866,389.2740319999866,389.8752007999865,v,1,0.5990043999918271,None,,,,,pp4,001,2025-10-02_15h49.13.007,motor sequence,,2025.1.1,60.06680630369661,2025-10-02 15h49.22.707257 +0530,
50,c,138,2,34,c,1,0.8414653000072576,None,34,2,138,2,,,,,389.8906855999958,,389.87593959999504,389.8906855999958,390.8904051999998,390.8904051999998,390.8904051999998,390.8904051999998,390.8904051999998,391.89058529998874,391.89058529998874,392.7416388999991,c,1,0.8414653000072576,None,,,,,pp4,001,2025-10-02_15h49.13.007,motor sequence,,2025.1.1,60.06680630369661,2025-10-02 15h49.22.707257 +0530,
-150,z,139,3,34,z,1,0.6422352000081446,None,34,3,139,3,,,,,392.7571329999919,,392.74218809999,392.7571329999919,393.7571609999868,393.7571609999868,393.7571609999868,393.7571609999868,393.7571609999868,394.75768669998797,394.75768669998797,395.40787359999376,z,1,0.6422352000081446,None,,,,,pp4,001,2025-10-02_15h49.13.007,motor sequence,,2025.1.1,60.06680630369661,2025-10-02 15h49.22.707257 +0530,
-50,x,140,0,35,x,1,0.6286366999993334,None,35,0,140,0,,,,,395.423930799996,,395.408429099989,395.423930799996,396.40742939998745,396.40742939998745,396.40742939998745,396.40742939998745,396.4240497999999,397.40752509998856,397.40752509998856,398.04124619999493,x,1,0.6286366999993334,None,,,,,pp4,001,2025-10-02_15h49.13.007,motor sequence,,2025.1.1,60.06680630369661,2025-10-02 15h49.22.707257 +0530,
150,v,141,1,35,v,1,0.606413599991356,None,35,1,141,1,,,,,398.0575824999978,,398.04178989998763,398.0575824999978,399.0408041999908,399.0408041999908,399.0408041999908,399.0408041999908,399.05754309998883,400.0406409999996,400.0406409999996,400.6579608999891,v,1,0.606413599991356,None,,,,,pp4,001,2025-10-02_15h49.13.007,motor sequence,,2025.1.1,60.06680630369661,2025-10-02 15h49.22.707257 +0530,
50,c,142,2,35,c,1,0.8985259000037331,None,35,2,142,2,,,,,400.67399439998553,,400.6584060999885,400.67399439998553,401.6572516999877,401.6572516999877,401.6572516999877,401.6572516999877,401.67425809999986,402.6571837999945,402.6571837999945,403.5576402999868,c,1,0.8985259000037331,None,,,,,pp4,001,2025-10-02_15h49.13.007,motor sequence,,2025.1.1,60.06680630369661,2025-10-02 15h49.22.707257 +0530,
-150,z,143,3,35,z,1,0.6615826999914134,None,35,3,143,3,,,,,403.5740092999913,,403.55806119999033,403.5740092999913,404.55733099998906,404.55733099998906,404.55733099998906,404.55733099998906,404.5738927999919,405.55726609998965,405.55726609998965,406.2250973999908,z,1,0.6615826999914134,None,,,,,pp4,001,2025-10-02_15h49.13.007,motor sequence,,2025.1.1,60.06680630369661,2025-10-02 15h49.22.707257 +0530,
-50,x,144,0,36,x,1,1.1060504000051878,None,36,0,144,0,,,,,406.2403651999921,,406.22556249999616,406.2403651999921,407.24070089998713,407.24070089998713,407.24070089998713,407.24070089998713,407.24070089998713,408.2405602999934,408.2405602999934,409.3582456999866,x,1,1.1060504000051878,None,,,,,pp4,001,2025-10-02_15h49.13.007,motor sequence,,2025.1.1,60.06680630369661,2025-10-02 15h49.22.707257 +0530,
150,v,145,1,36,v,1,0.8067800999997417,None,36,1,145,1,,,,,409.37414439998975,,409.3592726999923,409.37414439998975,410.37401039998804,410.37401039998804,410.37401039998804,410.37401039998804,410.37401039998804,411.37418989998696,411.37418989998696,412.19121389999054,v,1,0.8067800999997417,None,,,,,pp4,001,2025-10-02_15h49.13.007,motor sequence,,2025.1.1,60.06680630369661,2025-10-02 15h49.22.707257 +0530,
50,c,146,2,36,c,1,1.1842816999997012,None,36,2,146,2,,,,,412.20726399999694,,412.1916899999924,412.20726399999694,413.1909738999966,413.1909738999966,413.1909738999966,413.1909738999966,413.2072078999918,414.190512199988,414.190512199988,415.39131879998604,c,1,1.1842816999997012,None,,,,,pp4,001,2025-10-02_15h49.13.007,motor sequence,,2025.1.1,60.06680630369661,2025-10-02 15h49.22.707257 +0530,
-150,z,147,3,36,z,1,0.6039557000040077,None,36,3,147,3,,,,,415.4072856999992,,415.39203099999577,415.4072856999992,416.39067989999603,416.39067989999603,416.39067989999603,416.39067989999603,416.40718099998776,417.39041349999025,417.39041349999025,418.00784939998994,z,1,0.6039557000040077,None,,,,,pp4,001,2025-10-02_15h49.13.007,motor sequence,,2025.1.1,60.06680630369661,2025-10-02 15h49.22.707257 +0530,
-50,x,148,0,37,x,1,2.0086344000010286,None,37,0,148,0,,,,,418.0240395999863,,418.00830079999287,418.0240395999863,419.00708679998934,419.00708679998934,419.00708679998934,419.00708679998934,419.02406209999754,420.00717579999764,420.00717579999764,422.0249027999962,x,1,2.0086344000010286,None,,,,,pp4,001,2025-10-02_15h49.13.007,motor sequence,,2025.1.1,60.06680630369661,2025-10-02 15h49.22.707257 +0530,
150,v,149,1,37,v,1,1.7833600000012666,None,37,1,149,1,,,,,422.040694899988,,422.0254098999867,422.040694899988,423.04073609999614,423.04073609999614,423.04073609999614,423.04073609999614,423.04073609999614,424.0405204999988,424.0405204999988,425.8246758999885,v,1,1.7833600000012666,None,,,,,pp4,001,2025-10-02_15h49.13.007,motor sequence,,2025.1.1,60.06680630369661,2025-10-02 15h49.22.707257 +0530,
50,c,150,2,37,c,1,1.6872310000035213,None,37,2,150,2,,,,,425.8407496999862,,425.82513169999584,425.8407496999862,426.82399829999486,426.82399829999486,426.82399829999486,426.82399829999486,426.8405594999931,427.82395809999434,427.82395809999434,429.52456489999895,c,1,1.6872310000035213,None,,,,,pp4,001,2025-10-02_15h49.13.007,motor sequence,,2025.1.1,60.06680630369661,2025-10-02 15h49.22.707257 +0530,
-150,z,151,3,37,z,1,0.6137937000021338,None,37,3,151,3,,,,,429.54067419999046,,429.52503699999943,429.54067419999046,430.5239636999904,430.5239636999904,430.5239636999904,430.5239636999904,430.5406280999887,431.52405019999424,431.52405019999424,432.14150379999774,z,1,0.6137937000021338,None,,,,,pp4,001,2025-10-02_15h49.13.007,motor sequence,,2025.1.1,60.06680630369661,2025-10-02 15h49.22.707257 +0530,
-50,x,152,0,38,x,1,0.7376971000048798,None,38,0,152,0,,,,,432.1572978999902,,432.1421468999906,432.1572978999902,433.1406379999971,433.1406379999971,433.1406379999971,433.1406379999971,433.1574999999866,434.1406687999988,434.1406687999988,434.8912343999982,x,1,0.7376971000048798,None,,,,,pp4,001,2025-10-02_15h49.13.007,motor sequence,,2025.1.1,60.06680630369661,2025-10-02 15h49.22.707257 +0530,
150,v,153,1,38,v,1,0.6388060000026599,None,38,1,153,1,,,,,434.907284099987,,434.8916310999921,434.907284099987,435.8907009999966,435.8907009999966,435.8907009999966,435.8907009999966,435.90713959999266,436.89063909999095,436.89063909999095,437.54151439999987,v,1,0.6388060000026599,None,,,,,pp4,001,2025-10-02_15h49.13.007,motor sequence,,2025.1.1,60.06680630369661,2025-10-02 15h49.22.707257 +0530,
50,c,154,2,38,c,1,0.8444034999993164,None,38,2,154,2,,,,,437.5573645999975,,437.5419744999963,437.5573645999975,438.54116649999924,438.54116649999924,438.54116649999924,438.54116649999924,438.55743139999686,439.5574299,439.5574299,440.4079600999976,c,1,0.8444034999993164,None,,,,,pp4,001,2025-10-02_15h49.13.007,motor sequence,,2025.1.1,60.06680630369661,2025-10-02 15h49.22.707257 +0530,
-150,z,155,3,38,z,1,0.9599522999924375,None,38,3,155,3,,,,,440.42404869999154,,440.4086740999919,440.42404869999154,441.4074128999928,441.4074128999928,441.4074128999928,441.4074128999928,441.4239957999962,442.40732229998684,442.40732229998684,443.3745757999859,z,1,0.9599522999924375,None,,,,,pp4,001,2025-10-02_15h49.13.007,motor sequence,,2025.1.1,60.06680630369661,2025-10-02 15h49.22.707257 +0530,
-50,x,156,0,39,x,1,3.4121326000022236,None,39,0,156,0,,,,,443.3907184999989,,443.3750565999944,443.3907184999989,444.3740136999986,444.3740136999986,444.3740136999986,444.3740136999986,444.3905725999939,445.3739794999856,445.3739794999856,448.7911139999924,x,1,3.4121326000022236,None,,,,,pp4,001,2025-10-02_15h49.13.007,motor sequence,,2025.1.1,60.06680630369661,2025-10-02 15h49.22.707257 +0530,
150,v,157,1,39,v,1,1.052611999999499,None,39,1,157,1,,,,,448.8072092999937,,448.79176709998865,448.8072092999937,449.7907305999979,449.7907305999979,449.7907305999979,449.7907305999979,449.80723029999353,450.7906212999951,450.7906212999951,451.8580835999892,v,1,1.052611999999499,None,,,,,pp4,001,2025-10-02_15h49.13.007,motor sequence,,2025.1.1,60.06680630369661,2025-10-02 15h49.22.707257 +0530,
50,c,158,2,39,c,1,1.3347081000101753,None,39,2,158,2,,,,,451.8739940999949,,451.8586263999896,451.8739940999949,452.85704999999143,452.85704999999143,452.85704999999143,452.85704999999143,452.8739327999938,453.8571138999978,453.8571138999978,455.2078312999947,c,1,1.3347081000101753,None,,,,,pp4,001,2025-10-02_15h49.13.007,motor sequence,,2025.1.1,60.06680630369661,2025-10-02 15h49.22.707257 +0530,
-150,z,159,3,39,z,1,0.6601867999997921,None,39,3,159,3,,,,,455.22406879998744,,455.20825059998606,455.22406879998744,456.2071375999949,456.2071375999949,456.2071375999949,456.2071375999949,456.2237152999878,457.20720049999363,457.20720049999363,457.8745721999876,z,1,0.6601867999997921,None,,,,,pp4,001,2025-10-02_15h49.13.007,motor sequence,,2025.1.1,60.06680630369661,2025-10-02 15h49.22.707257 +0530,
-50,x,160,0,40,c,0,0.6824463999946602,None,40,0,160,0,,,,,457.89069599998766,,457.8750710999884,457.89069599998766,458.8739896999905,458.8739896999905,458.8739896999905,458.8739896999905,458.8905775999883,459.8739736999996,459.8739736999996,460.5578630999953,c,0,0.6824463999946602,None,,,,,pp4,001,2025-10-02_15h49.13.007,motor sequence,,2025.1.1,60.06680630369661,2025-10-02 15h49.22.707257 +0530,
150,v,161,1,40,v,1,0.7714152999978978,None,40,1,161,1,,,,,460.57399109999824,,460.5584991999931,460.57399109999824,461.55715219999547,461.55715219999547,461.55715219999547,461.55715219999547,461.5740032999893,462.5572453999921,462.5572453999921,463.3415446999861,v,1,0.7714152999978978,None,,,,,pp4,001,2025-10-02_15h49.13.007,motor sequence,,2025.1.1,60.06680630369661,2025-10-02 15h49.22.707257 +0530,
50,c,162,2,40,c,1,1.3733047999994596,None,40,2,162,2,,,,,463.357348599995,,463.3420355999988,463.357348599995,464.3406086999894,464.3406086999894,464.3406086999894,464.3406086999894,464.3573361999879,465.3571751999989,465.3571751999989,466.7413677999866,c,1,1.3733047999994596,None,,,,,pp4,001,2025-10-02_15h49.13.007,motor sequence,,2025.1.1,60.06680630369661,2025-10-02 15h49.22.707257 +0530,
-150,z,163,3,40,z,1,0.6968250999925658,None,40,3,163,3,,,,,466.757334599999,,466.7420446999895,466.757334599999,467.74054479999177,467.74054479999177,467.74054479999177,467.74054479999177,467.7572349999973,468.74058699999296,468.74058699999296,469.44125439999334,z,1,0.6968250999925658,None,,,,,pp4,001,2025-10-02_15h49.13.007,motor sequence,,2025.1.1,60.06680630369661,2025-10-02 15h49.22.707257 +0530,
-50,x,164,0,41,x,1,0.5915733000001637,None,41,0,164,0,,,,,469.4573126999894,,469.4416995999927,469.4573126999894,470.4406251999899,470.4406251999899,470.4406251999899,470.4406251999899,470.4572932999872,471.4406541999924,471.4406541999924,472.04177619999973,x,1,0.5915733000001637,None,,,,,pp4,001,2025-10-02_15h49.13.007,motor sequence,,2025.1.1,60.06680630369661,2025-10-02 15h49.22.707257 +0530,
150,v,165,1,41,v,1,0.49641760000668,None,41,1,165,1,,,,,472.05730679999397,,472.0423340999987,472.05730679999397,473.0572870999895,473.0572870999895,473.0572870999895,473.0572870999895,473.0572870999895,474.0571820999903,474.0571820999903,474.5575925999874,v,1,0.49641760000668,None,,,,,pp4,001,2025-10-02_15h49.13.007,motor sequence,,2025.1.1,60.06680630369661,2025-10-02 15h49.22.707257 +0530,
50,c,166,2,41,c,1,1.2111644000106025,None,41,2,166,2,,,,,474.57409379999444,,474.5580284999887,474.57409379999444,475.55737349999254,475.55737349999254,475.55737349999254,475.55737349999254,475.57393979998596,476.5571834999864,476.5571834999864,477.7744173999963,c,1,1.2111644000106025,None,,,,,pp4,001,2025-10-02_15h49.13.007,motor sequence,,2025.1.1,60.06680630369661,2025-10-02 15h49.22.707257 +0530,
-150,z,167,3,41,z,1,0.8129806999932043,None,41,3,167,3,,,,,477.7907153999986,,477.77484719999484,477.7907153999986,478.7740713999956,478.7740713999956,478.7740713999956,478.7740713999956,478.79065559999435,479.77402689999144,479.77402689999144,480.5914477999904,z,1,0.8129806999932043,None,,,,,pp4,001,2025-10-02_15h49.13.007,motor sequence,,2025.1.1,60.06680630369661,2025-10-02 15h49.22.707257 +0530,
-50,x,168,0,42,x,1,0.4995974000048591,None,42,0,168,0,,,,,480.6071901999967,,480.59207849999075,480.6071901999967,481.5905630999914,481.5905630999914,481.5905630999914,481.5905630999914,481.6071377999906,482.59063689998584,482.59063689998584,483.0915865999996,x,1,0.4995974000048591,None,,,,,pp4,001,2025-10-02_15h49.13.007,motor sequence,,2025.1.1,60.06680630369661,2025-10-02 15h49.22.707257 +0530,
150,v,169,1,42,v,1,0.6097478000010597,None,42,1,169,1,,,,,483.1073894999863,,483.09220939999796,483.1073894999863,484.0906227999949,484.0906227999949,484.0906227999949,484.0906227999949,484.1073264999868,485.0906912999926,485.0906912999926,485.707997599995,v,1,0.6097478000010597,None,,,,,pp4,001,2025-10-02_15h49.13.007,motor sequence,,2025.1.1,60.06680630369661,2025-10-02 15h49.22.707257 +0530,
50,c,170,2,42,c,1,0.8899127999902703,None,42,2,170,2,,,,,485.72399439998844,,485.7084695999947,485.72399439998844,486.7071997999883,486.7071997999883,486.7071997999883,486.7071997999883,486.72390829998767,487.70740139999543,487.70740139999543,488.607980899993,c,1,0.8899127999902703,None,,,,,pp4,001,2025-10-02_15h49.13.007,motor sequence,,2025.1.1,60.06680630369661,2025-10-02 15h49.22.707257 +0530,
-150,z,171,3,42,z,1,0.9362167999934172,None,42,3,171,3,,,,,488.6240157999855,,488.60840449998796,488.6240157999855,489.607276499999,489.607276499999,489.607276499999,489.607276499999,489.62395929999184,490.6071791999857,490.6071791999857,491.5581003999978,z,1,0.9362167999934172,None,,,,,pp4,001,2025-10-02_15h49.13.007,motor sequence,,2025.1.1,60.06680630369661,2025-10-02 15h49.22.707257 +0530,
-50,x,172,0,43,x,1,1.0958249999966938,None,43,0,172,0,,,,,491.5740913999907,,491.55878569999186,491.5740913999907,492.55724989999726,492.55724989999726,492.55724989999726,492.55724989999726,492.5739220999967,493.55726639999193,493.55726639999193,494.65965829999186,x,1,1.0958249999966938,None,,,,,pp4,001,2025-10-02_15h49.13.007,motor sequence,,2025.1.1,60.06680630369661,2025-10-02 15h49.22.707257 +0530,
150,v,173,1,43,v,1,1.0157865000073798,None,43,1,173,1,,,,,494.6740356999944,,494.6605500999867,494.6740356999944,495.6737906999915,495.6737906999915,495.6737906999915,495.6737906999915,495.6737906999915,496.6739045999857,496.6739045999857,497.6912546999956,v,1,1.0157865000073798,None,,,,,pp4,001,2025-10-02_15h49.13.007,motor sequence,,2025.1.1,60.06680630369661,2025-10-02 15h49.22.707257 +0530,
50,c,174,2,43,c,1,1.017316999990726,None,43,2,174,2,,,,,497.70706419998896,,497.69171939999796,497.70706419998896,498.69052699999884,498.69052699999884,498.69052699999884,498.69052699999884,498.70698069999344,499.6907516999927,499.6907516999927,500.7249152999866,c,1,1.017316999990726,None,,,,,pp4,001,2025-10-02_15h49.13.007,motor sequence,,2025.1.1,60.06680630369661,2025-10-02 15h49.22.707257 +0530,
-150,z,175,3,43,z,1,0.9472011000034399,None,43,3,175,3,,,,,500.7407108999905,,500.72565219999524,500.7407108999905,501.7405560999905,501.7405560999905,501.7405560999905,501.7405560999905,501.7405560999905,502.74054849999084,502.74054849999084,503.6915418999997,z,1,0.9472011000034399,None,,,,,pp4,001,2025-10-02_15h49.13.007,motor sequence,,2025.1.1,60.06680630369661,2025-10-02 15h49.22.707257 +0530,
-50,x,176,0,44,x,1,0.8505767000024207,None,44,0,176,0,,,,,503.7074251999875,,503.69199759999174,503.7074251999875,504.69068439998955,504.69068439998955,504.69068439998955,504.69068439998955,504.70720579999033,505.6908543999889,505.6908543999889,506.55802819998644,x,1,0.8505767000024207,None,,,,,pp4,001,2025-10-02_15h49.13.007,motor sequence,,2025.1.1,60.06680630369661,2025-10-02 15h49.22.707257 +0530,
150,v,177,1,44,v,1,0.5815020000009099,None,44,1,177,1,,,,,506.57405189999554,,506.55844459999935,506.57405189999554,507.5572883999994,507.5572883999994,507.5572883999994,507.5572883999994,507.5740720999893,508.55709919999936,508.55709919999936,509.14130769998883,v,1,0.5815020000009099,None,,,,,pp4,001,2025-10-02_15h49.13.007,motor sequence,,2025.1.1,60.06680630369661,2025-10-02 15h49.22.707257 +0530,
50,c,178,2,44,c,1,1.2437541999970563,None,44,2,178,2,,,,,509.15721589999157,,509.14177129999734,509.15721589999157,510.14066629999434,510.14066629999434,510.14066629999434,510.14066629999434,510.15717159998894,511.1406755999924,511.1406755999924,512.3911320999905,c,1,1.2437541999970563,None,,,,,pp4,001,2025-10-02_15h49.13.007,motor sequence,,2025.1.1,60.06680630369661,2025-10-02 15h49.22.707257 +0530,
-150,z,179,3,44,z,1,0.7707847999990918,None,44,3,179,3,,,,,512.4075567999971,,512.3915570999961,512.4075567999971,513.3907130999869,513.3907130999869,513.3907130999869,513.3907130999869,513.4072633999895,514.3906724999979,514.3906724999979,515.1745486,z,1,0.7707847999990918,None,,,,,pp4,001,2025-10-02_15h49.13.007,motor sequence,,2025.1.1,60.06680630369661,2025-10-02 15h49.22.707257 +0530,
-50,x,180,0,45,x,1,0.7827856000076281,None,45,0,180,0,,,,,515.1909159999923,,515.175325499993,515.1909159999923,516.1740595999872,516.1740595999872,516.1740595999872,516.1740595999872,516.1911801999959,517.1740053999965,517.1740053999965,517.9578577999928,x,1,0.7827856000076281,None,,,,,pp4,001,2025-10-02_15h49.13.007,motor sequence,,2025.1.1,60.06680630369661,2025-10-02 15h49.22.707257 +0530,
150,v,181,1,45,v,1,0.7671222000062698,None,45,1,181,1,,,,,517.9740872999973,,517.9581511999859,517.9740872999973,518.9573630999948,518.9573630999948,518.9573630999948,518.9573630999948,518.9740176999912,519.9575070999999,519.9575070999999,520.7413500999974,v,1,0.7671222000062698,None,,,,,pp4,001,2025-10-02_15h49.13.007,motor sequence,,2025.1.1,60.06680630369661,2025-10-02 15h49.22.707257 +0530,
50,c,182,2,45,c,1,1.2451776000089012,None,45,2,182,2,,,,,520.7572966999869,,520.7417295999912,520.7572966999869,521.740799399995,521.740799399995,521.740799399995,521.740799399995,521.7572308999952,522.7407611999952,522.7407611999952,523.9915002999915,c,1,1.2451776000089012,None,,,,,pp4,001,2025-10-02_15h49.13.007,motor sequence,,2025.1.1,60.06680630369661,2025-10-02 15h49.22.707257 +0530,
-150,z,183,3,45,z,1,0.7480472000024747,None,45,3,183,3,,,,,524.0072122999991,,523.9920668999985,524.0072122999991,524.9907071999914,524.9907071999914,524.9907071999914,524.9907071999914,525.0073955999978,525.990727499986,525.990727499986,526.7410720999906,z,1,0.7480472000024747,None,,,,,pp4,001,2025-10-02_15h49.13.007,motor sequence,,2025.1.1,60.06680630369661,2025-10-02 15h49.22.707257 +0530,
-50,x,184,0,46,x,1,0.9339282000000821,None,46,0,184,0,,,,,526.7573547999928,,526.7413737999887,526.7573547999928,527.7410877999937,527.7410877999937,527.7410877999937,527.7410877999937,527.7572163999866,528.7407542999863,528.7407542999863,529.6913696999982,x,1,0.9339282000000821,None,,,,,pp4,001,2025-10-02_15h49.13.007,motor sequence,,2025.1.1,60.06680630369661,2025-10-02 15h49.22.707257 +0530,
150,v,185,1,46,v,1,0.7519527000113158,None,46,1,185,1,,,,,529.7074078999867,,529.6918577999895,529.7074078999867,530.6906833999965,530.6906833999965,530.6906833999965,530.6906833999965,530.7072578999941,531.6907410999993,531.6907410999993,532.4582709999959,v,1,0.7519527000113158,None,,,,,pp4,001,2025-10-02_15h49.13.007,motor sequence,,2025.1.1,60.06680630369661,2025-10-02 15h49.22.707257 +0530,
50,c,186,2,46,c,1,2.617646800004877,None,46,2,186,2,,,,,532.4740380999865,,532.458977199989,532.4740380999865,533.4585884999979,533.4585884999979,533.4585884999979,533.4585884999979,533.4739835999935,534.4741119999962,534.4741119999962,537.108178399998,c,1,2.617646800004877,None,,,,,pp4,001,2025-10-02_15h49.13.007,motor sequence,,2025.1.1,60.06680630369661,2025-10-02 15h49.22.707257 +0530,
-150,z,187,3,46,z,1,1.5469243999978062,None,46,3,187,3,,,,,537.1242519999942,,537.1089333999989,537.1242519999942,538.1240540999861,538.1240540999861,538.1240540999861,538.1240540999861,538.1240540999861,539.10723709999,539.10723709999,540.6579906999978,z,1,1.5469243999978062,None,,,,,pp4,001,2025-10-02_15h49.13.007,motor sequence,,2025.1.1,60.06680630369661,2025-10-02 15h49.22.707257 +0530,
-50,x,188,0,47,x,1,1.0165929999930086,None,47,0,188,0,,,,,540.6740832999931,,540.6585659999982,540.6740832999931,541.6573146999872,541.6573146999872,541.6573146999872,541.6573146999872,541.6741051999998,542.6571126999916,542.6571126999916,543.6745560999989,x,1,1.0165929999930086,None,,,,,pp4,001,2025-10-02_15h49.13.007,motor sequence,,2025.1.1,60.06680630369661,2025-10-02 15h49.22.707257 +0530,
150,v,189,1,47,v,1,1.8740899999975227,None,47,1,189,1,,,,,543.6905700999923,,543.6749764999986,543.6905700999923,544.6740905999904,544.6740905999904,544.6740905999904,544.6740905999904,544.690611699989,545.6739980999992,545.6739980999992,547.5576987999957,v,1,1.8740899999975227,None,,,,,pp4,001,2025-10-02_15h49.13.007,motor sequence,,2025.1.1,60.06680630369661,2025-10-02 15h49.22.707257 +0530,
50,c,190,2,47,c,1,2.0452221000014106,None,47,2,190,2,,,,,547.5741790999891,,547.5582162999926,547.5741790999891,548.5572061999992,548.5572061999992,548.5572061999992,548.5572061999992,548.5739095999888,549.5575681999908,549.5575681999908,551.608158899995,c,1,2.0452221000014106,None,,,,,pp4,001,2025-10-02_15h49.13.007,motor sequence,,2025.1.1,60.06680630369661,2025-10-02 15h49.22.707257 +0530,
-150,z,191,3,47,z,1,0.7691559000086272,None,47,3,191,3,,,,,551.6241538999893,,551.6086556999944,551.6241538999893,552.6074210999941,552.6074210999941,552.6074210999941,552.6074210999941,552.6240914999944,553.6072822999995,553.6072822999995,554.3916966999968,z,1,0.7691559000086272,None,,,,,pp4,001,2025-10-02_15h49.13.007,motor sequence,,2025.1.1,60.06680630369661,2025-10-02 15h49.22.707257 +0530,
-50,x,192,0,48,x,1,1.278227999995579,None,48,0,192,0,,,,,554.4075283999991,,554.3921799999953,554.4075283999991,555.4074018999963,555.4074018999963,555.4074018999963,555.4074018999963,555.4074018999963,556.3913019999891,556.3913019999891,557.6744667999883,x,1,1.278227999995579,None,,,,,pp4,001,2025-10-02_15h49.13.007,motor sequence,,2025.1.1,60.06680630369661,2025-10-02 15h49.22.707257 +0530,
150,v,193,1,48,v,1,1.8322824999922886,None,48,1,193,1,,,,,557.6908342999959,,557.6749460999999,557.6908342999959,558.6740962999902,558.6740962999902,558.6740962999902,558.6740962999902,558.6906340999994,559.6740147999953,559.6740147999953,561.5078257999994,v,1,1.8322824999922886,None,,,,,pp4,001,2025-10-02_15h49.13.007,motor sequence,,2025.1.1,60.06680630369661,2025-10-02 15h49.22.707257 +0530,
50,c,194,2,48,c,1,1.5533986999944318,None,48,2,194,2,,,,,561.524165699986,,561.5081925999984,561.524165699986,562.5077100999915,562.5077100999915,562.5077100999915,562.5077100999915,562.5239627999981,563.5075870999863,563.5075870999863,565.0747864999867,c,1,1.5533986999944318,None,,,,,pp4,001,2025-10-02_15h49.13.007,motor sequence,,2025.1.1,60.06680630369661,2025-10-02 15h49.22.707257 +0530,
-150,z,195,3,48,z,1,0.8819680000015069,None,48,3,195,3,,,,,565.0907488999947,,565.0754277999949,565.0907488999947,566.0739375999983,566.0739375999983,566.0739375999983,566.0739375999983,566.0905492999882,567.0740878999932,567.0740878999932,567.9575324999896,z,1,0.8819680000015069,None,,,,,pp4,001,2025-10-02_15h49.13.007,motor sequence,,2025.1.1,60.06680630369661,2025-10-02 15h49.22.707257 +0530,
-50,x,196,0,49,x,1,1.274281100006192,None,49,0,196,0,,,,,567.9744286999921,,567.9578732999944,567.9744286999921,568.9575194999925,568.9575194999925,568.9575194999925,568.9575194999925,568.9740187999996,569.9572522999952,569.9572522999952,571.2416640999872,x,1,1.274281100006192,None,,,,,pp4,001,2025-10-02_15h49.13.007,motor sequence,,2025.1.1,60.06680630369661,2025-10-02 15h49.22.707257 +0530,
150,v,197,1,49,v,1,0.7214582000015071,None,49,1,197,1,,,,,571.2574490999978,,571.2423135999998,571.2574490999978,572.2572868999996,572.2572868999996,572.2572868999996,572.2572868999996,572.2572868999996,573.2572629999922,573.2572629999922,573.9913607999915,v,1,0.7214582000015071,None,,,,,pp4,001,2025-10-02_15h49.13.007,motor sequence,,2025.1.1,60.06680630369661,2025-10-02 15h49.22.707257 +0530,
50,c,198,2,49,c,1,1.0777509000035934,None,49,2,198,2,,,,,574.0077680999966,,573.9918409999955,574.0077680999966,574.9905738999951,574.9905738999951,574.9905738999951,574.9905738999951,575.0074685999862,575.9906113999896,575.9906113999896,577.0745953999867,c,1,1.0777509000035934,None,,,,,pp4,001,2025-10-02_15h49.13.007,motor sequence,,2025.1.1,60.06680630369661,2025-10-02 15h49.22.707257 +0530,
-150,z,199,3,49,z,1,0.8642587000067579,None,49,3,199,3,,,,,577.0907564999943,,577.0749851999863,577.0907564999943,578.0741035999963,578.0741035999963,578.0741035999963,578.0741035999963,578.0906670999975,579.0741610999976,579.0741610999976,579.941072799993,z,1,0.8642587000067579,None,,,,,pp4,001,2025-10-02_15h49.13.007,motor sequence,,2025.1.1,60.06680630369661,2025-10-02 15h49.22.707257 +0530,
-150,z,0,0,0,z,1,0.7675887999939732,None,,,,,0,0,0,3,579.9572646999877,,579.9522018999996,579.9572646999877,580.9406278999959,580.9406278999959,580.9406278999959,580.9406278999959,580.9574471999949,581.9406416999991,581.9406416999991,582.7249893999979,,,,,z,1,0.7675887999939732,None,pp4,001,2025-10-02_15h49.13.007,motor sequence,,2025.1.1,60.06680630369661,2025-10-02 15h49.22.707257 +0530,
-50,x,1,1,0,x,1,0.7637608999939403,None,,,,,0,1,1,0,582.7407903999992,,582.7254940999992,582.7407903999992,583.7241281999886,583.7241281999886,583.7241281999886,583.7241281999886,583.7406276999973,584.7239054999955,584.7239054999955,585.4933528999973,,,,,x,1,0.7637608999939403,None,pp4,001,2025-10-02_15h49.13.007,motor sequence,,2025.1.1,60.06680630369661,2025-10-02 15h49.22.707257 +0530,
-150,z,2,2,1,z,1,0.9374009999883128,None,,,,,1,2,2,3,585.5074566999974,,585.4945768999896,585.5074566999974,586.5074500999908,586.5074500999908,586.5074500999908,586.5074500999908,586.5074500999908,587.5072841999936,587.5072841999936,588.4581064999948,,,,,z,1,0.9374009999883128,None,pp4,001,2025-10-02_15h49.13.007,motor sequence,,2025.1.1,60.06680630369661,2025-10-02 15h49.22.707257 +0530,
-150,z,3,3,2,z,1,0.8983516000007512,None,,,,,2,3,3,3,588.4741466999985,,588.4586263999954,588.4741466999985,589.4574244999967,589.4574244999967,589.4574244999967,589.4574244999967,589.4741156999953,590.4574337999948,590.4574337999948,591.3579421999893,,,,,z,1,0.8983516000007512,None,pp4,001,2025-10-02_15h49.13.007,motor sequence,,2025.1.1,60.06680630369661,2025-10-02 15h49.22.707257 +0530,
-50,x,4,4,1,x,1,0.7919740999932401,None,,,,,1,4,4,0,591.3742135999928,,591.3584159999882,591.3742135999928,592.3573665999866,592.3573665999866,592.3573665999866,592.3573665999866,592.3741352999932,593.3572537999862,593.3572537999862,594.1583000999963,,,,,x,1,0.7919740999932401,None,pp4,001,2025-10-02_15h49.13.007,motor sequence,,2025.1.1,60.06680630369661,2025-10-02 15h49.22.707257 +0530,
150,v,5,5,0,v,1,0.7489461999939522,None,,,,,0,5,5,1,594.174205999996,,594.1590286999999,594.174205999996,595.1575557999895,595.1575557999895,595.1575557999895,595.1575557999895,595.1740815999947,596.1740365999867,596.1740365999867,596.9246427999897,,,,,v,1,0.7489461999939522,None,pp4,001,2025-10-02_15h49.13.007,motor sequence,,2025.1.1,60.06680630369661,2025-10-02 15h49.22.707257 +0530,
-50,x,6,6,2,x,1,0.5812600999925053,None,,,,,2,6,6,0,596.9406923999923,,596.9249189999973,596.9406923999923,597.9241069999989,597.9241069999989,597.9241069999989,597.9241069999989,597.9407434999885,598.9240742999973,598.9240742999973,599.5079611999972,,,,,x,1,0.5812600999925053,None,pp4,001,2025-10-02_15h49.13.007,motor sequence,,2025.1.1,60.06680630369661,2025-10-02 15h49.22.707257 +0530,
-150,z,7,7,3,z,1,0.9351486999948975,None,,,,,3,7,7,3,599.5241717999888,,599.5083053999988,599.5241717999888,600.507334799986,600.507334799986,600.507334799986,600.507334799986,600.5241147999914,601.5072693999973,601.5072693999973,602.4578570999875,,,,,z,1,0.9351486999948975,None,pp4,001,2025-10-02_15h49.13.007,motor sequence,,2025.1.1,60.06680630369661,2025-10-02 15h49.22.707257 +0530,
150,v,8,8,1,v,1,0.6642390000051819,None,,,,,1,8,8,1,602.4743031999969,,602.4581269999908,602.4743031999969,603.4574233999883,603.4574233999883,603.4574233999883,603.4574233999883,603.4742302999948,604.4571888999926,604.4571888999926,605.1249705999944,,,,,v,1,0.6642390000051819,None,pp4,001,2025-10-02_15h49.13.007,motor sequence,,2025.1.1,60.06680630369661,2025-10-02 15h49.22.707257 +0530,
50,c,9,9,0,c,1,1.4563736999989487,None,,,,,0,9,9,2,605.1406616999884,,605.1255814999895,605.1406616999884,606.1410240999976,606.1410240999976,606.1410240999976,606.1410240999976,606.1410240999976,607.1412025999889,607.1412025999889,608.6081946999911,,,,,c,1,1.4563736999989487,None,pp4,001,2025-10-02_15h49.13.007,motor sequence,,2025.1.1,60.06680630369661,2025-10-02 15h49.22.707257 +0530,
150,v,10,10,2,v,1,0.7708028000051854,None,,,,,2,10,10,1,608.6241115999874,,608.6090132999961,608.6241115999874,609.6071824999963,609.6071824999963,609.6071824999963,609.6071824999963,609.6240773999889,610.6074556999956,610.6074556999956,611.3921944999893,,,,,v,1,0.7708028000051854,None,pp4,001,2025-10-02_15h49.13.007,motor sequence,,2025.1.1,60.06680630369661,2025-10-02 15h49.22.707257 +0530,
-150,z,11,11,4,z,1,0.8675126000016462,None,,,,,4,11,11,3,611.4075486999936,,611.393307499995,611.4075486999936,612.407169099999,612.407169099999,612.407169099999,612.407169099999,612.407169099999,613.4072682999977,613.4072682999977,614.291338199997,,,,,z,1,0.8675126000016462,None,pp4,001,2025-10-02_15h49.13.007,motor sequence,,2025.1.1,60.06680630369661,2025-10-02 15h49.22.707257 +0530,
150,v,12,12,3,v,1,0.6978525999875274,None,,,,,3,12,12,1,614.3075284999941,,614.2917613999889,614.3075284999941,615.2908643999981,615.2908643999981,615.2908643999981,615.2908643999981,615.3075215999997,616.2914778999984,616.2914778999984,616.9911515999993,,,,,v,1,0.6978525999875274,None,pp4,001,2025-10-02_15h49.13.007,motor sequence,,2025.1.1,60.06680630369661,2025-10-02 15h49.22.707257 +0530,
150,v,13,13,4,v,1,1.8404264999990119,None,,,,,4,13,13,1,617.0069798999903,,616.991474399998,617.0069798999903,617.9908419999992,617.9908419999992,617.9908419999992,617.9908419999992,618.007471799996,618.9907842999964,618.9907842999964,620.8410582999932,,,,,v,1,1.8404264999990119,None,pp4,001,2025-10-02_15h49.13.007,motor sequence,,2025.1.1,60.06680630369661,2025-10-02 15h49.22.707257 +0530,
-50,x,14,14,3,x,1,1.0106899999955203,None,,,,,3,14,14,0,620.8573949999991,,620.841445699989,620.8573949999991,621.8409131999942,621.8409131999942,621.8409131999942,621.8409131999942,621.8572479999857,622.84118209999,622.84118209999,623.8580922999972,,,,,x,1,1.0106899999955203,None,pp4,001,2025-10-02_15h49.13.007,motor sequence,,2025.1.1,60.06680630369661,2025-10-02 15h49.22.707257 +0530,
-50,x,15,15,4,x,1,0.6884948000079021,None,,,,,4,15,15,0,623.8744837999984,,623.8585552999866,623.8744837999984,624.8573149999866,624.8573149999866,624.8573149999866,624.8573149999866,624.8742025999964,625.8572874999954,625.8572874999954,626.5577874999872,,,,,x,1,0.6884948000079021,None,pp4,001,2025-10-02_15h49.13.007,motor sequence,,2025.1.1,60.06680630369661,2025-10-02 15h49.22.707257 +0530,
-50,x,16,16,5,x,1,0.4898638000013307,None,,,,,5,16,16,0,626.5741902999871,,626.5580056999897,626.5741902999871,627.557407299988,627.557407299988,627.557407299988,627.557407299988,627.5741638999898,628.5574359999882,628.5574359999882,629.0574823999923,,,,,x,1,0.4898638000013307,None,pp4,001,2025-10-02_15h49.13.007,motor sequence,,2025.1.1,60.06680630369661,2025-10-02 15h49.22.707257 +0530,
-50,x,17,17,6,x,1,0.5870078999869293,None,,,,,6,17,17,0,629.0740071999899,,629.0577085999976,629.0740071999899,630.0571684999886,630.0571684999886,630.0571684999886,630.0571684999886,630.0746930999885,631.057407299988,631.057407299988,631.6581581999926,,,,,x,1,0.5870078999869293,None,pp4,001,2025-10-02_15h49.13.007,motor sequence,,2025.1.1,60.06680630369661,2025-10-02 15h49.22.707257 +0530,
-50,x,18,18,7,x,1,0.41127729999425355,None,,,,,7,18,18,0,631.6747622999974,,631.6586566999904,631.6747622999974,632.6574819999951,632.6574819999951,632.6574819999951,632.6574819999951,632.6741974999895,633.6573045999976,633.6573045999976,634.0748021999898,,,,,x,1,0.41127729999425355,None,pp4,001,2025-10-02_15h49.13.007,motor sequence,,2025.1.1,60.06680630369661,2025-10-02 15h49.22.707257 +0530,
150,v,19,19,5,v,1,0.5494571000017459,None,,,,,5,19,19,1,634.0910278999945,,634.0753065999888,634.0910278999945,635.0742156999913,635.0742156999913,635.0742156999913,635.0742156999913,635.0909199999878,636.0740733999992,636.0740733999992,636.6248042999941,,,,,v,1,0.5494571000017459,None,pp4,001,2025-10-02_15h49.13.007,motor sequence,,2025.1.1,60.06680630369661,2025-10-02 15h49.22.707257 +0530,
-50,x,20,20,8,x,1,0.729897199998959,None,,,,,8,20,20,0,636.6407632999908,,636.625263599999,636.6407632999908,637.624084799987,637.624084799987,637.624084799987,637.624084799987,637.6407569999865,638.6240332999878,638.6240332999878,639.3582614999905,,,,,x,1,0.729897199998959,None,pp4,001,2025-10-02_15h49.13.007,motor sequence,,2025.1.1,60.06680630369661,2025-10-02 15h49.22.707257 +0530,
-150,z,21,21,5,z,1,0.8819166000030236,None,,,,,5,21,21,3,639.3740610999957,,639.3587363999977,639.3740610999957,640.3573757999984,640.3573757999984,640.3573757999984,640.3573757999984,640.374083799994,641.3573998999927,641.3573998999927,642.2413452999899,,,,,z,1,0.8819166000030236,None,pp4,001,2025-10-02_15h49.13.007,motor sequence,,2025.1.1,60.06680630369661,2025-10-02 15h49.22.707257 +0530,
50,c,22,22,1,c,1,0.5489298000029521,None,,,,,1,22,22,2,642.2573348999867,,642.2417897999985,642.2573348999867,643.2407226999931,643.2407226999931,643.2407226999931,643.2407226999931,643.2572524999996,644.2407757999899,644.2407757999899,644.7915409999987,,,,,c,1,0.5489298000029521,None,pp4,001,2025-10-02_15h49.13.007,motor sequence,,2025.1.1,60.06680630369661,2025-10-02 15h49.22.707257 +0530,
-150,z,23,23,6,z,1,0.543041800003266,None,,,,,6,23,23,3,644.8075454999926,,644.7920231999888,644.8075454999926,645.7908782999875,645.7908782999875,645.7908782999875,645.7908782999875,645.8072902999993,646.8077871999994,646.8077871999994,647.3581024999876,,,,,z,1,0.543041800003266,None,pp4,001,2025-10-02_15h49.13.007,motor sequence,,2025.1.1,60.06680630369661,2025-10-02 15h49.22.707257 +0530,
50,c,24,24,2,c,1,0.8109961000009207,None,,,,,2,24,24,2,647.3740956999973,,647.3585617999925,647.3740956999973,648.3574152999936,648.3574152999936,648.3574152999936,648.3574152999936,648.3740676999878,649.3573302999866,649.3573302999866,650.1746997999871,,,,,c,1,0.8109961000009207,None,pp4,001,2025-10-02_15h49.13.007,motor sequence,,2025.1.1,60.06680630369661,2025-10-02 15h49.22.707257 +0530,
-50,x,25,25,9,x,1,1.3124519999983022,None,,,,,9,25,25,0,650.1907607999892,,650.1751559999975,650.1907607999892,651.1741039999906,651.1741039999906,651.1741039999906,651.1741039999906,651.1908852999914,652.174136799993,652.174136799993,653.4918211999902,,,,,x,1,1.3124519999983022,None,pp4,001,2025-10-02_15h49.13.007,motor sequence,,2025.1.1,60.06680630369661,2025-10-02 15h49.22.707257 +0530,
-150,z,26,26,7,z,1,0.7353115000005346,None,,,,,7,26,26,3,653.5074067999958,,653.4925174999953,653.5074067999958,654.5072204999888,654.5072204999888,654.5072204999888,654.5072204999888,654.5072204999888,655.5078701999882,655.5078701999882,656.2580494999856,,,,,z,1,0.7353115000005346,None,pp4,001,2025-10-02_15h49.13.007,motor sequence,,2025.1.1,60.06680630369661,2025-10-02 15h49.22.707257 +0530,
50,c,27,27,3,c,1,1.454578799995943,None,,,,,3,27,27,2,656.2742154999869,,656.2585226999945,656.2742154999869,657.2577174999897,657.2577174999897,657.2577174999897,657.2577174999897,657.2741539999988,658.2573471999931,658.2573471999931,659.7248972999951,,,,,c,1,1.454578799995943,None,pp4,001,2025-10-02_15h49.13.007,motor sequence,,2025.1.1,60.06680630369661,2025-10-02 15h49.22.707257 +0530,
150,v,28,28,6,v,1,0.5953069999959553,None,,,,,6,28,28,1,659.7407886999863,,659.725566699999,659.7407886999863,660.7243048999953,660.7243048999953,660.7243048999953,660.7243048999953,660.7406929999997,661.7407685999933,661.7407685999933,662.3410708999872,,,,,v,1,0.5953069999959553,None,pp4,001,2025-10-02_15h49.13.007,motor sequence,,2025.1.1,60.06680630369661,2025-10-02 15h49.22.707257 +0530,
-50,x,29,29,10,x,1,0.9214556999941124,None,,,,,10,29,29,0,662.3573371999955,,662.3413355999946,662.3573371999955,663.340878899995,663.340878899995,663.340878899995,663.340878899995,663.3572905999899,664.3408455999888,664.3408455999888,665.2748583999928,,,,,x,1,0.9214556999941124,None,pp4,001,2025-10-02_15h49.13.007,motor sequence,,2025.1.1,60.06680630369661,2025-10-02 15h49.22.707257 +0530,
50,c,30,30,4,c,1,1.1289202000043588,None,,,,,4,30,30,2,665.2909961999976,,665.2753480999963,665.2909961999976,666.2742346999876,666.2742346999876,666.2742346999876,666.2742346999876,666.2908137999912,667.2747516999952,667.2747516999952,668.4081716999935,,,,,c,1,1.1289202000043588,None,pp4,001,2025-10-02_15h49.13.007,motor sequence,,2025.1.1,60.06680630369661,2025-10-02 15h49.22.707257 +0530,
-50,x,31,31,11,x,1,0.8666991999925813,None,,,,,11,31,31,0,668.424142799995,,668.4086165999906,668.424142799995,669.4072855999984,669.4072855999984,669.4072855999984,669.4072855999984,669.4241870999977,670.4074335999903,670.4074335999903,671.2751545999927,,,,,x,1,0.8666991999925813,None,pp4,001,2025-10-02_15h49.13.007,motor sequence,,2025.1.1,60.06680630369661,2025-10-02 15h49.22.707257 +0530,
50,c,32,32,5,c,1,0.7268843000056222,None,,,,,5,32,32,2,671.2911428999942,,671.2756294999999,671.2911428999942,672.2907385999861,672.2907385999861,672.2907385999861,672.2907385999861,672.2907385999861,673.2906090999895,673.2906090999895,674.025210199994,,,,,c,1,0.7268843000056222,None,pp4,001,2025-10-02_15h49.13.007,motor sequence,,2025.1.1,60.06680630369661,2025-10-02 15h49.22.707257 +0530,
150,v,33,33,7,v,1,0.620239700001548,None,,,,,7,33,33,1,674.0409542999987,,674.0256802999938,674.0409542999987,675.0408033999993,675.0408033999993,675.0408033999993,675.0408033999993,675.0408033999993,676.0412364999938,676.0412364999938,676.674786299991,,,,,v,1,0.620239700001548,None,pp4,001,2025-10-02_15h49.13.007,motor sequence,,2025.1.1,60.06680630369661,2025-10-02 15h49.22.707257 +0530,
150,v,34,34,8,v,1,0.5398838999972213,None,,,,,8,34,34,1,676.691187199991,,676.6752458999981,676.691187199991,677.6743256999907,677.6743256999907,677.6743256999907,677.6743256999907,677.6909171999869,678.6741096999904,678.6741096999904,679.2247342999908,,,,,v,1,0.5398838999972213,None,pp4,001,2025-10-02_15h49.13.007,motor sequence,,2025.1.1,60.06680630369661,2025-10-02 15h49.22.707257 +0530,
-50,x,35,35,12,x,1,1.5353256999951554,None,,,,,12,35,35,0,679.2407134999958,,679.2253642999858,679.2407134999958,680.2242319999932,680.2242319999932,680.2242319999932,680.2242319999932,680.240716299988,681.2240781999863,681.2240781999863,682.7744638999866,,,,,x,1,1.5353256999951554,None,pp4,001,2025-10-02_15h49.13.007,motor sequence,,2025.1.1,60.06680630369661,2025-10-02 15h49.22.707257 +0530,
-50,x,36,36,13,x,1,0.848165000003064,None,,,,,13,36,36,0,682.7907653999864,,682.7747939999972,682.7907653999864,683.7740275999968,683.7740275999968,683.7740275999968,683.7740275999968,683.7907383999991,684.7740383999917,684.7740383999917,685.6249808999855,,,,,x,1,0.848165000003064,None,pp4,001,2025-10-02_15h49.13.007,motor sequence,,2025.1.1,60.06680630369661,2025-10-02 15h49.22.707257 +0530,
-50,x,37,37,14,x,1,0.5402704000007361,None,,,,,14,37,37,0,685.6408917999943,,685.6256746999861,685.6408917999943,686.640671199988,686.640671199988,686.640671199988,686.640671199988,686.640671199988,687.624133099991,687.624133099991,688.1752470999927,,,,,x,1,0.5402704000007361,None,pp4,001,2025-10-02_15h49.13.007,motor sequence,,2025.1.1,60.06680630369661,2025-10-02 15h49.22.707257 +0530,
-150,z,38,38,8,z,1,0.7453275000007125,None,,,,,8,38,38,3,688.1909016999998,,688.1757273999974,688.1909016999998,689.1908109999931,689.1908109999931,689.1908109999931,689.1908109999931,689.1908109999931,690.1908097999985,690.1908097999985,690.9413808999961,,,,,z,1,0.7453275000007125,None,pp4,001,2025-10-02_15h49.13.007,motor sequence,,2025.1.1,60.06680630369661,2025-10-02 15h49.22.707257 +0530,
-150,z,39,39,9,z,1,0.5528121999959694,None,,,,,9,39,39,3,690.9574933999975,,690.941819899992,690.9574933999975,691.9406575999892,691.9406575999892,691.9406575999892,691.9406575999892,691.9573013999907,692.9408286999969,692.9408286999969,693.5078875999898,,,,,z,1,0.5528121999959694,None,pp4,001,2025-10-02_15h49.13.007,motor sequence,,2025.1.1,60.06680630369661,2025-10-02 15h49.22.707257 +0530,
150,v,40,40,9,v,1,0.6733270999975502,None,,,,,9,40,40,1,693.5239951999974,,693.5083349999913,693.5239951999974,694.5072067999863,694.5072067999863,694.5072067999863,694.5072067999863,694.5240200999979,695.5072285999922,695.5072285999922,696.1916854999872,,,,,v,1,0.6733270999975502,None,pp4,001,2025-10-02_15h49.13.007,motor sequence,,2025.1.1,60.06680630369661,2025-10-02 15h49.22.707257 +0530,
-150,z,41,41,10,z,1,0.6210186000098474,None,,,,,10,41,41,3,696.20747139999,,696.1921566999954,696.20747139999,697.190903499999,697.190903499999,697.190903499999,697.190903499999,697.2072725999897,698.2075380999886,698.2075380999886,698.8416993999999,,,,,z,1,0.6210186000098474,None,pp4,001,2025-10-02_15h49.13.007,motor sequence,,2025.1.1,60.06680630369661,2025-10-02 15h49.22.707257 +0530,
150,v,42,42,10,v,1,0.7417674000025727,None,,,,,10,42,42,1,698.8574651999952,,698.8425891999941,698.8574651999952,699.8409094999952,699.8409094999952,699.8409094999952,699.8409094999952,699.8574598999985,700.8409172999964,700.8409172999964,701.5917064999958,,,,,v,1,0.7417674000025727,None,pp4,001,2025-10-02_15h49.13.007,motor sequence,,2025.1.1,60.06680630369661,2025-10-02 15h49.22.707257 +0530,
50,c,43,43,6,c,1,1.3839768000034383,None,,,,,6,43,43,2,701.6077110999904,,701.5921995999961,701.6077110999904,702.5908562999975,702.5908562999975,702.5908562999975,702.5908562999975,702.6074964999862,703.590816099997,703.590816099997,704.9912249999907,,,,,c,1,1.3839768000034383,None,pp4,001,2025-10-02_15h49.13.007,motor sequence,,2025.1.1,60.06680630369661,2025-10-02 15h49.22.707257 +0530,
50,c,44,44,7,c,1,0.48593110000365414,None,,,,,7,44,44,2,705.0075095999928,,704.9915401999897,705.0075095999928,705.9908441999869,705.9908441999869,705.9908441999869,705.9908441999869,706.0073331999884,706.9908301999967,706.9908301999967,707.4914416999964,,,,,c,1,0.48593110000365414,None,pp4,001,2025-10-02_15h49.13.007,motor sequence,,2025.1.1,60.06680630369661,2025-10-02 15h49.22.707257 +0530,
-50,x,45,45,15,x,1,1.2865903000056278,None,,,,,15,45,45,0,707.5074203999975,,707.4919191999943,707.5074203999975,708.4908471999952,708.4908471999952,708.4908471999952,708.4908471999952,708.5078326999937,709.4909050999995,709.4909050999995,710.7916414999927,,,,,x,1,1.2865903000056278,None,pp4,001,2025-10-02_15h49.13.007,motor sequence,,2025.1.1,60.06680630369661,2025-10-02 15h49.22.707257 +0530,
150,v,46,46,11,v,1,0.7221217000042088,None,,,,,11,46,46,1,710.807636499987,,710.7921519999945,710.807636499987,711.7909194999957,711.7909194999957,711.7909194999957,711.7909194999957,711.8078025999857,712.7908572999877,712.7908572999877,713.5248197999899,,,,,v,1,0.7221217000042088,None,pp4,001,2025-10-02_15h49.13.007,motor sequence,,2025.1.1,60.06680630369661,2025-10-02 15h49.22.707257 +0530,
150,v,47,47,12,v,1,0.5907365000020945,None,,,,,12,47,47,1,713.5409474999906,,713.5252816999855,713.5409474999906,714.5242104999925,714.5242104999925,714.5242104999925,714.5242104999925,714.5408337999979,715.5240439999907,715.5240439999907,716.1251123999973,,,,,v,1,0.5907365000020945,None,pp4,001,2025-10-02_15h49.13.007,motor sequence,,2025.1.1,60.06680630369661,2025-10-02 15h49.22.707257 +0530,
150,v,48,48,13,v,1,0.6008426999906078,None,,,,,13,48,48,1,716.1409860999993,,716.1255736999883,716.1409860999993,717.1408133999939,717.1408133999939,717.1408133999939,717.1408133999939,717.1408133999939,718.1407300999999,718.1407300999999,718.758333299993,,,,,v,1,0.6008426999906078,None,pp4,001,2025-10-02_15h49.13.007,motor sequence,,2025.1.1,60.06680630369661,2025-10-02 15h49.22.707257 +0530,
-150,z,49,49,11,z,1,1.0676049000030616,None,,,,,11,49,49,3,718.7742243999965,,718.7587917999917,718.7742243999965,719.7574375999975,719.7574375999975,719.7574375999975,719.7574375999975,719.7741142999876,720.7574420999881,720.7574420999881,721.8413521999901,,,,,z,1,1.0676049000030616,None,pp4,001,2025-10-02_15h49.13.007,motor sequence,,2025.1.1,60.06680630369661,2025-10-02 15h49.22.707257 +0530,
-150,z,50,50,12,z,1,0.8240618000127142,None,,,,,12,50,50,3,721.8574587999901,,721.8417904999951,721.8574587999901,722.840827299995,722.840827299995,722.840827299995,722.840827299995,722.8574168999912,723.8407373999944,723.8407373999944,724.6747813999973,,,,,z,1,0.8240618000127142,None,pp4,001,2025-10-02_15h49.13.007,motor sequence,,2025.1.1,60.06680630369661,2025-10-02 15h49.22.707257 +0530,
-50,x,51,51,16,x,1,0.7642977999930736,None,,,,,16,51,51,0,724.6906989999989,,724.6752314999903,724.6906989999989,725.6741285999888,725.6741285999888,725.6741285999888,725.6741285999888,725.6908559999865,726.6907265999907,726.6907265999907,727.4581163999974,,,,,x,1,0.7642977999930736,None,pp4,001,2025-10-02_15h49.13.007,motor sequence,,2025.1.1,60.06680630369661,2025-10-02 15h49.22.707257 +0530,
150,v,52,52,14,v,1,0.5202499000006355,None,,,,,14,52,52,1,727.4740368999919,,727.4587190999882,727.4740368999919,728.4574530999962,728.4574530999962,728.4574530999962,728.4574530999962,728.4738392999861,729.4571952999977,729.4571952999977,729.9914493999968,,,,,v,1,0.5202499000006355,None,pp4,001,2025-10-02_15h49.13.007,motor sequence,,2025.1.1,60.06680630369661,2025-10-02 15h49.22.707257 +0530,
50,c,53,53,8,c,1,1.2185656000074232,None,,,,,8,53,53,2,730.0074716999952,,729.9919691999967,730.0074716999952,730.9907049999892,730.9907049999892,730.9907049999892,730.9907049999892,731.0074711999914,731.9908587999962,731.9908587999962,733.2244756999862,,,,,c,1,1.2185656000074232,None,pp4,001,2025-10-02_15h49.13.007,motor sequence,,2025.1.1,60.06680630369661,2025-10-02 15h49.22.707257 +0530,
50,c,54,54,9,c,1,0.5699998999916716,None,,,,,9,54,54,2,733.2407955999952,,733.2248021999985,733.2407955999952,734.2242606999935,734.2242606999935,734.2242606999935,734.2242606999935,734.2408396999963,735.2241245999903,735.2241245999903,735.8080894999875,,,,,c,1,0.5699998999916716,None,pp4,001,2025-10-02_15h49.13.007,motor sequence,,2025.1.1,60.06680630369661,2025-10-02 15h49.22.707257 +0530,
50,c,55,55,10,c,1,0.9808584999991581,None,,,,,10,55,55,2,735.8242805999907,,735.8085543999914,735.8242805999907,736.8074152999907,736.8074152999907,736.8074152999907,736.8074152999907,736.8240815999889,737.8077279999998,737.8077279999998,738.7915790999978,,,,,c,1,0.9808584999991581,None,pp4,001,2025-10-02_15h49.13.007,motor sequence,,2025.1.1,60.06680630369661,2025-10-02 15h49.22.707257 +0530,
-150,z,56,56,13,z,1,1.0607571000000462,None,,,,,13,56,56,3,738.807404799998,,738.7922414999921,738.807404799998,739.7910232999857,739.7910232999857,739.7910232999857,739.7910232999857,739.8077970999875,740.7908593999891,740.7908593999891,741.8590156999999,,,,,z,1,1.0607571000000462,None,pp4,001,2025-10-02_15h49.13.007,motor sequence,,2025.1.1,60.06680630369661,2025-10-02 15h49.22.707257 +0530,
150,v,57,57,15,v,1,0.6948446000023978,None,,,,,15,57,57,1,741.8743231999979,,741.8595196999959,741.8743231999979,742.8741388999915,742.8741388999915,742.8741388999915,742.8741388999915,742.8741388999915,743.874110299992,743.874110299992,744.5746269999945,,,,,v,1,0.6948446000023978,None,pp4,001,2025-10-02_15h49.13.007,motor sequence,,2025.1.1,60.06680630369661,2025-10-02 15h49.22.707257 +0530,
50,c,58,58,11,c,1,1.0473953000037,None,,,,,11,58,58,2,744.5906997999991,,744.5751204999979,744.5906997999991,745.5742526999966,745.5742526999966,745.5742526999966,745.5742526999966,745.590844099992,746.5742280999984,746.5742280999984,747.6248830999975,,,,,c,1,1.0473953000037,None,pp4,001,2025-10-02_15h49.13.007,motor sequence,,2025.1.1,60.06680630369661,2025-10-02 15h49.22.707257 +0530,
-50,x,59,59,17,x,1,0.8796091000112938,None,,,,,17,59,59,0,747.640899799997,,747.6253459999862,747.640899799997,748.6247650999867,748.6247650999867,748.6247650999867,748.6247650999867,748.6407697999966,749.6242060999939,749.6242060999939,750.5081562999985,,,,,x,1,0.8796091000112938,None,pp4,001,2025-10-02_15h49.13.007,motor sequence,,2025.1.1,60.06680630369661,2025-10-02 15h49.22.707257 +0530,
-50,x,60,60,18,x,1,0.46801050000067335,None,,,,,18,60,60,0,750.5243031999998,,750.5086035999993,750.5243031999998,751.507460599998,751.507460599998,751.507460599998,751.507460599998,751.5241206999926,752.507461199988,752.507461199988,752.9915379999875,,,,,x,1,0.46801050000067335,None,pp4,001,2025-10-02_15h49.13.007,motor sequence,,2025.1.1,60.06680630369661,2025-10-02 15h49.22.707257 +0530,
150,v,61,61,16,v,1,0.7870751000009477,None,,,,,16,61,61,1,753.0075145999872,,752.9918049999978,753.0075145999872,753.990922099998,753.990922099998,753.990922099998,753.990922099998,754.0073242999933,754.9907232999976,754.9907232999976,755.7913289999997,,,,,v,1,0.7870751000009477,None,pp4,001,2025-10-02_15h49.13.007,motor sequence,,2025.1.1,60.06680630369661,2025-10-02 15h49.22.707257 +0530,
-50,x,62,62,19,x,1,0.8001358999899821,None,,,,,19,62,62,0,755.8074798999878,,755.7918681999872,755.8074798999878,756.8484169999865,756.8484169999865,756.8484169999865,756.8484169999865,756.8502680999954,757.7907705999969,757.7907705999969,758.6077077999944,,,,,x,1,0.8001358999899821,None,pp4,001,2025-10-02_15h49.13.007,motor sequence,,2025.1.1,60.06680630369661,2025-10-02 15h49.22.707257 +0530,
50,c,63,63,12,c,1,1.3059502999967663,None,,,,,12,63,63,2,758.62420749999,,758.6080027999997,758.62420749999,759.6075368999882,759.6075368999882,759.6075368999882,759.6075368999882,759.6242160999973,760.6074634999968,760.6074634999968,761.924821499997,,,,,c,1,1.3059502999967663,None,pp4,001,2025-10-02_15h49.13.007,motor sequence,,2025.1.1,60.06680630369661,2025-10-02 15h49.22.707257 +0530,
50,c,64,64,13,c,1,0.9210253000055673,None,,,,,13,64,64,2,761.940886899989,,761.9252829999896,761.940886899989,762.9241578999936,762.9241578999936,762.9241578999936,762.9241578999936,762.9407859999919,763.9241621999972,763.9241621999972,764.8582042999915,,,,,c,1,0.9210253000055673,None,pp4,001,2025-10-02_15h49.13.007,motor sequence,,2025.1.1,60.06680630369661,2025-10-02 15h49.22.707257 +0530,
150,v,65,65,17,v,1,0.549044600003981,None,,,,,17,65,65,1,764.8742364999925,,764.8586407999974,764.8742364999925,765.8578232999862,765.8578232999862,765.8578232999862,765.8578232999862,765.874149899988,766.8578916999977,766.8578916999977,767.408039899994,,,,,v,1,0.549044600003981,None,pp4,001,2025-10-02_15h49.13.007,motor sequence,,2025.1.1,60.06680630369661,2025-10-02 15h49.22.707257 +0530,
-50,x,66,66,20,x,1,0.9892459999973653,None,,,,,20,66,66,0,767.4242026999855,,767.4085313999967,767.4242026999855,768.4075537999888,768.4075537999888,768.4075537999888,768.4075537999888,768.424139499999,769.4075370999926,769.4075370999926,770.4082248999912,,,,,x,1,0.9892459999973653,None,pp4,001,2025-10-02_15h49.13.007,motor sequence,,2025.1.1,60.06680630369661,2025-10-02 15h49.22.707257 +0530,
150,v,67,67,18,v,1,0.5802541999873938,None,,,,,18,67,67,1,770.4241674999939,,770.4086901999981,770.4241674999939,771.4077774999896,771.4077774999896,771.4077774999896,771.4077774999896,771.4240860999998,772.4077793999895,772.4077793999895,772.9911426999897,,,,,v,1,0.5802541999873938,None,pp4,001,2025-10-02_15h49.13.007,motor sequence,,2025.1.1,60.06680630369661,2025-10-02 15h49.22.707257 +0530,
50,c,68,68,14,c,1,1.0462375999923097,None,,,,,14,68,68,2,773.0075500999956,,772.9914946999925,773.0075500999956,773.9908210999856,773.9908210999856,773.9908210999856,773.9908210999856,774.0073171999975,774.9906581999967,774.9906581999967,776.0415601999994,,,,,c,1,1.0462375999923097,None,pp4,001,2025-10-02_15h49.13.007,motor sequence,,2025.1.1,60.06680630369661,2025-10-02 15h49.22.707257 +0530,
-50,x,69,69,21,x,1,0.9286668999993708,None,,,,,21,69,69,0,776.0575700999907,,776.042032399986,776.0575700999907,777.0408792999951,777.0408792999951,777.0408792999951,777.0408792999951,777.0575315999886,778.04078879999,778.04078879999,778.9753245999891,,,,,x,1,0.9286668999993708,None,pp4,001,2025-10-02_15h49.13.007,motor sequence,,2025.1.1,60.06680630369661,2025-10-02 15h49.22.707257 +0530,
150,v,70,70,19,v,1,0.4906405000074301,None,,,,,19,70,70,1,778.9908552999987,,778.975801499997,778.9908552999987,779.9906387999945,779.9906387999945,779.9906387999945,779.9906387999945,779.9906387999945,780.9910656999855,780.9910656999855,781.4913719999895,,,,,v,1,0.4906405000074301,None,pp4,001,2025-10-02_15h49.13.007,motor sequence,,2025.1.1,60.06680630369661,2025-10-02 15h49.22.707257 +0530,
-50,x,71,71,22,x,1,0.6775645000016084,None,,,,,22,71,71,0,781.5075441999943,,781.4917419999983,781.5075441999943,782.4909411999979,782.4909411999979,782.4909411999979,782.4909411999979,782.5076662999927,783.4907061999984,783.4907061999984,784.174349199995,,,,,x,1,0.6775645000016084,None,pp4,001,2025-10-02_15h49.13.007,motor sequence,,2025.1.1,60.06680630369661,2025-10-02 15h49.22.707257 +0530,
-50,x,72,72,23,x,1,1.2460072999965632,None,,,,,23,72,72,0,784.1907775999862,,784.1747531999863,784.1907775999862,785.1744049999979,785.1744049999979,785.1744049999979,785.1744049999979,785.1907112999907,786.1744581999956,786.1744581999956,787.4250317999977,,,,,x,1,1.2460072999965632,None,pp4,001,2025-10-02_15h49.13.007,motor sequence,,2025.1.1,60.06680630369661,2025-10-02 15h49.22.707257 +0530,
150,v,73,73,20,v,1,0.537887900005444,None,,,,,20,73,73,1,787.4410245999898,,787.4254923999979,787.4410245999898,788.4242701999901,788.4242701999901,788.4242701999901,788.4242701999901,788.4405851999909,789.4239989999915,789.4239989999915,789.9747118999949,,,,,v,1,0.537887900005444,None,pp4,001,2025-10-02_15h49.13.007,motor sequence,,2025.1.1,60.06680630369661,2025-10-02 15h49.22.707257 +0530,
-50,x,74,74,24,x,1,0.547692600011942,None,,,,,24,74,74,0,789.990661799995,,789.9750986999861,789.990661799995,790.9743159999925,790.9743159999925,790.9743159999925,790.9743159999925,790.9908223999955,791.9740728999896,791.9740728999896,792.5243810999964,,,,,x,1,0.547692600011942,None,pp4,001,2025-10-02_15h49.13.007,motor sequence,,2025.1.1,60.06680630369661,2025-10-02 15h49.22.707257 +0530,
50,c,75,75,15,c,1,1.1257652999920538,None,,,,,15,75,75,2,792.5410897999973,,792.5246202999988,792.5410897999973,793.52438789999,793.52438789999,793.52438789999,793.52438789999,793.5407436999958,794.5241842999967,794.5241842999967,795.6582609999896,,,,,c,1,1.1257652999920538,None,pp4,001,2025-10-02_15h49.13.007,motor sequence,,2025.1.1,60.06680630369661,2025-10-02 15h49.22.707257 +0530,
50,c,76,76,16,c,1,0.9716310000076191,None,,,,,16,76,76,2,795.6744849999959,,795.658746199988,795.6744849999959,796.6573686999909,796.6573686999909,796.6573686999909,796.6573686999909,796.6741095999896,797.6585495999898,797.6585495999898,798.6414217999991,,,,,c,1,0.9716310000076191,None,pp4,001,2025-10-02_15h49.13.007,motor sequence,,2025.1.1,60.06680630369661,2025-10-02 15h49.22.707257 +0530,
-50,x,77,77,25,x,1,0.761321300000418,None,,,,,25,77,77,0,798.6574131999951,,798.6416692999919,798.6574131999951,799.6407924999949,799.6407924999949,799.6407924999949,799.6407924999949,799.6575030999957,800.6407934999879,800.6407934999879,801.408242599995,,,,,x,1,0.761321300000418,None,pp4,001,2025-10-02_15h49.13.007,motor sequence,,2025.1.1,60.06680630369661,2025-10-02 15h49.22.707257 +0530,
-50,x,78,78,26,x,1,0.7784414000052493,None,,,,,26,78,78,0,801.424431099993,,801.4086927999888,801.424431099993,802.4078643999965,802.4078643999965,802.4078643999965,802.4078643999965,802.4241905999952,803.4076132999908,803.4076132999908,804.1916539999947,,,,,x,1,0.7784414000052493,None,pp4,001,2025-10-02_15h49.13.007,motor sequence,,2025.1.1,60.06680630369661,2025-10-02 15h49.22.707257 +0530,
-150,z,79,79,14,z,1,0.9676679999975022,None,,,,,14,79,79,3,804.207651699995,,804.1923367999989,804.207651699995,805.2075070999999,805.2075070999999,805.2075070999999,805.2075070999999,805.2075070999999,806.1910612999927,806.1910612999927,807.1748611999938,,,,,z,1,0.9676679999975022,None,pp4,001,2025-10-02_15h49.13.007,motor sequence,,2025.1.1,60.06680630369661,2025-10-02 15h49.22.707257 +0530,
50,c,80,80,17,c,1,2.694235999995726,None,,,,,17,80,80,2,807.1906921999907,,807.1753054999863,807.1906921999907,808.1907176999957,808.1907176999957,808.1907176999957,808.1907176999957,808.1907176999957,809.174099099997,809.174099099997,811.8748682999867,,,,,c,1,2.694235999995726,None,pp4,001,2025-10-02_15h49.13.007,motor sequence,,2025.1.1,60.06680630369661,2025-10-02 15h49.22.707257 +0530,
-150,z,81,81,15,z,1,0.7783937999920454,None,,,,,15,81,81,3,811.8908600999857,,811.8751894999878,811.8908600999857,812.8742263999884,812.8742263999884,812.8742263999884,812.8742263999884,812.8908102999994,813.8743453999923,813.8743453999923,814.6576331999968,,,,,z,1,0.7783937999920454,None,pp4,001,2025-10-02_15h49.13.007,motor sequence,,2025.1.1,60.06680630369661,2025-10-02 15h49.22.707257 +0530,
-50,x,82,82,27,x,1,1.2190373999910662,None,,,,,27,82,82,0,814.6747934999876,,814.6578725999861,814.6747934999876,815.6579714999971,815.6579714999971,815.6579714999971,815.6579714999971,815.6741122999956,816.6575596999901,816.6575596999901,817.8910696999956,,,,,x,1,1.2190373999910662,None,pp4,001,2025-10-02_15h49.13.007,motor sequence,,2025.1.1,60.06680630369661,2025-10-02 15h49.22.707257 +0530,
-50,x,83,83,28,x,1,1.0945057999924757,None,,,,,28,83,83,0,817.9075598999916,,817.8913912999997,817.9075598999916,818.8909276999912,818.8909276999912,818.8909276999912,818.8909276999912,818.9076284999901,819.8908270999964,819.8908270999964,820.9927126999974,,,,,x,1,1.0945057999924757,None,pp4,001,2025-10-02_15h49.13.007,motor sequence,,2025.1.1,60.06680630369661,2025-10-02 15h49.22.707257 +0530,
150,v,84,84,21,v,1,0.7342006000108086,None,,,,,21,84,84,1,821.007649799998,,820.9932307999989,821.007649799998,822.0075226999907,822.0075226999907,822.0075226999907,822.0075226999907,822.0075226999907,823.0073528999928,823.0073528999928,823.7585101999866,,,,,v,1,0.7342006000108086,None,pp4,001,2025-10-02_15h49.13.007,motor sequence,,2025.1.1,60.06680630369661,2025-10-02 15h49.22.707257 +0530,
150,v,85,85,22,v,1,0.6169495999929495,None,,,,,22,85,85,1,823.774096299996,,823.7589954999858,823.774096299996,824.7741936999955,824.7741936999955,824.7741936999955,824.7741936999955,824.7741936999955,825.7742902999889,825.7742902999889,826.4078687999863,,,,,v,1,0.6169495999929495,None,pp4,001,2025-10-02_15h49.13.007,motor sequence,,2025.1.1,60.06680630369661,2025-10-02 15h49.22.707257 +0530,
-150,z,86,86,16,z,1,1.221199500010698,None,,,,,16,86,86,3,826.4242263999913,,826.4081056999858,826.4242263999913,827.4077879999968,827.4077879999968,827.4077879999968,827.4077879999968,827.4244327999913,828.4074800999952,828.4074800999952,829.6416021999903,,,,,z,1,1.221199500010698,None,pp4,001,2025-10-02_15h49.13.007,motor sequence,,2025.1.1,60.06680630369661,2025-10-02 15h49.22.707257 +0530,
50,c,87,87,18,c,1,1.0143241999903694,None,,,,,18,87,87,2,829.6575560999918,,829.6421107999922,829.6575560999918,830.6408701999899,830.6408701999899,830.6408701999899,830.6408701999899,830.6575621999946,831.6407917999895,831.6407917999895,832.6583138999995,,,,,c,1,1.0143241999903694,None,pp4,001,2025-10-02_15h49.13.007,motor sequence,,2025.1.1,60.06680630369661,2025-10-02 15h49.22.707257 +0530,
150,v,88,88,23,v,1,0.7870725999964634,None,,,,,23,88,88,1,832.6742959999974,,832.6588889999985,832.6742959999974,833.674162299998,833.674162299998,833.674162299998,833.674162299998,833.674162299998,834.6576349999959,834.6576349999959,835.4582216999988,,,,,v,1,0.7870725999964634,None,pp4,001,2025-10-02_15h49.13.007,motor sequence,,2025.1.1,60.06680630369661,2025-10-02 15h49.22.707257 +0530,
-150,z,89,89,17,z,1,0.9937693999963813,None,,,,,17,89,89,3,835.4742004,,835.4586338999943,835.4742004,836.4741223999881,836.4741223999881,836.4741223999881,836.4741223999881,836.4741223999881,837.4580179999903,837.4580179999903,838.4583159999893,,,,,z,1,0.9937693999963813,None,pp4,001,2025-10-02_15h49.13.007,motor sequence,,2025.1.1,60.06680630369661,2025-10-02 15h49.22.707257 +0530,
-150,z,90,90,18,z,1,0.5994946999999229,None,,,,,18,90,90,3,838.474329699995,,838.4589001999993,838.474329699995,839.4575733999955,839.4575733999955,839.4575733999955,839.4575733999955,839.4741999999969,840.4575839999889,840.4575839999889,841.0584855999914,,,,,z,1,0.5994946999999229,None,pp4,001,2025-10-02_15h49.13.007,motor sequence,,2025.1.1,60.06680630369661,2025-10-02 15h49.22.707257 +0530,
-150,z,91,91,19,z,1,0.9298393999924883,None,,,,,19,91,91,3,841.0743999999977,,841.0589558999927,841.0743999999977,842.0575596999988,842.0575596999988,842.0575596999988,842.0575596999988,842.0742616999923,843.0743159999984,843.0743159999984,844.0084141999978,,,,,z,1,0.9298393999924883,None,pp4,001,2025-10-02_15h49.13.007,motor sequence,,2025.1.1,60.06680630369661,2025-10-02 15h49.22.707257 +0530,
-50,x,92,92,29,x,1,0.9274005000042962,None,,,,,29,92,92,0,844.0252135999908,,844.0088802999962,844.0252135999908,845.0075899999938,845.0075899999938,845.0075899999938,845.0075899999938,845.024657099988,846.007695399996,846.007695399996,846.94129599999,,,,,x,1,0.9274005000042962,None,pp4,001,2025-10-02_15h49.13.007,motor sequence,,2025.1.1,60.06680630369661,2025-10-02 15h49.22.707257 +0530,
-50,x,93,93,30,x,1,0.5221809999929974,None,,,,,30,93,93,0,846.9575904999947,,846.9416140999965,846.9575904999947,847.9407872999873,847.9407872999873,847.9407872999873,847.9407872999873,847.9575410999969,848.9406142999942,848.9406142999942,849.4747501999955,,,,,x,1,0.5221809999929974,None,pp4,001,2025-10-02_15h49.13.007,motor sequence,,2025.1.1,60.06680630369661,2025-10-02 15h49.22.707257 +0530,
-150,z,94,94,20,z,1,0.7982960000081221,None,,,,,20,94,94,3,849.4908680999943,,849.4752707999869,849.4908680999943,850.4741843999946,850.4741843999946,850.4741843999946,850.4741843999946,850.4907965999882,851.4741662999877,851.4741662999877,852.2749151999888,,,,,z,1,0.7982960000081221,None,pp4,001,2025-10-02_15h49.13.007,motor sequence,,2025.1.1,60.06680630369661,2025-10-02 15h49.22.707257 +0530,
50,c,95,95,19,c,1,1.033417400001781,None,,,,,19,95,95,2,852.2908720999985,,852.2751578999887,852.2908720999985,853.2743543999968,853.2743543999968,853.2743543999968,853.2743543999968,853.2907905999891,854.2743220999982,854.2743220999982,855.3089797999855,,,,,c,1,1.033417400001781,None,pp4,001,2025-10-02_15h49.13.007,motor sequence,,2025.1.1,60.06680630369661,2025-10-02 15h49.22.707257 +0530,
50,c,96,96,20,c,1,0.6023233000014443,None,,,,,20,96,96,2,855.3241510999942,,855.3096362999931,855.3241510999942,856.3241503999889,856.3241503999889,856.3241503999889,856.3241503999889,856.3241503999889,857.3241015999956,857.3241015999956,857.9412143999944,,,,,c,1,0.6023233000014443,None,pp4,001,2025-10-02_15h49.13.007,motor sequence,,2025.1.1,60.06680630369661,2025-10-02 15h49.22.707257 +0530,
150,v,97,97,24,v,1,0.6875348000030499,None,,,,,24,97,97,1,857.9581497999898,,857.9416812999989,857.9581497999898,858.9406682999979,858.9406682999979,858.9406682999979,858.9406682999979,858.9573922999989,859.9408361999958,859.9408361999958,860.6420329999964,,,,,v,1,0.6875348000030499,None,pp4,001,2025-10-02_15h49.13.007,motor sequence,,2025.1.1,60.06680630369661,2025-10-02 15h49.22.707257 +0530,
50,c,98,98,21,x,0,0.6714587999886135,None,,,,,21,98,98,2,860.6584381999855,,860.6423922999966,860.6584381999855,861.6408086999872,861.6408086999872,861.6408086999872,861.6408086999872,861.657896299992,862.6575720999972,862.6575720999972,863.3415614999976,,,,,x,0,0.6714587999886135,None,pp4,001,2025-10-02_15h49.13.007,motor sequence,,2025.1.1,60.06680630369661,2025-10-02 15h49.22.707257 +0530,
50,c,99,99,22,c,1,1.1784146999998484,None,,,,,22,99,99,2,863.3579059999902,,863.3421705999936,863.3579059999902,864.3409829999873,864.3409829999873,864.3409829999873,864.3409829999873,864.3576525999961,865.3406479999976,865.3406479999976,866.5248487999925,,,,,c,1,1.1784146999998484,None,pp4,001,2025-10-02_15h49.13.007,motor sequence,,2025.1.1,60.06680630369661,2025-10-02 15h49.22.707257 +0530,
-150,z,100,100,21,z,1,0.7604444000025978,None,,,,,21,100,100,3,866.5411695999937,,866.5253127999895,866.5411695999937,867.5242766999872,867.5242766999872,867.5242766999872,867.5242766999872,867.5408221999969,868.5243291999941,868.5243291999941,869.2917059999891,,,,,z,1,0.7604444000025978,None,pp4,001,2025-10-02_15h49.13.007,motor sequence,,2025.1.1,60.06680630369661,2025-10-02 15h49.22.707257 +0530,
-50,x,101,101,31,x,1,0.6599280000082217,None,,,,,31,101,101,0,869.3079107999947,,869.2923812999943,869.3079107999947,870.2912996999949,870.2912996999949,870.2912996999949,870.2912996999949,870.3075211999967,871.290869199991,871.290869199991,871.9582858999929,,,,,x,1,0.6599280000082217,None,pp4,001,2025-10-02_15h49.13.007,motor sequence,,2025.1.1,60.06680630369661,2025-10-02 15h49.22.707257 +0530,
-150,z,102,102,22,z,1,0.8417229000042425,None,,,,,22,102,102,3,871.9747490999871,,871.959028399986,871.9747490999871,872.9575194999925,872.9575194999925,872.9575194999925,872.9575194999925,872.9742150999955,873.9576869999873,873.9576869999873,874.8086798999866,,,,,z,1,0.8417229000042425,None,pp4,001,2025-10-02_15h49.13.007,motor sequence,,2025.1.1,60.06680630369661,2025-10-02 15h49.22.707257 +0530,
-150,z,103,103,23,z,1,0.6156240999989677,None,,,,,23,103,103,3,874.824300799999,,874.8091586999944,874.824300799999,875.824332499993,875.824332499993,875.824332499993,875.824332499993,875.824332499993,876.8244473999948,876.8244473999948,877.4412663999974,,,,,z,1,0.6156240999989677,None,pp4,001,2025-10-02_15h49.13.007,motor sequence,,2025.1.1,60.06680630369661,2025-10-02 15h49.22.707257 +0530,
-50,x,104,104,32,x,1,0.6520764000015333,None,,,,,32,104,104,0,877.4577078999864,,877.4418764999864,877.4577078999864,878.4407627999899,878.4407627999899,878.4407627999899,878.4407627999899,878.4573642999894,879.4409906999936,879.4409906999936,880.1082154999895,,,,,x,1,0.6520764000015333,None,pp4,001,2025-10-02_15h49.13.007,motor sequence,,2025.1.1,60.06680630369661,2025-10-02 15h49.22.707257 +0530,
150,v,105,105,25,v,1,0.5476458000048297,None,,,,,25,105,105,1,880.124476699988,,880.1088211999886,880.124476699988,881.1075930999941,881.1075930999941,881.1075930999941,881.1075930999941,881.1240430999896,882.1075260999933,882.1075260999933,882.6591119999939,,,,,v,1,0.5476458000048297,None,pp4,001,2025-10-02_15h49.13.007,motor sequence,,2025.1.1,60.06680630369661,2025-10-02 15h49.22.707257 +0530,
50,c,106,106,23,c,1,1.1337235999963013,None,,,,,23,106,106,2,882.6742188999924,,882.6595608999924,882.6742188999924,883.6741021999915,883.6741021999915,883.6741021999915,883.6741021999915,883.6741021999915,884.6747048999969,884.6747048999969,885.8248608999857,,,,,c,1,1.1337235999963013,None,pp4,001,2025-10-02_15h49.13.007,motor sequence,,2025.1.1,60.06680630369661,2025-10-02 15h49.22.707257 +0530,
150,v,107,107,26,v,1,0.4840903000003891,None,,,,,26,107,107,1,885.8407764999865,,885.825322699995,885.8407764999865,886.8244261999935,886.8244261999935,886.8244261999935,886.8244261999935,886.8410877999995,887.8242574999895,887.8242574999895,888.3246281999891,,,,,v,1,0.4840903000003891,None,pp4,001,2025-10-02_15h49.13.007,motor sequence,,2025.1.1,60.06680630369661,2025-10-02 15h49.22.707257 +0530,
-50,x,108,108,33,x,1,0.8142494999920018,None,,,,,33,108,108,0,888.3408419999905,,888.3249688999931,888.3408419999905,889.324340399995,889.324340399995,889.324340399995,889.324340399995,889.3408902999945,890.3241188999964,890.3241188999964,891.1415101999883,,,,,x,1,0.8142494999920018,None,pp4,001,2025-10-02_15h49.13.007,motor sequence,,2025.1.1,60.06680630369661,2025-10-02 15h49.22.707257 +0530,
50,c,109,109,24,c,1,0.9619063999998616,None,,,,,24,109,109,2,891.157547699986,,891.1426039999933,891.157547699986,892.1408847999992,892.1408847999992,892.1408847999992,892.1408847999992,892.1581448999932,893.1409707999992,893.1409707999992,894.1082666999864,,,,,c,1,0.9619063999998616,None,pp4,001,2025-10-02_15h49.13.007,motor sequence,,2025.1.1,60.06680630369661,2025-10-02 15h49.22.707257 +0530,
50,c,110,110,25,c,1,0.47748159999900963,None,,,,,25,110,110,2,894.1242888999986,,894.1086925999989,894.1242888999986,895.1078341999964,895.1078341999964,895.1078341999964,895.1078341999964,895.1242491999874,896.1078834999935,896.1078834999935,896.5918094999943,,,,,c,1,0.47748159999900963,None,pp4,001,2025-10-02_15h49.13.007,motor sequence,,2025.1.1,60.06680630369661,2025-10-02 15h49.22.707257 +0530,
-150,z,111,111,24,z,1,0.9170740999979898,None,,,,,24,111,111,3,896.6077466999996,,896.5921986999892,896.6077466999996,897.5908577999944,897.5908577999944,897.5908577999944,897.5908577999944,897.6080095999932,898.6074991999922,898.6074991999922,899.5424661999859,,,,,z,1,0.9170740999979898,None,pp4,001,2025-10-02_15h49.13.007,motor sequence,,2025.1.1,60.06680630369661,2025-10-02 15h49.22.707257 +0530,
-50,x,112,112,34,x,1,1.318600200000219,None,,,,,34,112,112,0,899.5576571999991,,899.543024499988,899.5576571999991,900.5575262999919,900.5575262999919,900.5575262999919,900.5575262999919,900.5575262999919,901.5581758999906,901.5581758999906,902.8914307999949,,,,,x,1,1.318600200000219,None,pp4,001,2025-10-02_15h49.13.007,motor sequence,,2025.1.1,60.06680630369661,2025-10-02 15h49.22.707257 +0530,
50,c,113,113,26,c,1,1.1210221999936039,None,,,,,26,113,113,2,902.907644299994,,902.8917070999887,902.907644299994,903.8909157999879,903.8909157999879,903.8909157999879,903.8909157999879,903.907596399993,904.8905937999953,904.8905937999953,906.0246521999943,,,,,c,1,1.1210221999936039,None,pp4,001,2025-10-02_15h49.13.007,motor sequence,,2025.1.1,60.06680630369661,2025-10-02 15h49.22.707257 +0530,
-150,z,114,114,25,z,1,0.7878203000000212,None,,,,,25,114,114,3,906.0407851999917,,906.0250361999933,906.0407851999917,907.0241495999944,907.0241495999944,907.0241495999944,907.0241495999944,907.0409144999867,908.024293399998,908.024293399998,908.8245935999876,,,,,z,1,0.7878203000000212,None,pp4,001,2025-10-02_15h49.13.007,motor sequence,,2025.1.1,60.06680630369661,2025-10-02 15h49.22.707257 +0530,
-150,z,115,115,26,z,1,0.6706190999975661,None,,,,,26,115,115,3,908.8407148999977,,908.8250597999868,908.8407148999977,909.8242556999903,909.8242556999903,909.8242556999903,909.8242556999903,909.8408101999958,910.8249180999992,910.8249180999992,911.5084967999865,,,,,z,1,0.6706190999975661,None,pp4,001,2025-10-02_15h49.13.007,motor sequence,,2025.1.1,60.06680630369661,2025-10-02 15h49.22.707257 +0530,
-150,z,116,116,27,z,1,0.7299396000016714,None,,,,,27,116,116,3,911.5242452999955,,911.5090778999875,911.5242452999955,912.5074999999924,912.5074999999924,912.5074999999924,912.5074999999924,912.5242522999906,913.5243154999916,913.5243154999916,914.2584561999975,,,,,z,1,0.7299396000016714,None,pp4,001,2025-10-02_15h49.13.007,motor sequence,,2025.1.1,60.06680630369661,2025-10-02 15h49.22.707257 +0530,
150,v,117,117,27,v,1,0.8079332000052091,None,,,,,27,117,117,1,914.274402799987,,914.2589289999887,914.274402799987,915.257912599991,915.257912599991,915.257912599991,915.257912599991,915.2741838999937,916.2577484999929,916.2577484999929,917.0745915999869,,,,,v,1,0.8079332000052091,None,pp4,001,2025-10-02_15h49.13.007,motor sequence,,2025.1.1,60.06680630369661,2025-10-02 15h49.22.707257 +0530,
-50,x,118,118,35,x,1,3.238828300003661,None,,,,,35,118,118,0,917.091053799988,,917.0749527999869,917.091053799988,918.075018699994,918.075018699994,918.075018699994,918.075018699994,918.0906165999913,919.0742756999971,919.0742756999971,922.3246983999998,,,,,x,1,3.238828300003661,None,pp4,001,2025-10-02_15h49.13.007,motor sequence,,2025.1.1,60.06680630369661,2025-10-02 15h49.22.707257 +0530,
50,c,119,119,27,c,1,1.4675788000022294,None,,,,,27,119,119,2,922.3409948999906,,922.3250193999993,922.3409948999906,923.324443199992,923.324443199992,923.324443199992,923.324443199992,923.3407545999944,924.3242653999914,924.3242653999914,925.808145499992,,,,,c,1,1.4675788000022294,None,pp4,001,2025-10-02_15h49.13.007,motor sequence,,2025.1.1,60.06680630369661,2025-10-02 15h49.22.707257 +0530,
-150,z,120,120,28,z,1,0.8381277000007685,None,,,,,28,120,120,3,925.8242374999973,,925.8085659999924,925.8242374999973,926.8081068999891,926.8081068999891,926.8081068999891,926.8081068999891,926.8241907999909,927.8076565999945,927.8076565999945,928.6582621999987,,,,,z,1,0.8381277000007685,None,pp4,001,2025-10-02_15h49.13.007,motor sequence,,2025.1.1,60.06680630369661,2025-10-02 15h49.22.707257 +0530,
150,v,121,121,28,v,1,0.526580500009004,None,,,,,28,121,121,1,928.6743005999888,,928.6589199999871,928.6743005999888,929.6576708999928,929.6576708999928,929.6576708999928,929.6576708999928,929.6741348999931,930.6575471999968,930.6575471999968,931.1909557999898,,,,,v,1,0.526580500009004,None,pp4,001,2025-10-02_15h49.13.007,motor sequence,,2025.1.1,60.06680630369661,2025-10-02 15h49.22.707257 +0530,
-50,x,122,122,36,x,1,0.6714130000036675,None,,,,,36,122,122,0,931.2075840999896,,931.1911826999858,931.2075840999896,932.1910585999867,932.1910585999867,932.1910585999867,932.1910585999867,932.2078512999869,933.1907685999904,933.1907685999904,933.874982399997,,,,,x,1,0.6714130000036675,None,pp4,001,2025-10-02_15h49.13.007,motor sequence,,2025.1.1,60.06680630369661,2025-10-02 15h49.22.707257 +0530,
-150,z,123,123,29,z,1,1.4467599999916274,None,,,,,29,123,123,3,933.8910020999901,,933.8754326999915,933.8910020999901,934.8743025999865,934.8743025999865,934.8743025999865,934.8743025999865,934.8908451999887,935.8746957999974,935.8746957999974,937.3250871999917,,,,,z,1,1.4467599999916274,None,pp4,001,2025-10-02_15h49.13.007,motor sequence,,2025.1.1,60.06680630369661,2025-10-02 15h49.22.707257 +0530,
150,v,124,124,29,v,1,0.5140798999927938,None,,,,,29,124,124,1,937.3407612999872,,937.3254438999866,937.3407612999872,938.3245293999935,938.3245293999935,938.3245293999935,938.3245293999935,938.3410459999868,939.3245746999892,939.3245746999892,939.842541799997,,,,,v,1,0.5140798999927938,None,pp4,001,2025-10-02_15h49.13.007,motor sequence,,2025.1.1,60.06680630369661,2025-10-02 15h49.22.707257 +0530,
50,c,125,125,28,c,1,1.1164163000066765,None,,,,,28,125,125,2,939.8577322999918,,939.8429511999857,939.8577322999918,940.8576555999898,940.8576555999898,940.8576555999898,940.8576555999898,940.8576555999898,941.857360799986,941.857360799986,942.9750835999876,,,,,c,1,1.1164163000066765,None,pp4,001,2025-10-02_15h49.13.007,motor sequence,,2025.1.1,60.06680630369661,2025-10-02 15h49.22.707257 +0530,
-50,x,126,126,37,x,1,1.3338990000047488,None,,,,,37,126,126,0,942.9912257999968,,942.975835899997,942.9912257999968,943.9742087999912,943.9742087999912,943.9742087999912,943.9742087999912,943.99091149999,944.9906260999996,944.9906260999996,946.3409970999928,,,,,x,1,1.3338990000047488,None,pp4,001,2025-10-02_15h49.13.007,motor sequence,,2025.1.1,60.06680630369661,2025-10-02 15h49.22.707257 +0530,
150,v,127,127,30,v,1,0.7488291000045137,None,,,,,30,127,127,1,946.3577096999943,,946.3418976999965,946.3577096999943,947.3411684999883,947.3411684999883,947.3411684999883,947.3411684999883,947.3574990999914,948.3408399999898,948.3408399999898,949.0914064999961,,,,,v,1,0.7488291000045137,None,pp4,001,2025-10-02_15h49.13.007,motor sequence,,2025.1.1,60.06680630369661,2025-10-02 15h49.22.707257 +0530,
50,c,128,128,29,c,1,1.258942600004957,None,,,,,29,128,128,2,949.1075448999909,,949.0920028999972,949.1075448999909,950.0912458999956,950.0912458999956,950.0912458999956,950.0912458999956,950.1076717999968,951.0912482999993,951.0912482999993,952.3582229999884,,,,,c,1,1.258942600004957,None,pp4,001,2025-10-02_15h49.13.007,motor sequence,,2025.1.1,60.06680630369661,2025-10-02 15h49.22.707257 +0530,
50,c,129,129,30,c,1,1.0135550999984844,None,,,,,30,129,129,2,952.3745266999904,,952.3587875999947,952.3745266999904,953.3575671999861,953.3575671999861,953.3575671999861,953.3575671999861,953.374101399997,954.3741915999999,954.3741915999999,955.3915647999966,,,,,c,1,1.0135550999984844,None,pp4,001,2025-10-02_15h49.13.007,motor sequence,,2025.1.1,60.06680630369661,2025-10-02 15h49.22.707257 +0530,
150,v,130,130,31,v,1,0.6252998999989359,None,,,,,31,130,130,1,955.408039499991,,955.3920166999887,955.408039499991,956.3908995999955,956.3908995999955,956.3908995999955,956.3908995999955,956.4085830999975,957.3908092999918,957.3908092999918,958.0246182999981,,,,,v,1,0.6252998999989359,None,pp4,001,2025-10-02_15h49.13.007,motor sequence,,2025.1.1,60.06680630369661,2025-10-02 15h49.22.707257 +0530,
150,v,131,131,32,v,1,0.8005687999975635,None,,,,,32,131,131,1,958.0408335999964,,958.0249229999899,958.0408335999964,959.0250641999883,959.0250641999883,959.0250641999883,959.0250641999883,959.0408261999983,960.0241602999886,960.0241602999886,960.8417926999973,,,,,v,1,0.8005687999975635,None,pp4,001,2025-10-02_15h49.13.007,motor sequence,,2025.1.1,60.06680630369661,2025-10-02 15h49.22.707257 +0530,
-50,x,132,132,38,x,1,1.3776438999921083,None,,,,,38,132,132,0,960.8577476999926,,960.8424521999987,960.8577476999926,961.8412017999945,961.8412017999945,961.8412017999945,961.8412017999945,961.8576023999922,962.840664599993,962.840664599993,964.2245264999947,,,,,x,1,1.3776438999921083,None,pp4,001,2025-10-02_15h49.13.007,motor sequence,,2025.1.1,60.06680630369661,2025-10-02 15h49.22.707257 +0530,
150,v,133,133,33,v,1,1.2038971000001766,None,,,,,33,133,133,1,964.2410462999978,,964.2247601999989,964.2410462999978,965.2253820999904,965.2253820999904,965.2253820999904,965.2253820999904,965.2408341999981,966.2242183999915,966.2242183999915,967.4416196999955,,,,,v,1,1.2038971000001766,None,pp4,001,2025-10-02_15h49.13.007,motor sequence,,2025.1.1,60.06680630369661,2025-10-02 15h49.22.707257 +0530,
50,c,134,134,31,c,1,1.5998143999895547,None,,,,,31,134,134,2,967.4575376999856,,967.4421603999945,967.4575376999856,968.4408283999946,968.4408283999946,968.4408283999946,968.4408283999946,968.45781729999,969.4409918999881,969.4409918999881,971.0418525999994,,,,,c,1,1.5998143999895547,None,pp4,001,2025-10-02_15h49.13.007,motor sequence,,2025.1.1,60.06680630369661,2025-10-02 15h49.22.707257 +0530,
-50,x,135,135,39,x,1,2.3603017999994336,None,,,,,39,135,135,0,971.0577190999902,,971.0423251999891,971.0577190999902,972.0409027999995,972.0409027999995,972.0409027999995,972.0409027999995,972.0576224999968,973.0574891999859,973.0574891999859,975.4246623999934,,,,,x,1,2.3603017999994336,None,pp4,001,2025-10-02_15h49.13.007,motor sequence,,2025.1.1,60.06680630369661,2025-10-02 15h49.22.707257 +0530,
-50,x,136,136,40,x,1,0.603469399997266,None,,,,,40,136,136,0,975.4409254999919,,975.4250080999918,975.4409254999919,976.4244190999889,976.4244190999889,976.4244190999889,976.4244190999889,976.4409387999913,977.4242438999936,977.4242438999936,978.0425138999999,,,,,x,1,0.603469399997266,None,pp4,001,2025-10-02_15h49.13.007,motor sequence,,2025.1.1,60.06680630369661,2025-10-02 15h49.22.707257 +0530,
50,c,137,137,32,c,1,1.029109299997799,None,,,,,32,137,137,2,978.0577551999886,,978.0430958999932,978.0577551999886,979.0577641999989,979.0577641999989,979.0577641999989,979.0577641999989,979.0577641999989,980.0577536999917,980.0577536999917,981.0912789999857,,,,,c,1,1.029109299997799,None,pp4,001,2025-10-02_15h49.13.007,motor sequence,,2025.1.1,60.06680630369661,2025-10-02 15h49.22.707257 +0530,
50,c,138,138,33,c,1,0.5799191999976756,None,,,,,33,138,138,2,981.1075316999923,,981.0916824999877,981.1075316999923,982.0909642999904,982.0909642999904,982.0909642999904,982.0909642999904,982.1075643999939,983.0907517999876,983.0907517999876,983.6746129999956,,,,,c,1,0.5799191999976756,None,pp4,001,2025-10-02_15h49.13.007,motor sequence,,2025.1.1,60.06680630369661,2025-10-02 15h49.22.707257 +0530,
-150,z,139,139,30,z,1,1.3020736000034958,None,,,,,30,139,139,3,983.6908441999985,,983.6750325999892,983.6908441999985,984.6748203999887,984.6748203999887,984.6748203999887,984.6748203999887,984.6909289999894,985.6741958999919,985.6741958999919,986.9913885999995,,,,,z,1,1.3020736000034958,None,pp4,001,2025-10-02_15h49.13.007,motor sequence,,2025.1.1,60.06680630369661,2025-10-02 15h49.22.707257 +0530,
150,v,140,140,34,v,1,0.4783521000063047,None,,,,,34,140,140,1,987.0076973999967,,986.9917079999868,987.0076973999967,987.9909845999937,987.9909845999937,987.9909845999937,987.9909845999937,988.0081536999933,988.9908603999938,988.9908603999938,989.4746859999868,,,,,v,1,0.4783521000063047,None,pp4,001,2025-10-02_15h49.13.007,motor sequence,,2025.1.1,60.06680630369661,2025-10-02 15h49.22.707257 +0530,
150,v,141,141,35,v,1,0.6857473999989452,None,,,,,35,141,141,1,989.4909827999945,,989.4750060999941,989.4909827999945,990.4744465999975,990.4744465999975,990.4744465999975,990.4744465999975,990.4910117999971,991.4742563999898,991.4742563999898,992.1747172999894,,,,,v,1,0.6857473999989452,None,pp4,001,2025-10-02_15h49.13.007,motor sequence,,2025.1.1,60.06680630369661,2025-10-02 15h49.22.707257 +0530,
50,c,142,142,34,c,1,1.6272565999970539,None,,,,,34,142,142,2,992.1909269999887,,992.1750317999977,992.1909269999887,993.1744113999885,993.1744113999885,993.1744113999885,993.1744113999885,993.1909247999865,994.1743768999877,994.1743768999877,995.8080764999904,,,,,c,1,1.6272565999970539,None,pp4,001,2025-10-02_15h49.13.007,motor sequence,,2025.1.1,60.06680630369661,2025-10-02 15h49.22.707257 +0530,
150,v,143,143,36,v,1,2.0555789999925764,None,,,,,36,143,143,1,995.824134399998,,995.808409499994,995.824134399998,996.8077727999917,996.8077727999917,996.8077727999917,996.8077727999917,996.8245053999999,997.8077100999944,997.8077100999944,999.8752842999966,,,,,v,1,2.0555789999925764,None,pp4,001,2025-10-02_15h49.13.007,motor sequence,,2025.1.1,60.06680630369661,2025-10-02 15h49.22.707257 +0530,
150,v,144,144,37,v,1,0.6223846999928355,None,,,,,37,144,144,1,999.8914855999901,,999.8758552999934,999.8914855999901,1000.8743567999918,1000.8743567999918,1000.8743567999918,1000.8743567999918,1000.8908261999895,1001.87453429999,1001.87453429999,1002.5083775999956,,,,,v,1,0.6223846999928355,None,pp4,001,2025-10-02_15h49.13.007,motor sequence,,2025.1.1,60.06680630369661,2025-10-02 15h49.22.707257 +0530,
-150,z,145,145,31,z,1,0.9794847999874037,None,,,,,31,145,145,3,1002.5243496999901,,1002.5088069999911,1002.5243496999901,1003.5076737999916,1003.5076737999916,1003.5076737999916,1003.5076737999916,1003.524588699991,1004.5074928999966,1004.5074928999966,1005.4916520999977,,,,,z,1,0.9794847999874037,None,pp4,001,2025-10-02_15h49.13.007,motor sequence,,2025.1.1,60.06680630369661,2025-10-02 15h49.22.707257 +0530,
50,c,146,146,35,c,1,1.0560335000045598,None,,,,,35,146,146,2,1005.5079231999989,,1005.4923786999861,1005.5079231999989,1006.4909807999938,1006.4909807999938,1006.4909807999938,1006.4909807999938,1006.5079722999944,1007.4910034999921,1007.4910034999921,1008.5586698999978,,,,,c,1,1.0560335000045598,None,pp4,001,2025-10-02_15h49.13.007,motor sequence,,2025.1.1,60.06680630369661,2025-10-02 15h49.22.707257 +0530,
150,v,147,147,38,v,1,0.559006399998907,None,,,,,38,147,147,1,1008.5743417999911,,1008.559130099995,1008.5743417999911,1009.5744086999912,1009.5744086999912,1009.5744086999912,1009.5744086999912,1009.5744086999912,1010.5745207999862,1010.5745207999862,1011.1416704999865,,,,,v,1,0.559006399998907,None,pp4,001,2025-10-02_15h49.13.007,motor sequence,,2025.1.1,60.06680630369661,2025-10-02 15h49.22.707257 +0530,
50,c,148,148,36,c,1,0.8097611000121105,None,,,,,36,148,148,2,1011.1577343999961,,1011.1420545999863,1011.1577343999961,1012.1414517999947,1012.1414517999947,1012.1414517999947,1012.1414517999947,1012.1576612999925,1013.141306199992,1013.141306199992,1013.9587248999887,,,,,c,1,0.8097611000121105,None,pp4,001,2025-10-02_15h49.13.007,motor sequence,,2025.1.1,60.06680630369661,2025-10-02 15h49.22.707257 +0530,
50,c,149,149,37,c,1,0.3980176000040956,None,,,,,37,149,149,2,1013.9745547999919,,1013.9592458999978,1013.9745547999919,1014.9743098999897,1014.9743098999897,1014.9743098999897,1014.9743098999897,1014.9743098999897,1015.9743237999937,1015.9743237999937,1016.3752250999969,,,,,c,1,0.3980176000040956,None,pp4,001,2025-10-02_15h49.13.007,motor sequence,,2025.1.1,60.06680630369661,2025-10-02 15h49.22.707257 +0530,
150,v,150,150,39,v,1,0.5544892000034451,None,,,,,39,150,150,1,1016.3908723999921,,1016.3758376999904,1016.3908723999921,1017.375638499987,1017.375638499987,1017.375638499987,1017.375638499987,1017.3912219999911,1018.3908411999873,1018.3908411999873,1018.95838489999,,,,,v,1,0.5544892000034451,None,pp4,001,2025-10-02_15h49.13.007,motor sequence,,2025.1.1,60.06680630369661,2025-10-02 15h49.22.707257 +0530,
150,v,151,151,40,v,1,0.4516579999908572,None,,,,,40,151,151,1,1018.9744424999953,,1018.9588783999934,1018.9744424999953,1019.9582547999889,1019.9582547999889,1019.9582547999889,1019.9582547999889,1019.9745486999891,1020.958011699986,1020.958011699986,1021.4246772999904,,,,,v,1,0.4516579999908572,None,pp4,001,2025-10-02_15h49.13.007,motor sequence,,2025.1.1,60.06680630369661,2025-10-02 15h49.22.707257 +0530,
50,c,152,152,38,c,1,0.8729327000037301,None,,,,,38,152,152,2,1021.4406938999891,,1021.4250931999995,1021.4406938999891,1022.4246448999911,1022.4246448999911,1022.4246448999911,1022.4246448999911,1022.4412097999884,1023.4246301999956,1023.4246301999956,1024.309320699991,,,,,c,1,0.8729327000037301,None,pp4,001,2025-10-02_15h49.13.007,motor sequence,,2025.1.1,60.06680630369661,2025-10-02 15h49.22.707257 +0530,
50,c,153,153,39,c,1,0.4283028999925591,None,,,,,39,153,153,2,1024.3243197999982,,1024.310055199996,1024.3243197999982,1025.3244005999877,1025.3244005999877,1025.3244005999877,1025.3244005999877,1025.3244005999877,1026.3245704999863,1026.3245704999863,1026.758384899993,,,,,c,1,0.4283028999925591,None,pp4,001,2025-10-02_15h49.13.007,motor sequence,,2025.1.1,60.06680630369661,2025-10-02 15h49.22.707257 +0530,
50,c,154,154,40,c,1,0.45595040000625886,None,,,,,40,154,154,2,1026.7743715999968,,1026.75905529999,1026.7743715999968,1027.7576355999918,1027.7576355999918,1027.7576355999918,1027.7576355999918,1027.7741233999986,1028.7575972999912,1028.7575972999912,1029.225900599995,,,,,c,1,0.45595040000625886,None,pp4,001,2025-10-02_15h49.13.007,motor sequence,,2025.1.1,60.06680630369661,2025-10-02 15h49.22.707257 +0530,
-150,z,155,155,32,z,1,0.6698119999928167,None,,,,,32,155,155,3,1029.2411080999882,,1029.2263796999905,1029.2411080999882,1030.2409531999874,1030.2409531999874,1030.2409531999874,1030.2409531999874,1030.2409531999874,1031.2415214999928,1031.2415214999928,1031.9251663999894,,,,,z,1,0.6698119999928167,None,pp4,001,2025-10-02_15h49.13.007,motor sequence,,2025.1.1,60.06680630369661,2025-10-02 15h49.22.707257 +0530,
-50,x,156,156,41,x,1,1.934063500011689,None,,,,,41,156,156,0,1031.9410301999887,,1031.9256390999944,1031.9410301999887,1032.9247037999885,1032.9247037999885,1032.9247037999885,1032.9247037999885,1032.9415451999957,1033.9243032999948,1033.9243032999948,1035.8754329999938,,,,,x,1,1.934063500011689,None,pp4,001,2025-10-02_15h49.13.007,motor sequence,,2025.1.1,60.06680630369661,2025-10-02 15h49.22.707257 +0530,
150,v,157,157,41,v,1,0.6626832999900216,None,,,,,41,157,157,1,1035.8909428999905,,1035.8760557999922,1035.8909428999905,1036.8910573999892,1036.8910573999892,1036.8910573999892,1036.8910573999892,1036.8910573999892,1037.8914050999883,1037.8914050999883,1038.558244499989,,,,,v,1,0.6626832999900216,None,pp4,001,2025-10-02_15h49.13.007,motor sequence,,2025.1.1,60.06680630369661,2025-10-02 15h49.22.707257 +0530,
150,v,158,158,42,v,1,0.5118441000086023,None,,,,,42,158,158,1,1038.5754193999892,,1038.5586791999958,1038.5754193999892,1039.5577910999855,1039.5577910999855,1039.5577910999855,1039.5577910999855,1039.5743964999856,1040.5578902999987,1040.5578902999987,1041.0756000999972,,,,,v,1,0.5118441000086023,None,pp4,001,2025-10-02_15h49.13.007,motor sequence,,2025.1.1,60.06680630369661,2025-10-02 15h49.22.707257 +0530,
-50,x,159,159,42,x,1,1.4967981999943731,None,,,,,42,159,159,0,1041.0908872,,1041.075975099986,1041.0908872,1042.0911059999926,1042.0911059999926,1042.0911059999926,1042.0911059999926,1042.0911059999926,1043.0913658999925,1043.0913658999925,1044.5914959999936,,,,,x,1,1.4967981999943731,None,pp4,001,2025-10-02_15h49.13.007,motor sequence,,2025.1.1,60.06680630369661,2025-10-02 15h49.22.707257 +0530,
50,c,160,160,41,c,1,1.2402034000115236,None,,,,,41,160,160,2,1044.6077369999985,,1044.591903099994,1044.6077369999985,1045.5909919999976,1045.5909919999976,1045.5909919999976,1045.5909919999976,1045.6078174999857,1046.5910026999918,1046.5910026999918,1047.8413295999926,,,,,c,1,1.2402034000115236,None,pp4,001,2025-10-02_15h49.13.007,motor sequence,,2025.1.1,60.06680630369661,2025-10-02 15h49.22.707257 +0530,
-150,z,161,161,33,z,1,1.3383833000116283,None,,,,,33,161,161,3,1047.857570799999,,1047.8415902999986,1047.857570799999,1048.841098399993,1048.841098399993,1048.841098399993,1048.841098399993,1048.858198499991,1049.8409481999988,1049.8409481999988,1051.1915689999878,,,,,z,1,1.3383833000116283,None,pp4,001,2025-10-02_15h49.13.007,motor sequence,,2025.1.1,60.06680630369661,2025-10-02 15h49.22.707257 +0530,
-150,z,162,162,34,z,1,0.7438500999996904,None,,,,,34,162,162,3,1051.2077584999934,,1051.1920331999863,1051.2077584999934,1052.190978899991,1052.190978899991,1052.190978899991,1052.190978899991,1052.2079445999989,1053.1908092999947,1053.1908092999947,1053.9420686999947,,,,,z,1,0.7438500999996904,None,pp4,001,2025-10-02_15h49.13.007,motor sequence,,2025.1.1,60.06680630369661,2025-10-02 15h49.22.707257 +0530,
-150,z,163,163,35,z,1,0.7402333999925759,None,,,,,35,163,163,3,1053.9576817999914,,1053.9424725999997,1053.9576817999914,1054.9409350999922,1054.9409350999922,1054.9409350999922,1054.9409350999922,1054.957700999992,1055.9575095999899,1055.9575095999899,1056.70869449999,,,,,z,1,0.7402333999925759,None,pp4,001,2025-10-02_15h49.13.007,motor sequence,,2025.1.1,60.06680630369661,2025-10-02 15h49.22.707257 +0530,
50,c,164,164,42,c,1,2.5980039999994915,None,,,,,42,164,164,2,1056.7247471999872,,1056.709873899992,1056.7247471999872,1057.707760899997,1057.707760899997,1057.707760899997,1057.707760899997,1057.7247083999973,1058.707543299999,1058.707543299999,1061.3092396999855,,,,,c,1,2.5980039999994915,None,pp4,001,2025-10-02_15h49.13.007,motor sequence,,2025.1.1,60.06680630369661,2025-10-02 15h49.22.707257 +0530,
-150,z,165,165,36,z,1,1.7860466999991331,None,,,,,36,165,165,3,1061.3243782999925,,1061.3099675999983,1061.3243782999925,1062.3250191999978,1062.3250191999978,1062.3250191999978,1062.3250191999978,1062.3250191999978,1063.3247725999972,1063.3247725999972,1065.1248837999883,,,,,z,1,1.7860466999991331,None,pp4,001,2025-10-02_15h49.13.007,motor sequence,,2025.1.1,60.06680630369661,2025-10-02 15h49.22.707257 +0530,
-150,z,166,166,37,z,1,2.5552011999971,None,,,,,37,166,166,3,1065.14102119999,,1065.1251383999916,1065.14102119999,1066.124425899994,1066.124425899994,1066.124425899994,1066.124425899994,1066.140970499997,1067.124368299992,1067.124368299992,1069.6918589999987,,,,,z,1,2.5552011999971,None,pp4,001,2025-10-02_15h49.13.007,motor sequence,,2025.1.1,60.06680630369661,2025-10-02 15h49.22.707257 +0530,
-50,x,167,167,43,x,1,2.586704000001191,None,,,,,43,167,167,0,1069.7079015999916,,1069.6923313999869,1069.7079015999916,1070.6909352999937,1070.6909352999937,1070.6909352999937,1070.6909352999937,1070.7080224999954,1071.6909801999864,1071.6909801999864,1074.291768199997,,,,,x,1,2.586704000001191,None,pp4,001,2025-10-02_15h49.13.007,motor sequence,,2025.1.1,60.06680630369661,2025-10-02 15h49.22.707257 +0530,
-150,z,168,168,38,z,1,0.6341239999892423,None,,,,,38,168,168,3,1074.3075364999968,,1074.292135399999,1074.3075364999968,1075.2910762999963,1075.2910762999963,1075.2910762999963,1075.2910762999963,1075.3077076999907,1076.2910858999967,1076.2910858999967,1076.9414009999891,,,,,z,1,0.6341239999892423,None,pp4,001,2025-10-02_15h49.13.007,motor sequence,,2025.1.1,60.06680630369661,2025-10-02 15h49.22.707257 +0530,
-150,z,169,169,39,z,1,0.9543064000026789,None,,,,,39,169,169,3,1076.9577576999873,,1076.9417541999865,1076.9577576999873,1077.9408822999976,1077.9408822999976,1077.9408822999976,1077.9408822999976,1077.9576815999899,1078.9410883999954,1078.9410883999954,1079.9084153999866,,,,,z,1,0.9543064000026789,None,pp4,001,2025-10-02_15h49.13.007,motor sequence,,2025.1.1,60.06680630369661,2025-10-02 15h49.22.707257 +0530,
-150,z,170,170,40,z,1,0.43165420000150334,None,,,,,40,170,170,3,1079.924495299987,,1079.9090788999893,1079.924495299987,1080.9077443999995,1080.9077443999995,1080.9077443999995,1080.9077443999995,1080.924359599987,1081.924230699995,1081.924230699995,1082.3586774999858,,,,,z,1,0.43165420000150334,None,pp4,001,2025-10-02_15h49.13.007,motor sequence,,2025.1.1,60.06680630369661,2025-10-02 15h49.22.707257 +0530,
50,c,171,171,43,c,1,1.3189643999940017,None,,,,,43,171,171,2,1082.3743583999894,,1082.3593831999897,1082.3743583999894,1083.3742410999985,1083.3742410999985,1083.3742410999985,1083.3742410999985,1083.3742410999985,1084.374674599996,1084.374674599996,1085.708561899999,,,,,c,1,1.3189643999940017,None,pp4,001,2025-10-02_15h49.13.007,motor sequence,,2025.1.1,60.06680630369661,2025-10-02 15h49.22.707257 +0530,
50,c,172,172,44,c,1,0.8588161000079708,None,,,,,44,172,172,2,1085.7244359999895,,1085.7091708999942,1085.7244359999895,1086.7077775999933,1086.7077775999933,1086.7077775999933,1086.7077775999933,1086.72444179999,1087.7077361999982,1087.7077361999982,1088.5750880999985,,,,,c,1,0.8588161000079708,None,pp4,001,2025-10-02_15h49.13.007,motor sequence,,2025.1.1,60.06680630369661,2025-10-02 15h49.22.707257 +0530,
-50,x,173,173,44,x,1,1.15956840000581,None,,,,,44,173,173,0,1088.5909316999896,,1088.5755890999862,1088.5909316999896,1089.5745700999978,1089.5745700999978,1089.5745700999978,1089.5745700999978,1089.5909213999985,1090.5743588999903,1090.5743588999903,1091.7417481999873,,,,,x,1,1.15956840000581,None,pp4,001,2025-10-02_15h49.13.007,motor sequence,,2025.1.1,60.06680630369661,2025-10-02 15h49.22.707257 +0530,
-150,z,174,174,41,z,1,0.8656734999967739,None,,,,,41,174,174,3,1091.7582074999955,,1091.7422385999962,1091.7582074999955,1092.7410398999928,1092.7410398999928,1092.7410398999928,1092.7410398999928,1092.7578332999983,1093.7410328999977,1093.7410328999977,1094.6079488999967,,,,,z,1,0.8656734999967739,None,pp4,001,2025-10-02_15h49.13.007,motor sequence,,2025.1.1,60.06680630369661,2025-10-02 15h49.22.707257 +0530,
-50,x,175,175,45,x,1,1.2986132000078214,None,,,,,45,175,175,0,1094.624203799991,,1094.608342099993,1094.624203799991,1095.6075804999855,1095.6075804999855,1095.6075804999855,1095.6075804999855,1095.6257817999867,1096.6074346999958,1096.6074346999958,1097.9080805999984,,,,,x,1,1.2986132000078214,None,pp4,001,2025-10-02_15h49.13.007,motor sequence,,2025.1.1,60.06680630369661,2025-10-02 15h49.22.707257 +0530,
150,v,176,176,43,v,1,1.283401499997126,None,,,,,43,176,176,1,1097.924175299995,,1097.9084732999909,1097.924175299995,1098.9077052999928,1098.9077052999928,1098.9077052999928,1098.9077052999928,1098.9243425999884,1099.908176699988,1099.908176699988,1101.2079924999998,,,,,v,1,1.283401499997126,None,pp4,001,2025-10-02_15h49.13.007,motor sequence,,2025.1.1,60.06680630369661,2025-10-02 15h49.22.707257 +0530,
-50,x,177,177,46,x,1,0.7663203999982215,None,,,,,46,177,177,0,1101.2241504999984,,1101.2084060999914,1101.2241504999984,1102.2076425999985,1102.2076425999985,1102.2076425999985,1102.2076425999985,1102.224184599996,1103.2078024999937,1103.2078024999937,1103.9745517999982,,,,,x,1,0.7663203999982215,None,pp4,001,2025-10-02_15h49.13.007,motor sequence,,2025.1.1,60.06680630369661,2025-10-02 15h49.22.707257 +0530,
-150,z,178,178,42,z,1,0.8040896000020439,None,,,,,42,178,178,3,1103.9913302999921,,1103.974776099989,1103.9913302999921,1104.9743056999869,1104.9743056999869,1104.9743056999869,1104.9743056999869,1104.9910035999928,1105.974192099995,1105.974192099995,1106.791361599986,,,,,z,1,0.8040896000020439,None,pp4,001,2025-10-02_15h49.13.007,motor sequence,,2025.1.1,60.06680630369661,2025-10-02 15h49.22.707257 +0530,
50,c,179,179,45,c,1,1.277091100011603,None,,,,,45,179,179,2,1106.8077289999928,,1106.7917034999991,1106.8077289999928,1107.790813399988,1107.790813399988,1107.790813399988,1107.790813399988,1107.8075417999935,1108.7907885999884,1108.7907885999884,1110.0749486999994,,,,,c,1,1.277091100011603,None,pp4,001,2025-10-02_15h49.13.007,motor sequence,,2025.1.1,60.06680630369661,2025-10-02 15h49.22.707257 +0530,
-50,x,180,180,47,x,1,3.512363900008495,None,,,,,47,180,180,0,1110.0909680999903,,1110.0754329999909,1110.0909680999903,1111.0752564999857,1111.0752564999857,1111.0752564999857,1111.0752564999857,1111.0914556999924,1112.0741747999855,1112.0741747999855,1115.5913928999944,,,,,x,1,3.512363900008495,None,pp4,001,2025-10-02_15h49.13.007,motor sequence,,2025.1.1,60.06680630369661,2025-10-02 15h49.22.707257 +0530,
-50,x,181,181,48,x,1,1.1228083000023616,None,,,,,48,181,181,0,1115.608084499996,,1115.5919036999985,1115.608084499996,1116.5908026999969,1116.5908026999969,1116.5908026999969,1116.5908026999969,1116.6073820999882,1117.5910538999888,1117.5910538999888,1118.7247125999857,,,,,x,1,1.1228083000023616,None,pp4,001,2025-10-02_15h49.13.007,motor sequence,,2025.1.1,60.06680630369661,2025-10-02 15h49.22.707257 +0530,
50,c,182,182,46,c,1,3.8508853999956045,None,,,,,46,182,182,2,1118.740837999998,,1118.7250188999897,1118.740837999998,1119.7248633999989,1119.7248633999989,1119.7248633999989,1119.7248633999989,1119.7408959999884,1120.7242715999892,1120.7242715999892,1124.5915448999876,,,,,c,1,3.8508853999956045,None,pp4,001,2025-10-02_15h49.13.007,motor sequence,,2025.1.1,60.06680630369661,2025-10-02 15h49.22.707257 +0530,
50,c,183,183,47,c,1,0.9862105999927735,None,,,,,47,183,183,2,1124.6074937999947,,1124.5918604999897,1124.6074937999947,1125.5910766999878,1125.5910766999878,1125.5910766999878,1125.5910766999878,1125.607769899987,1126.591235999993,1126.591235999993,1127.59154519999,,,,,c,1,0.9862105999927735,None,pp4,001,2025-10-02_15h49.13.007,motor sequence,,2025.1.1,60.06680630369661,2025-10-02 15h49.22.707257 +0530,
150,v,184,184,44,v,1,2.2597563000017544,None,,,,,44,184,184,1,1127.6076059999905,,1127.591872799996,1127.6076059999905,1128.591374599986,1128.591374599986,1128.591374599986,1128.591374599986,1128.607708399999,1129.5915972999937,1129.5915972999937,1131.8584519999858,,,,,v,1,2.2597563000017544,None,pp4,001,2025-10-02_15h49.13.007,motor sequence,,2025.1.1,60.06680630369661,2025-10-02 15h49.22.707257 +0530,
150,v,185,185,45,v,1,0.7307578000036301,None,,,,,45,185,185,1,1131.874505099986,,1131.8588169999857,1131.874505099986,1132.8579044999933,1132.8579044999933,1132.8579044999933,1132.8579044999933,1132.8743764999963,1133.874551899993,1133.874551899993,1134.6080170999921,,,,,v,1,0.7307578000036301,None,pp4,001,2025-10-02_15h49.13.007,motor sequence,,2025.1.1,60.06680630369661,2025-10-02 15h49.22.707257 +0530,
50,c,186,186,48,c,1,1.0733805000054417,None,,,,,48,186,186,2,1134.6242400999909,,1134.6082450999966,1134.6242400999909,1135.6079973999877,1135.6079973999877,1135.6079973999877,1135.6079973999877,1135.6242500999942,1136.6076530999999,1136.6076530999999,1137.6915897,,,,,c,1,1.0733805000054417,None,pp4,001,2025-10-02_15h49.13.007,motor sequence,,2025.1.1,60.06680630369661,2025-10-02 15h49.22.707257 +0530,
-150,z,187,187,43,z,1,1.7438054000085685,None,,,,,43,187,187,3,1137.7079510999902,,1137.691910499998,1137.7079510999902,1138.6911869999894,1138.6911869999894,1138.6911869999894,1138.6911869999894,1138.707745599997,1139.6910129999887,1139.6910129999887,1141.4416199999978,,,,,z,1,1.7438054000085685,None,pp4,001,2025-10-02_15h49.13.007,motor sequence,,2025.1.1,60.06680630369661,2025-10-02 15h49.22.707257 +0530,
-150,z,188,188,44,z,1,0.9604445000004489,None,,,,,44,188,188,3,1141.4577151999983,,1141.441991099986,1141.4577151999983,1142.441309899994,1142.441309899994,1142.441309899994,1142.441309899994,1142.458013399999,1143.4411653999996,1143.4411653999996,1144.408730199997,,,,,z,1,0.9604445000004489,None,pp4,001,2025-10-02_15h49.13.007,motor sequence,,2025.1.1,60.06680630369661,2025-10-02 15h49.22.707257 +0530,
-150,z,189,189,45,z,1,0.7961528000014368,None,,,,,45,189,189,3,1144.4244145999983,,1144.4091435999871,1144.4244145999983,1145.4242768999975,1145.4242768999975,1145.4242768999975,1145.4242768999975,1145.4242768999975,1146.4243968999945,1146.4243968999945,1147.2252317999955,,,,,z,1,0.7961528000014368,None,pp4,001,2025-10-02_15h49.13.007,motor sequence,,2025.1.1,60.06680630369661,2025-10-02 15h49.22.707257 +0530,
150,v,190,190,46,v,1,2.1746048999921186,None,,,,,46,190,190,1,1147.2407116999966,,1147.225586799992,1147.2407116999966,1148.224595599997,1148.224595599997,1148.224595599997,1148.224595599997,1148.2410522999999,1149.241224399986,1149.241224399986,1151.42497919999,,,,,v,1,2.1746048999921186,None,pp4,001,2025-10-02_15h49.13.007,motor sequence,,2025.1.1,60.06680630369661,2025-10-02 15h49.22.707257 +0530,
-150,z,191,191,46,z,1,0.7025836999964667,None,,,,,46,191,191,3,1151.4412053999986,,1151.4253417999862,1151.4412053999986,1152.4245162999869,1152.4245162999869,1152.4245162999869,1152.4245162999869,1152.4407809999975,1153.4243997999874,1153.4243997999874,1154.1414761999913,,,,,z,1,0.7025836999964667,None,pp4,001,2025-10-02_15h49.13.007,motor sequence,,2025.1.1,60.06680630369661,2025-10-02 15h49.22.707257 +0530,
150,v,192,192,47,v,1,0.8579268000030424,None,,,,,47,192,192,1,1154.1577666999947,,1154.1418218999897,1154.1577666999947,1155.1412965999916,1155.1412965999916,1155.1412965999916,1155.1412965999916,1155.1583236999868,1156.1410053,1156.1410053,1157.0084651999932,,,,,v,1,0.8579268000030424,None,pp4,001,2025-10-02_15h49.13.007,motor sequence,,2025.1.1,60.06680630369661,2025-10-02 15h49.22.707257 +0530,
-150,z,193,193,47,z,1,0.5388972999935504,None,,,,,47,193,193,3,1157.0245133999997,,1157.0088744999957,1157.0245133999997,1158.008248699989,1158.008248699989,1158.008248699989,1158.008248699989,1158.0245106999937,1159.007853099989,1159.007853099989,1159.5578906999872,,,,,z,1,0.5388972999935504,None,pp4,001,2025-10-02_15h49.13.007,motor sequence,,2025.1.1,60.06680630369661,2025-10-02 15h49.22.707257 +0530,
150,v,194,194,48,v,1,0.5877957999909995,None,,,,,48,194,194,1,1159.5743331999984,,1159.5582400999992,1159.5743331999984,1160.5579369999905,1160.5579369999905,1160.5579369999905,1160.5579369999905,1160.5743374999875,1161.5577934999892,1161.5577934999892,1162.1586370999867,,,,,v,1,0.5877957999909995,None,pp4,001,2025-10-02_15h49.13.007,motor sequence,,2025.1.1,60.06680630369661,2025-10-02 15h49.22.707257 +0530,
-150,z,195,195,48,z,1,0.6887924999900861,None,,,,,48,195,195,3,1162.1744866999943,,1162.1593191999855,1162.1744866999943,1163.174441799987,1163.174441799987,1163.174441799987,1163.174441799987,1163.174441799987,1164.1577483999863,1164.1577483999863,1164.8585183999967,,,,,z,1,0.6887924999900861,None,pp4,001,2025-10-02_15h49.13.007,motor sequence,,2025.1.1,60.06680630369661,2025-10-02 15h49.22.707257 +0530,
-150,z,196,196,49,z,1,0.596829300004174,None,,,,,49,196,196,3,1164.8743934999948,,1164.8590307999984,1164.8743934999948,1165.8578083999892,1165.8578083999892,1165.8578083999892,1165.8578083999892,1165.8745130999887,1166.8575722999958,1166.8575722999958,1167.458259299994,,,,,z,1,0.596829300004174,None,pp4,001,2025-10-02_15h49.13.007,motor sequence,,2025.1.1,60.06680630369661,2025-10-02 15h49.22.707257 +0530,
150,v,197,197,49,v,1,0.8276486999966437,None,,,,,49,197,197,1,1167.4744812999998,,1167.4586282999953,1167.4744812999998,1168.4577807999885,1168.4577807999885,1168.4577807999885,1168.4577807999885,1168.474308799996,1169.457736499986,1169.457736499986,1170.2916658999893,,,,,v,1,0.8276486999966437,None,pp4,001,2025-10-02_15h49.13.007,motor sequence,,2025.1.1,60.06680630369661,2025-10-02 15h49.22.707257 +0530,
-50,x,198,198,49,x,1,1.004864999995334,None,,,,,49,198,198,0,1170.307958599995,,1170.2922471999918,1170.307958599995,1171.291108099991,1171.291108099991,1171.291108099991,1171.291108099991,1171.3078158999997,1172.2910966999916,1172.2910966999916,1173.3088304999983,,,,,x,1,1.004864999995334,None,pp4,001,2025-10-02_15h49.13.007,motor sequence,,2025.1.1,60.06680630369661,2025-10-02 15h49.22.707257 +0530,
50,c,199,199,49,c,1,0.5548134999989998,None,,,,,49,199,199,2,1173.3244332999893,,1173.3093571999925,1173.3244332999893,1174.324416699994,1174.324416699994,1174.324416699994,1174.324416699994,1174.324416699994,1175.3077171999903,1175.3077171999903,1175.8750661999948,,,,,c,1,0.5548134999989998,None,pp4,001,2025-10-02_15h49.13.007,motor sequence,,2025.1.1,60.06680630369661,2025-10-02 15h49.22.707257 +0530,
