pos,corr_resp,thisN,thisTrialN,thisRepN,key_resp.keys,key_resp.corr,key_resp.rt,key_resp.duration,trials.thisRepN,trials.thisTrialN,trials.thisN,trials.thisIndex,trials_2.thisRepN,trials_2.thisTrialN,trials_2.thisN,trials_2.thisIndex,thisRow.t,notes,trial.started,fixation.started,line1.started,line2.started,line3.started,line4.started,fixation.stopped,probe.started,key_resp.started,trial.stopped,trials.key_resp.keys,trials.key_resp.corr,trials.key_resp.rt,trials.key_resp.duration,trials_2.key_resp.keys,trials_2.key_resp.corr,trials_2.key_resp.rt,trials_2.key_resp.duration,participant,session,date,expName,expVersion,psychopyVersion,frameRate,expStart,
-50,x,0,0,0,x,1,0.3443754000036279,None,0,0,0,0,,,,,0.033663700000033714,,0.03132019999611657,0.033663700000033714,1.0130427999974927,1.0130427999974927,1.0130427999974927,1.0130427999974927,1.046250700004748,2.013083400001051,2.013083400001051,2.501768899994204,x,1,0.3443754000036279,None,,,,,pp5,001,2025-10-02_19h35.07.902,motor sequence,,2025.1.1,59.960198422605714,2025-10-02 19h35.20.941416 +0530,
150,v,1,1,0,v,1,0.9519166999962181,None,0,1,1,1,,,,,2.5050259999989066,,2.5020661000016844,2.5050259999989066,3.5131413000053726,3.5131413000053726,3.5131413000053726,3.5131413000053726,3.5131413000053726,4.513238100000308,4.513238100000308,5.480151099996874,v,1,0.9519166999962181,None,,,,,pp5,001,2025-10-02_19h35.07.902,motor sequence,,2025.1.1,59.960198422605714,2025-10-02 19h35.20.941416 +0530,
50,c,2,2,0,c,1,2.200800499995239,None,0,2,2,2,,,,,5.496182100003352,,5.480584100005217,5.496182100003352,6.480038900001091,6.480038900001091,6.480038900001091,6.480038900001091,6.496490299992729,7.479717299996992,7.479717299996992,9.696993899997324,c,1,2.200800499995239,None,,,,,pp5,001,2025-10-02_19h35.07.902,motor sequence,,2025.1.1,59.960198422605714,2025-10-02 19h35.20.941416 +0530,
-150,z,3,3,0,z,1,1.8461485000007087,None,0,3,3,3,,,,,9.712925899992115,,9.697406999999657,9.712925899992115,10.696299699993688,10.696299699993688,10.696299699993688,10.696299699993688,10.71313960000407,11.69648519999464,11.69648519999464,13.548661299995729,z,1,1.8461485000007087,None,,,,,pp5,001,2025-10-02_19h35.07.902,motor sequence,,2025.1.1,59.960198422605714,2025-10-02 19h35.20.941416 +0530,
-50,x,4,0,1,x,1,0.6883509000035701,None,1,0,4,0,,,,,13.563189599997713,,13.549385199992685,13.563189599997713,14.563085000001593,14.563085000001593,14.563085000001593,14.563085000001593,14.563085000001593,15.56336420000298,15.56336420000298,16.265180499991402,x,1,0.6883509000035701,None,,,,,pp5,001,2025-10-02_19h35.07.902,motor sequence,,2025.1.1,59.960198422605714,2025-10-02 19h35.20.941416 +0530,
150,v,5,1,1,v,1,0.7144420999975409,None,1,1,5,1,,,,,16.279725700005656,,16.26567999999679,16.279725700005656,17.279597500004456,17.279597500004456,17.279597500004456,17.279597500004456,17.279597500004456,18.27957869999227,18.27957869999227,18.99672510000528,v,1,0.7144420999975409,None,,,,,pp5,001,2025-10-02_19h35.07.902,motor sequence,,2025.1.1,59.960198422605714,2025-10-02 19h35.20.941416 +0530,
50,c,6,2,1,c,1,0.5744471000070916,None,1,2,6,2,,,,,19.013550699994084,,18.99713829999382,19.013550699994084,19.996121699994546,19.996121699994546,19.996121699994546,19.996121699994546,20.01318490000267,20.996373300004052,20.996373300004052,21.58075330000429,c,1,0.5744471000070916,None,,,,,pp5,001,2025-10-02_19h35.07.902,motor sequence,,2025.1.1,59.960198422605714,2025-10-02 19h35.20.941416 +0530,
-150,z,7,3,1,z,1,0.5572268999967491,None,1,3,7,3,,,,,21.596293700000388,,21.581106700003147,21.596293700000388,22.581035900002462,22.581035900002462,22.581035900002462,22.581035900002462,22.596735099999933,23.579759000000195,23.579759000000195,24.14695439999923,z,1,0.5572268999967491,None,,,,,pp5,001,2025-10-02_19h35.07.902,motor sequence,,2025.1.1,59.960198422605714,2025-10-02 19h35.20.941416 +0530,
-50,x,8,0,2,x,1,0.8207712000003085,None,2,0,8,0,,,,,24.16309529999853,,24.14742789999582,24.16309529999853,25.146691500005545,25.146691500005545,25.146691500005545,25.146691500005545,25.1643264000013,26.147698200002196,26.147698200002196,26.98032410000451,x,1,0.8207712000003085,None,,,,,pp5,001,2025-10-02_19h35.07.902,motor sequence,,2025.1.1,59.960198422605714,2025-10-02 19h35.20.941416 +0530,
150,v,9,1,2,v,1,0.5914546999993036,None,2,1,9,1,,,,,26.996563900000183,,26.980803400001605,26.996563900000183,27.979647200001637,27.979647200001637,27.979647200001637,27.979647200001637,27.996327400003793,28.979832900004112,28.979832900004112,29.580539300004602,v,1,0.5914546999993036,None,,,,,pp5,001,2025-10-02_19h35.07.902,motor sequence,,2025.1.1,59.960198422605714,2025-10-02 19h35.20.941416 +0530,
50,c,10,2,2,c,1,0.3964120000018738,None,2,2,10,2,,,,,29.59646800000337,,29.580904999995255,29.59646800000337,30.579518099999405,30.579518099999405,30.579518099999405,30.579518099999405,30.596716700005345,31.580208400002448,31.580208400002448,31.981364599996596,c,1,0.3964120000018738,None,,,,,pp5,001,2025-10-02_19h35.07.902,motor sequence,,2025.1.1,59.960198422605714,2025-10-02 19h35.20.941416 +0530,
-150,z,11,3,2,z,1,0.3535756999917794,None,2,3,11,3,,,,,31.99635839999246,,31.981849200004945,31.99635839999246,32.997031199993216,32.997031199993216,32.997031199993216,32.997031199993216,32.997031199993216,33.99636229999305,33.99636229999305,34.36397819999547,z,1,0.3535756999917794,None,,,,,pp5,001,2025-10-02_19h35.07.902,motor sequence,,2025.1.1,59.960198422605714,2025-10-02 19h35.20.941416 +0530,
-50,x,12,0,3,x,1,0.7691840999905253,None,3,0,12,0,,,,,34.379714599999716,,34.36441999999806,34.379714599999716,35.36307649999799,35.36307649999799,35.36307649999799,35.36307649999799,35.380398099994636,36.379506900004344,36.379506900004344,37.163572899997234,x,1,0.7691840999905253,None,,,,,pp5,001,2025-10-02_19h35.07.902,motor sequence,,2025.1.1,59.960198422605714,2025-10-02 19h35.20.941416 +0530,
150,v,13,1,3,v,1,0.5962785000010626,None,3,1,13,1,,,,,37.179484799999045,,37.16405449999729,37.179484799999045,38.163149600004544,38.163149600004544,38.163149600004544,38.163149600004544,38.17984149999393,39.16324569999415,39.16324569999415,39.763867100002244,v,1,0.5962785000010626,None,,,,,pp5,001,2025-10-02_19h35.07.902,motor sequence,,2025.1.1,59.960198422605714,2025-10-02 19h35.20.941416 +0530,
50,c,14,2,3,c,1,0.34472760000790004,None,3,2,14,2,,,,,39.77996859999257,,39.76457529999607,39.77996859999257,40.763148300000466,40.763148300000466,40.763148300000466,40.763148300000466,40.780704899996636,41.76356379999197,41.76356379999197,42.113576599993394,c,1,0.34472760000790004,None,,,,,pp5,001,2025-10-02_19h35.07.902,motor sequence,,2025.1.1,59.960198422605714,2025-10-02 19h35.20.941416 +0530,
-150,z,15,3,3,z,1,0.35282400000141934,None,3,3,15,3,,,,,42.12990119999449,,42.113991799997166,42.12990119999449,43.11308799999824,43.11308799999824,43.11308799999824,43.11308799999824,43.1304070000042,44.11302190000424,44.11302190000424,44.48042439999699,z,1,0.35282400000141934,None,,,,,pp5,001,2025-10-02_19h35.07.902,motor sequence,,2025.1.1,59.960198422605714,2025-10-02 19h35.20.941416 +0530,
-50,x,16,0,4,x,1,0.32640779999201186,None,4,0,16,0,,,,,44.49651399999857,,44.48079509999661,44.49651399999857,45.48009319999255,45.48009319999255,45.48009319999255,45.48009319999255,45.496229800002766,46.48105439999199,46.48105439999199,46.81413289999182,x,1,0.32640779999201186,None,,,,,pp5,001,2025-10-02_19h35.07.902,motor sequence,,2025.1.1,59.960198422605714,2025-10-02 19h35.20.941416 +0530,
150,v,17,1,4,v,1,0.37981510000827257,None,4,1,17,1,,,,,46.82961869999417,,46.81483849999495,46.82961869999417,47.829538899997715,47.829538899997715,47.829538899997715,47.829538899997715,47.829538899997715,48.814352699992014,48.814352699992014,49.19728550000582,v,1,0.37981510000827257,None,,,,,pp5,001,2025-10-02_19h35.07.902,motor sequence,,2025.1.1,59.960198422605714,2025-10-02 19h35.20.941416 +0530,
50,c,18,2,4,c,1,0.42452650000632275,None,4,2,18,2,,,,,49.21309160000237,,49.198340000002645,49.21309160000237,50.21318399999291,50.21318399999291,50.21318399999291,50.21318399999291,50.21318399999291,51.21292639999592,51.21292639999592,51.64682259999972,c,1,0.42452650000632275,None,,,,,pp5,001,2025-10-02_19h35.07.902,motor sequence,,2025.1.1,59.960198422605714,2025-10-02 19h35.20.941416 +0530,
-150,z,19,3,4,z,1,0.5410987000068417,None,4,3,19,3,,,,,51.663025200003176,,51.647088900004746,51.663025200003176,52.647290499997325,52.647290499997325,52.647290499997325,52.647290499997325,52.663787800003774,53.64659029999166,53.64659029999166,54.196985100003076,z,1,0.5410987000068417,None,,,,,pp5,001,2025-10-02_19h35.07.902,motor sequence,,2025.1.1,59.960198422605714,2025-10-02 19h35.20.941416 +0530,
-50,x,20,0,5,x,1,0.36563220000243746,None,5,0,20,0,,,,,54.21291810000548,,54.19726760000049,54.21291810000548,55.196208299996215,55.196208299996215,55.196208299996215,55.196208299996215,55.213150399998995,56.196734600001946,56.196734600001946,56.56353230000241,x,1,0.36563220000243746,None,,,,,pp5,001,2025-10-02_19h35.07.902,motor sequence,,2025.1.1,59.960198422605714,2025-10-02 19h35.20.941416 +0530,
150,v,21,1,5,v,1,0.5035876999900211,None,5,1,21,1,,,,,56.58043099999486,,56.56390730000567,56.58043099999486,57.5637476999982,57.5637476999982,57.5637476999982,57.5637476999982,57.57968219999748,58.563146700005746,58.563146700005746,59.08020019999822,v,1,0.5035876999900211,None,,,,,pp5,001,2025-10-02_19h35.07.902,motor sequence,,2025.1.1,59.960198422605714,2025-10-02 19h35.20.941416 +0530,
50,c,22,2,5,c,1,0.4092845999985002,None,5,2,22,2,,,,,59.09643560000404,,59.08057639999606,59.09643560000404,60.07974859999376,60.07974859999376,60.07974859999376,60.07974859999376,60.096531300005154,61.07973840000341,61.07973840000341,61.49702320000506,c,1,0.4092845999985002,None,,,,,pp5,001,2025-10-02_19h35.07.902,motor sequence,,2025.1.1,59.960198422605714,2025-10-02 19h35.20.941416 +0530,
-150,z,23,3,5,z,1,0.6353158999991138,None,5,3,23,3,,,,,61.51300710000214,,61.49746030000097,61.51300710000214,62.49696000000404,62.49696000000404,62.49696000000404,62.49696000000404,62.51320279999345,63.49649629999476,63.49649629999476,64.1472364999936,z,1,0.6353158999991138,None,,,,,pp5,001,2025-10-02_19h35.07.902,motor sequence,,2025.1.1,59.960198422605714,2025-10-02 19h35.20.941416 +0530,
-50,x,24,0,6,x,1,0.5865329999942333,None,6,0,24,0,,,,,64.16359359999478,,64.14772910000465,64.16359359999478,65.1462615000055,65.1462615000055,65.1462615000055,65.1462615000055,65.1629138999997,66.14680709999811,66.14680709999811,66.74736399999529,x,1,0.5865329999942333,None,,,,,pp5,001,2025-10-02_19h35.07.902,motor sequence,,2025.1.1,59.960198422605714,2025-10-02 19h35.20.941416 +0530,
150,v,25,1,6,v,1,0.5450368999881903,None,6,1,25,1,,,,,66.7631309999997,,66.74794669999392,66.7631309999997,67.74643850000575,67.74643850000575,67.74643850000575,67.74643850000575,67.76307129999623,68.76307299999462,68.76307299999462,69.31401699999697,v,1,0.5450368999881903,None,,,,,pp5,001,2025-10-02_19h35.07.902,motor sequence,,2025.1.1,59.960198422605714,2025-10-02 19h35.20.941416 +0530,
50,c,26,2,6,c,1,0.5135750000044936,None,6,2,26,2,,,,,69.33109160000458,,69.3145494999917,69.33109160000458,70.31316649999644,70.31316649999644,70.31316649999644,70.31316649999644,70.34664249999332,71.31303509999998,71.31303509999998,71.83056940000097,c,1,0.5135750000044936,None,,,,,pp5,001,2025-10-02_19h35.07.902,motor sequence,,2025.1.1,59.960198422605714,2025-10-02 19h35.20.941416 +0530,
-150,z,27,3,6,z,1,0.6609749000053853,None,6,3,27,3,,,,,71.84643999999389,,71.83103099999425,71.84643999999389,72.8298466999986,72.8298466999986,72.8298466999986,72.8298466999986,72.84653660000185,73.8297356999974,73.8297356999974,74.49705869999889,z,1,0.6609749000053853,None,,,,,pp5,001,2025-10-02_19h35.07.902,motor sequence,,2025.1.1,59.960198422605714,2025-10-02 19h35.20.941416 +0530,
-50,x,28,0,7,x,1,0.498621999999159,None,7,0,28,0,,,,,74.51298099999258,,74.49751709999691,74.51298099999258,75.49883919999411,75.49883919999411,75.49883919999411,75.49883919999411,75.51327660000243,76.49666330000036,76.49666330000036,76.99711949999619,x,1,0.498621999999159,None,,,,,pp5,001,2025-10-02_19h35.07.902,motor sequence,,2025.1.1,59.960198422605714,2025-10-02 19h35.20.941416 +0530,
150,v,29,1,7,v,1,0.6037099999957718,None,7,1,29,1,,,,,77.01308010000503,,76.99751679999463,77.01308010000503,77.99726469999587,77.99726469999587,77.99726469999587,77.99726469999587,78.0138877999998,78.99634060000244,78.99634060000244,79.61359320000338,v,1,0.6037099999957718,None,,,,,pp5,001,2025-10-02_19h35.07.902,motor sequence,,2025.1.1,59.960198422605714,2025-10-02 19h35.20.941416 +0530,
50,c,30,2,7,c,1,0.5921517999959178,None,7,2,30,2,,,,,79.63039320000098,,79.61441090000153,79.63039320000098,80.61309369999799,80.61309369999799,80.61309369999799,80.61309369999799,80.6295567999914,81.61405829999421,81.61405829999421,82.2138941000012,c,1,0.5921517999959178,None,,,,,pp5,001,2025-10-02_19h35.07.902,motor sequence,,2025.1.1,59.960198422605714,2025-10-02 19h35.20.941416 +0530,
-150,z,31,3,7,z,1,0.6841658000048483,None,7,3,31,3,,,,,82.22986259999743,,82.21479169999657,82.22986259999743,83.21326360000239,83.21326360000239,83.21326360000239,83.21326360000239,83.22993919999863,84.21310039999662,84.21310039999662,84.91404129999864,z,1,0.6841658000048483,None,,,,,pp5,001,2025-10-02_19h35.07.902,motor sequence,,2025.1.1,59.960198422605714,2025-10-02 19h35.20.941416 +0530,
-50,x,32,0,8,x,1,0.6035067999910098,None,8,0,32,0,,,,,84.92992159999267,,84.91459549999854,84.92992159999267,85.91320749999431,85.91320749999431,85.91320749999431,85.91320749999431,85.92974219999451,86.91320939999423,86.91320939999423,87.53078499999538,x,1,0.6035067999910098,None,,,,,pp5,001,2025-10-02_19h35.07.902,motor sequence,,2025.1.1,59.960198422605714,2025-10-02 19h35.20.941416 +0530,
150,v,33,1,8,v,1,0.6313860999944154,None,8,1,33,1,,,,,87.54669550000108,,87.5312164999923,87.54669550000108,88.54652910000004,88.54652910000004,88.54652910000004,88.54652910000004,88.54652910000004,89.5298702,89.5298702,90.1640783000039,v,1,0.6313860999944154,None,,,,,pp5,001,2025-10-02_19h35.07.902,motor sequence,,2025.1.1,59.960198422605714,2025-10-02 19h35.20.941416 +0530,
50,c,34,2,8,c,1,0.46421489999920595,None,8,2,34,2,,,,,90.17975959999603,,90.1646272999933,90.17975959999603,91.16318339999998,91.16318339999998,91.16318339999998,91.16318339999998,91.179827999993,92.16325430000143,92.16325430000143,92.63035140000284,c,1,0.46421489999920595,None,,,,,pp5,001,2025-10-02_19h35.07.902,motor sequence,,2025.1.1,59.960198422605714,2025-10-02 19h35.20.941416 +0530,
-150,z,35,3,8,z,1,0.5705935000005411,None,8,3,35,3,,,,,92.6465584999969,,92.6310713999992,92.6465584999969,93.62974360000226,93.62974360000226,93.62974360000226,93.62974360000226,93.64661049999995,94.629526299992,94.629526299992,95.21360180000192,z,1,0.5705935000005411,None,,,,,pp5,001,2025-10-02_19h35.07.902,motor sequence,,2025.1.1,59.960198422605714,2025-10-02 19h35.20.941416 +0530,
-50,x,36,0,9,x,1,0.45028089999686927,None,9,0,36,0,,,,,95.23031430000265,,95.21385640000517,95.23031430000265,96.21316970000044,96.21316970000044,96.21316970000044,96.21316970000044,96.22987149999244,97.21322599999257,97.21322599999257,97.68016669999633,x,1,0.45028089999686927,None,,,,,pp5,001,2025-10-02_19h35.07.902,motor sequence,,2025.1.1,59.960198422605714,2025-10-02 19h35.20.941416 +0530,
150,v,37,1,9,v,1,0.4772684999916237,None,9,1,37,1,,,,,97.69689550000476,,97.68051279999781,97.69689550000476,98.68002260000503,98.68002260000503,98.68002260000503,98.68002260000503,98.69675479999569,99.67968159999873,99.67968159999873,100.16383799999312,v,1,0.4772684999916237,None,,,,,pp5,001,2025-10-02_19h35.07.902,motor sequence,,2025.1.1,59.960198422605714,2025-10-02 19h35.20.941416 +0530,
50,c,38,2,9,c,1,0.486742699999013,None,9,2,38,2,,,,,100.17990610000561,,100.1646766000049,100.17990610000561,101.1632333000016,101.1632333000016,101.1632333000016,101.1632333000016,101.1797094999929,102.1632030000037,102.1632030000037,102.6638598999998,c,1,0.486742699999013,None,,,,,pp5,001,2025-10-02_19h35.07.902,motor sequence,,2025.1.1,59.960198422605714,2025-10-02 19h35.20.941416 +0530,
-150,z,39,3,9,z,1,0.423494299990125,None,9,3,39,3,,,,,102.6797504999995,,102.66438050000579,102.6797504999995,103.66326839999238,103.66326839999238,103.66326839999238,103.66326839999238,103.67959129999508,104.66312050000124,104.66312050000124,105.09727339999517,z,1,0.423494299990125,None,,,,,pp5,001,2025-10-02_19h35.07.902,motor sequence,,2025.1.1,59.960198422605714,2025-10-02 19h35.20.941416 +0530,
-50,x,40,0,10,x,1,0.4351614999904996,None,10,0,40,0,,,,,105.11370200000238,,105.09800519999408,105.11370200000238,106.11301869999443,106.11301869999443,106.11301869999443,106.11301869999443,106.11301869999443,107.09647740000219,107.09647740000219,107.54955450000125,x,1,0.4351614999904996,None,,,,,pp5,001,2025-10-02_19h35.07.902,motor sequence,,2025.1.1,59.960198422605714,2025-10-02 19h35.20.941416 +0530,
150,v,41,1,10,v,1,0.5641999000072246,None,10,1,41,1,,,,,107.56353070000478,,107.5501607000042,107.56353070000478,108.56310739999753,108.56310739999753,108.56310739999753,108.56310739999753,108.56310739999753,109.56304920000548,109.56304920000548,110.13039279999794,v,1,0.5641999000072246,None,,,,,pp5,001,2025-10-02_19h35.07.902,motor sequence,,2025.1.1,59.960198422605714,2025-10-02 19h35.20.941416 +0530,
50,c,42,2,10,c,1,0.4687126999924658,None,10,2,42,2,,,,,110.14716860000044,,110.13085319999664,110.14716860000044,111.13088179999613,111.13088179999613,111.13088179999613,111.13088179999613,111.14669799999683,112.12969289999455,112.12969289999455,112.61451339999621,c,1,0.4687126999924658,None,,,,,pp5,001,2025-10-02_19h35.07.902,motor sequence,,2025.1.1,59.960198422605714,2025-10-02 19h35.20.941416 +0530,
-150,z,43,3,10,z,1,0.494489299991983,None,10,3,43,3,,,,,112.62980779999634,,112.6150287000055,112.62980779999634,113.63012170000002,113.63012170000002,113.63012170000002,113.63012170000002,113.63012170000002,114.62985129999288,114.62985129999288,115.13066909999179,z,1,0.494489299991983,None,,,,,pp5,001,2025-10-02_19h35.07.902,motor sequence,,2025.1.1,59.960198422605714,2025-10-02 19h35.20.941416 +0530,
-50,x,44,0,11,x,1,0.49505860000499524,None,11,0,44,0,,,,,115.14664779999293,,115.1311124000058,115.14664779999293,116.12999099999433,116.12999099999433,116.12999099999433,116.12999099999433,116.14662189999945,117.1297404999932,117.1297404999932,117.6311740999954,x,1,0.49505860000499524,None,,,,,pp5,001,2025-10-02_19h35.07.902,motor sequence,,2025.1.1,59.960198422605714,2025-10-02 19h35.20.941416 +0530,
150,v,45,1,11,v,1,0.43955630001437385,None,11,1,45,1,,,,,117.64659049999318,,117.63162099999317,117.64659049999318,118.64655799999309,118.64655799999309,118.64655799999309,118.64655799999309,118.64655799999309,119.64653230000113,119.64653230000113,120.09718399999838,v,1,0.43955630001437385,None,,,,,pp5,001,2025-10-02_19h35.07.902,motor sequence,,2025.1.1,59.960198422605714,2025-10-02 19h35.20.941416 +0530,
50,c,46,2,11,c,1,1.8160037000052398,None,11,2,46,2,,,,,120.11325429999852,,120.09768690000055,120.11325429999852,121.09659990000364,121.09659990000364,121.09659990000364,121.09659990000364,121.11322089999157,122.11309479999181,122.11309479999181,123.93049869999231,c,1,1.8160037000052398,None,,,,,pp5,001,2025-10-02_19h35.07.902,motor sequence,,2025.1.1,59.960198422605714,2025-10-02 19h35.20.941416 +0530,
-150,z,47,3,11,z,1,0.5657678000134183,None,11,3,47,3,,,,,123.94653709999693,,123.93108310000389,123.94653709999693,124.93012520000048,124.93012520000048,124.93012520000048,124.93012520000048,124.94665460000397,125.92975399999705,125.92975399999705,126.49704000000202,z,1,0.5657678000134183,None,,,,,pp5,001,2025-10-02_19h35.07.902,motor sequence,,2025.1.1,59.960198422605714,2025-10-02 19h35.20.941416 +0530,
-50,x,48,0,12,c,0,1.0059268999902997,None,12,0,48,0,,,,,126.51306719999411,,126.4975121000025,126.51306719999411,127.49661990000459,127.49661990000459,127.49661990000459,127.49661990000459,127.51321219999227,128.49668019999808,128.49668019999808,129.51419699999678,c,0,1.0059268999902997,None,,,,,pp5,001,2025-10-02_19h35.07.902,motor sequence,,2025.1.1,59.960198422605714,2025-10-02 19h35.20.941416 +0530,
150,v,49,1,12,v,1,1.772079299989855,None,12,1,49,1,,,,,129.53072539999266,,129.51486090000253,129.53072539999266,130.52980099999695,130.52980099999695,130.52980099999695,130.52980099999695,130.52980099999695,131.51390510000056,131.51390510000056,133.29714719999174,v,1,1.772079299989855,None,,,,,pp5,001,2025-10-02_19h35.07.902,motor sequence,,2025.1.1,59.960198422605714,2025-10-02 19h35.20.941416 +0530,
50,c,50,2,12,c,1,0.5661704999947688,None,12,2,50,2,,,,,133.3137002000003,,133.29755649999424,133.3137002000003,134.29651960000047,134.29651960000047,134.29651960000047,134.29651960000047,134.31334389999392,135.29660790000344,135.29660790000344,135.86444380000466,c,1,0.5661704999947688,None,,,,,pp5,001,2025-10-02_19h35.07.902,motor sequence,,2025.1.1,59.960198422605714,2025-10-02 19h35.20.941416 +0530,
-150,z,51,3,12,z,1,0.712190099991858,None,12,3,51,3,,,,,135.87991590000456,,135.86501589999534,135.87991590000456,136.86319069999445,136.86319069999445,136.86319069999445,136.86319069999445,136.87965249999252,137.8802474999975,137.8802474999975,138.59711960000277,z,1,0.712190099991858,None,,,,,pp5,001,2025-10-02_19h35.07.902,motor sequence,,2025.1.1,59.960198422605714,2025-10-02 19h35.20.941416 +0530,
-50,x,52,0,13,x,1,0.5352369000029285,None,13,0,52,0,,,,,138.6132104999997,,138.59746289999748,138.6132104999997,139.596939199997,139.596939199997,139.596939199997,139.596939199997,139.6133928999916,140.5965326000005,140.5965326000005,141.14704979999806,x,1,0.5352369000029285,None,,,,,pp5,001,2025-10-02_19h35.07.902,motor sequence,,2025.1.1,59.960198422605714,2025-10-02 19h35.20.941416 +0530,
150,v,53,1,13,v,1,0.8457447999971919,None,13,1,53,1,,,,,141.16325539999525,,141.14744869999413,141.16325539999525,142.1470416999946,142.1470416999946,142.1470416999946,142.1470416999946,142.16321210000024,143.14654859999428,143.14654859999428,143.99694879999151,v,1,0.8457447999971919,None,,,,,pp5,001,2025-10-02_19h35.07.902,motor sequence,,2025.1.1,59.960198422605714,2025-10-02 19h35.20.941416 +0530,
50,c,54,2,13,c,1,0.5480624000047101,None,13,2,54,2,,,,,144.01332159999583,,143.99737569999706,144.01332159999583,144.99666419999267,144.99666419999267,144.99666419999267,144.99666419999267,145.01310250000097,145.99666809999326,145.99666809999326,146.5470411999995,c,1,0.5480624000047101,None,,,,,pp5,001,2025-10-02_19h35.07.902,motor sequence,,2025.1.1,59.960198422605714,2025-10-02 19h35.20.941416 +0530,
-150,z,55,3,13,z,1,0.7093268000026001,None,13,3,55,3,,,,,146.56346839999605,,146.54745929999626,146.56346839999605,147.54639970000426,147.54639970000426,147.54639970000426,147.54639970000426,147.563267000005,148.54653439999674,148.54653439999674,149.2637786999985,z,1,0.7093268000026001,None,,,,,pp5,001,2025-10-02_19h35.07.902,motor sequence,,2025.1.1,59.960198422605714,2025-10-02 19h35.20.941416 +0530,
-50,x,56,0,14,x,1,0.557889299991075,None,14,0,56,0,,,,,149.28087970000342,,149.26402940000116,149.28087970000342,150.26338400000532,150.26338400000532,150.26338400000532,150.26338400000532,150.27966640000523,151.26324960000056,151.26324960000056,151.83010629999626,x,1,0.557889299991075,None,,,,,pp5,001,2025-10-02_19h35.07.902,motor sequence,,2025.1.1,59.960198422605714,2025-10-02 19h35.20.941416 +0530,
150,v,57,1,14,v,1,0.6046941999957198,None,14,1,57,1,,,,,151.84654739999678,,151.83060359999945,151.84654739999678,152.82990670000436,152.82990670000436,152.82990670000436,152.82990670000436,152.84669849999773,153.83022940000228,153.83022940000228,154.44715759999235,v,1,0.6046941999957198,None,,,,,pp5,001,2025-10-02_19h35.07.902,motor sequence,,2025.1.1,59.960198422605714,2025-10-02 19h35.20.941416 +0530,
50,c,58,2,14,c,1,0.4432241000031354,None,14,2,58,2,,,,,154.46336959999462,,154.44749259999662,154.46336959999462,155.44666129999678,155.44666129999678,155.44666129999678,155.44666129999678,155.4638616000011,156.44655239999702,156.44655239999702,156.8982560000004,c,1,0.4432241000031354,None,,,,,pp5,001,2025-10-02_19h35.07.902,motor sequence,,2025.1.1,59.960198422605714,2025-10-02 19h35.20.941416 +0530,
-150,z,59,3,14,z,1,0.9295822999993106,None,14,3,59,3,,,,,156.9133273000043,,156.89898600000015,156.9133273000043,157.91322750000108,157.91322750000108,157.91322750000108,157.91322750000108,157.91322750000108,158.91311710000446,158.91311710000446,159.8481208000012,z,1,0.9295822999993106,None,,,,,pp5,001,2025-10-02_19h35.07.902,motor sequence,,2025.1.1,59.960198422605714,2025-10-02 19h35.20.941416 +0530,
-50,x,60,0,15,x,1,0.45266629999969155,None,15,0,60,0,,,,,159.86336489999667,,159.84883960000298,159.86336489999667,160.86328190000495,160.86328190000495,160.86328190000495,160.86328190000495,160.86328190000495,161.86322610000207,161.86322610000207,162.33025400000042,x,1,0.45266629999969155,None,,,,,pp5,001,2025-10-02_19h35.07.902,motor sequence,,2025.1.1,59.960198422605714,2025-10-02 19h35.20.941416 +0530,
150,v,61,1,15,v,1,0.41518749999522697,None,15,1,61,1,,,,,162.34672119999595,,162.33053690000088,162.34672119999595,163.3298788999964,163.3298788999964,163.3298788999964,163.3298788999964,163.3468533999985,164.32976150000468,164.32976150000468,164.74718679999933,v,1,0.41518749999522697,None,,,,,pp5,001,2025-10-02_19h35.07.902,motor sequence,,2025.1.1,59.960198422605714,2025-10-02 19h35.20.941416 +0530,
50,c,62,2,15,c,1,0.47318020000238903,None,15,2,62,2,,,,,164.7631454999937,,164.74789869999222,164.7631454999937,165.7465019999945,165.7465019999945,165.7465019999945,165.7465019999945,165.76314339999226,166.74647410000034,166.74647410000034,167.2308567,c,1,0.47318020000238903,None,,,,,pp5,001,2025-10-02_19h35.07.902,motor sequence,,2025.1.1,59.960198422605714,2025-10-02 19h35.20.941416 +0530,
-150,z,63,3,15,z,1,0.6986933999869507,None,15,3,63,3,,,,,167.24675910000224,,167.23161509999773,167.24675910000224,168.22974310000427,168.22974310000427,168.22974310000427,168.22974310000427,168.24691929999972,169.22998249999364,169.22998249999364,169.9302924999938,z,1,0.6986933999869507,None,,,,,pp5,001,2025-10-02_19h35.07.902,motor sequence,,2025.1.1,59.960198422605714,2025-10-02 19h35.20.941416 +0530,
-50,x,64,0,16,x,1,0.7330076000071131,None,16,0,64,0,,,,,169.94651369999337,,169.9310242999927,169.94651369999337,170.92993850000494,170.92993850000494,170.92993850000494,170.92993850000494,170.9466500999988,171.92988329999207,171.92988329999207,172.66409599999315,x,1,0.7330076000071131,None,,,,,pp5,001,2025-10-02_19h35.07.902,motor sequence,,2025.1.1,59.960198422605714,2025-10-02 19h35.20.941416 +0530,
150,v,65,1,16,v,1,1.0266785999992862,None,16,1,65,1,,,,,172.6798487000051,,172.6648079000006,172.6798487000051,173.66399960000126,173.66399960000126,173.66399960000126,173.66399960000126,173.67986970000493,174.66342789999908,174.66342789999908,175.69759789999807,v,1,1.0266785999992862,None,,,,,pp5,001,2025-10-02_19h35.07.902,motor sequence,,2025.1.1,59.960198422605714,2025-10-02 19h35.20.941416 +0530,
50,c,66,2,16,c,1,0.4540094000112731,None,16,2,66,2,,,,,175.7134742999915,,175.69811719999416,175.7134742999915,176.71337840000342,176.71337840000342,176.71337840000342,176.71337840000342,176.71337840000342,177.71327480000036,177.71327480000036,178.18089180000243,c,1,0.4540094000112731,None,,,,,pp5,001,2025-10-02_19h35.07.902,motor sequence,,2025.1.1,59.960198422605714,2025-10-02 19h35.20.941416 +0530,
-150,z,67,3,16,z,1,0.5871163999981945,None,16,3,67,3,,,,,178.1968779000017,,178.18161669999245,178.1968779000017,179.19664239999838,179.19664239999838,179.19664239999838,179.19664239999838,179.19664239999838,180.1798196000018,180.1798196000018,180.7806120000023,z,1,0.5871163999981945,None,,,,,pp5,001,2025-10-02_19h35.07.902,motor sequence,,2025.1.1,59.960198422605714,2025-10-02 19h35.20.941416 +0530,
-50,x,68,0,17,x,1,0.6045173000020441,None,17,0,68,0,,,,,180.79674859999795,,180.78107339999406,180.79674859999795,181.77991889999248,181.77991889999248,181.77991889999248,181.77991889999248,181.79661520000082,182.7797397999966,182.7797397999966,183.3971853999974,x,1,0.6045173000020441,None,,,,,pp5,001,2025-10-02_19h35.07.902,motor sequence,,2025.1.1,59.960198422605714,2025-10-02 19h35.20.941416 +0530,
150,v,69,1,17,v,1,1.224186200008262,None,17,1,69,1,,,,,183.41320519999135,,183.39789629999723,183.41320519999135,184.39671790000284,184.39671790000284,184.39671790000284,184.39671790000284,184.41337470000144,185.3965395999985,185.3965395999985,186.63079149999248,v,1,1.224186200008262,None,,,,,pp5,001,2025-10-02_19h35.07.902,motor sequence,,2025.1.1,59.960198422605714,2025-10-02 19h35.20.941416 +0530,
50,c,70,2,17,c,1,1.1244048999942606,None,17,2,70,2,,,,,186.64661549999437,,186.63122490000387,186.64661549999437,187.63025519999792,187.63025519999792,187.63025519999792,187.63025519999792,187.64669839999988,188.64654849999351,188.64654849999351,189.78053340000042,c,1,1.1244048999942606,None,,,,,pp5,001,2025-10-02_19h35.07.902,motor sequence,,2025.1.1,59.960198422605714,2025-10-02 19h35.20.941416 +0530,
-150,z,71,3,17,z,1,3.9949057000048924,None,17,3,71,3,,,,,189.79664169999887,,189.78118589999212,189.79664169999887,190.78040619999229,190.78040619999229,190.78040619999229,190.78040619999229,190.79672420000134,191.77971109999635,191.77971109999635,195.78057940000144,z,1,3.9949057000048924,None,,,,,pp5,001,2025-10-02_19h35.07.902,motor sequence,,2025.1.1,59.960198422605714,2025-10-02 19h35.20.941416 +0530,
-50,x,72,0,18,x,1,0.9989884999959031,None,18,0,72,0,,,,,195.79658619999827,,195.78103959999862,195.79658619999827,196.7799146000034,196.7799146000034,196.7799146000034,196.7799146000034,196.79678520000016,197.77999749999435,197.77999749999435,198.78094260000216,x,1,0.9989884999959031,None,,,,,pp5,001,2025-10-02_19h35.07.902,motor sequence,,2025.1.1,59.960198422605714,2025-10-02 19h35.20.941416 +0530,
150,v,73,1,18,v,1,0.8036859999992885,None,18,1,73,1,,,,,198.796932199999,,198.78167690000555,198.796932199999,199.79672969999956,199.79672969999956,199.79672969999956,199.79672969999956,199.79672969999956,200.78029660000175,200.78029660000175,201.5970798999915,v,1,0.8036859999992885,None,,,,,pp5,001,2025-10-02_19h35.07.902,motor sequence,,2025.1.1,59.960198422605714,2025-10-02 19h35.20.941416 +0530,
50,c,74,2,18,c,1,0.43573620000097435,None,18,2,74,2,,,,,201.61327410000376,,201.59741439999198,201.61327410000376,202.5967884999991,202.5967884999991,202.5967884999991,202.5967884999991,202.61323230000562,203.596621100005,203.596621100005,204.04735439999786,c,1,0.43573620000097435,None,,,,,pp5,001,2025-10-02_19h35.07.902,motor sequence,,2025.1.1,59.960198422605714,2025-10-02 19h35.20.941416 +0530,
-150,z,75,3,18,z,1,2.9884795999969356,None,18,3,75,3,,,,,204.06325829999696,,204.04786310000054,204.06325829999696,205.04669289999583,205.04669289999583,205.04669289999583,205.04669289999583,205.06381269999838,206.0629501999938,206.0629501999938,209.06405630000518,z,1,2.9884795999969356,None,,,,,pp5,001,2025-10-02_19h35.07.902,motor sequence,,2025.1.1,59.960198422605714,2025-10-02 19h35.20.941416 +0530,
-50,x,76,0,19,x,1,0.4976106000103755,None,19,0,76,0,,,,,209.07964029999857,,209.06452099999296,209.07964029999857,210.06323729999713,210.06323729999713,210.06323729999713,210.06323729999713,210.07992059999378,211.0632106999983,211.0632106999983,211.563963099994,x,1,0.4976106000103755,None,,,,,pp5,001,2025-10-02_19h35.07.902,motor sequence,,2025.1.1,59.960198422605714,2025-10-02 19h35.20.941416 +0530,
150,v,77,1,19,v,1,2.15265659999568,None,19,1,77,1,,,,,211.57987560000038,,211.56441449999693,211.57987560000038,212.5632784000045,212.5632784000045,212.5632784000045,212.5632784000045,212.57970750000095,213.56309700000565,213.56309700000565,215.730418799998,v,1,2.15265659999568,None,,,,,pp5,001,2025-10-02_19h35.07.902,motor sequence,,2025.1.1,59.960198422605714,2025-10-02 19h35.20.941416 +0530,
50,c,78,2,19,c,1,0.4635729000001447,None,19,2,78,2,,,,,215.74670619999233,,215.73092459999316,215.74670619999233,216.73008310000296,216.73008310000296,216.73008310000296,216.73008310000296,216.74666720000096,217.72979569999734,217.72979569999734,218.19733450000058,c,1,0.4635729000001447,None,,,,,pp5,001,2025-10-02_19h35.07.902,motor sequence,,2025.1.1,59.960198422605714,2025-10-02 19h35.20.941416 +0530,
-150,z,79,3,19,z,1,0.6107424000074388,None,19,3,79,3,,,,,218.21316519999527,,218.19802929999423,218.21316519999527,219.19652640000277,219.19652640000277,219.19652640000277,219.19652640000277,219.21323710000433,220.19666430000507,220.19666430000507,220.81402770000568,z,1,0.6107424000074388,None,,,,,pp5,001,2025-10-02_19h35.07.902,motor sequence,,2025.1.1,59.960198422605714,2025-10-02 19h35.20.941416 +0530,
-50,x,80,0,20,x,1,0.6747287000034703,None,20,0,80,0,,,,,220.82998280000174,,220.8145094999927,220.82998280000174,221.81356110000343,221.81356110000343,221.81356110000343,221.81356110000343,221.82976690000214,222.81371299999591,222.81371299999591,223.49792829999933,x,1,0.6747287000034703,None,,,,,pp5,001,2025-10-02_19h35.07.902,motor sequence,,2025.1.1,59.960198422605714,2025-10-02 19h35.20.941416 +0530,
150,v,81,1,20,v,1,0.694327000004705,None,20,1,81,1,,,,,223.51381609999225,,223.4984853999922,223.51381609999225,224.51326320000226,224.51326320000226,224.51326320000226,224.51326320000226,224.51326320000226,225.51332899999397,225.51332899999397,226.21431949999533,v,1,0.694327000004705,None,,,,,pp5,001,2025-10-02_19h35.07.902,motor sequence,,2025.1.1,59.960198422605714,2025-10-02 19h35.20.941416 +0530,
50,c,82,2,20,c,1,0.6802750000060769,None,20,2,82,2,,,,,226.23004159999255,,226.2147799999948,226.23004159999255,227.2299578999955,227.2299578999955,227.2299578999955,227.2299578999955,227.2299578999955,228.2299970000022,228.2299970000022,228.9138496999949,c,1,0.6802750000060769,None,,,,,pp5,001,2025-10-02_19h35.07.902,motor sequence,,2025.1.1,59.960198422605714,2025-10-02 19h35.20.941416 +0530,
-150,z,83,3,20,z,1,0.7962524000031408,None,20,3,83,3,,,,,228.9299858000013,,228.91442030000326,228.9299858000013,229.913427099993,229.913427099993,229.913427099993,229.913427099993,229.9299073000002,230.91336259999662,230.91336259999662,231.71423679999134,z,1,0.7962524000031408,None,,,,,pp5,001,2025-10-02_19h35.07.902,motor sequence,,2025.1.1,59.960198422605714,2025-10-02 19h35.20.941416 +0530,
-50,x,84,0,21,x,1,0.47371020000719,None,21,0,84,0,,,,,231.7299401999917,,231.71497929999896,231.7299401999917,232.71337670000503,232.71337670000503,232.71337670000503,232.71337670000503,232.7299156999943,233.71341799999936,233.71341799999936,234.19710390000546,x,1,0.47371020000719,None,,,,,pp5,001,2025-10-02_19h35.07.902,motor sequence,,2025.1.1,59.960198422605714,2025-10-02 19h35.20.941416 +0530,
150,v,85,1,21,v,1,0.5363901999953669,None,21,1,85,1,,,,,234.2132181999914,,234.1975523000001,234.2132181999914,235.19661080000515,235.19661080000515,235.19661080000515,235.19661080000515,235.21316410000145,236.19650350000302,236.19650350000302,236.74698769999668,v,1,0.5363901999953669,None,,,,,pp5,001,2025-10-02_19h35.07.902,motor sequence,,2025.1.1,59.960198422605714,2025-10-02 19h35.20.941416 +0530,
50,c,86,2,21,c,1,0.525968499990995,None,21,2,86,2,,,,,236.76316119999683,,236.7472640000051,236.76316119999683,237.74659769999562,237.74659769999562,237.74659769999562,237.74659769999562,237.76340809999965,238.74659110000357,238.74659110000357,239.28054039999552,c,1,0.525968499990995,None,,,,,pp5,001,2025-10-02_19h35.07.902,motor sequence,,2025.1.1,59.960198422605714,2025-10-02 19h35.20.941416 +0530,
-150,z,87,3,21,z,1,0.7706273999938276,None,21,3,87,3,,,,,239.29666009999346,,239.28104139999778,239.29666009999346,240.27995189999638,240.27995189999638,240.27995189999638,240.27995189999638,240.29661489999853,241.280257099992,241.280257099992,242.06399460000102,z,1,0.7706273999938276,None,,,,,pp5,001,2025-10-02_19h35.07.902,motor sequence,,2025.1.1,59.960198422605714,2025-10-02 19h35.20.941416 +0530,
-50,x,88,0,22,x,1,0.6274565000057919,None,22,0,88,0,,,,,242.07991879999463,,242.06448549999914,242.07991879999463,243.0632920999924,243.0632920999924,243.0632920999924,243.0632920999924,243.07991590000165,244.0632781000022,244.0632781000022,244.6974845999939,x,1,0.6274565000057919,None,,,,,pp5,001,2025-10-02_19h35.07.902,motor sequence,,2025.1.1,59.960198422605714,2025-10-02 19h35.20.941416 +0530,
150,v,89,1,22,v,1,0.6890340999962064,None,22,1,89,1,,,,,244.71319959999528,,244.698215299999,244.71319959999528,245.71335209999233,245.71335209999233,245.71335209999233,245.71335209999233,245.71335209999233,246.71362059999956,246.71362059999956,247.41404109999712,v,1,0.6890340999962064,None,,,,,pp5,001,2025-10-02_19h35.07.902,motor sequence,,2025.1.1,59.960198422605714,2025-10-02 19h35.20.941416 +0530,
50,c,90,2,22,c,1,0.5476618000102462,None,22,2,90,2,,,,,247.42994159999944,,247.41471389999788,247.42994159999944,248.41334660000575,248.41334660000575,248.41334660000575,248.41334660000575,248.42999049999344,249.4133002000017,249.4133002000017,249.96394679999503,c,1,0.5476618000102462,None,,,,,pp5,001,2025-10-02_19h35.07.902,motor sequence,,2025.1.1,59.960198422605714,2025-10-02 19h35.20.941416 +0530,
-150,z,91,3,22,z,1,0.8862359000049764,None,22,3,91,3,,,,,249.98008569999365,,249.96421869999904,249.98008569999365,250.9633240999974,250.9633240999974,250.9633240999974,250.9633240999974,250.97992470000463,251.96406929999648,251.96406929999648,252.8639092999947,z,1,0.8862359000049764,None,,,,,pp5,001,2025-10-02_19h35.07.902,motor sequence,,2025.1.1,59.960198422605714,2025-10-02 19h35.20.941416 +0530,
-50,x,92,0,23,x,1,1.3791173000063282,None,23,0,92,0,,,,,252.88013140000112,,252.86435799999163,252.88013140000112,253.86356749999686,253.86356749999686,253.86356749999686,253.86356749999686,253.87996560000465,254.86322749999817,254.86322749999817,256.2477744999924,x,1,1.3791173000063282,None,,,,,pp5,001,2025-10-02_19h35.07.902,motor sequence,,2025.1.1,59.960198422605714,2025-10-02 19h35.20.941416 +0530,
150,v,93,1,23,v,1,0.5222044000111055,None,23,1,93,1,,,,,256.26323329999286,,256.24857329999213,256.26323329999286,257.26349470000423,257.26349470000423,257.26349470000423,257.26349470000423,257.26349470000423,258.2632259999955,258.2632259999955,258.7974385999987,v,1,0.5222044000111055,None,,,,,pp5,001,2025-10-02_19h35.07.902,motor sequence,,2025.1.1,59.960198422605714,2025-10-02 19h35.20.941416 +0530,
50,c,94,2,23,c,1,0.6074832000012975,None,23,2,94,2,,,,,258.8132905999955,,258.79860579999513,258.8132905999955,259.8133231999964,259.8133231999964,259.8133231999964,259.8133231999964,259.8133231999964,260.79687769999146,260.79687769999146,261.4141166000045,c,1,0.6074832000012975,None,,,,,pp5,001,2025-10-02_19h35.07.902,motor sequence,,2025.1.1,59.960198422605714,2025-10-02 19h35.20.941416 +0530,
-150,z,95,3,23,z,1,0.9244181999965804,None,23,3,95,3,,,,,261.430036699996,,261.4146025999944,261.430036699996,262.41337520000525,262.41337520000525,262.41337520000525,262.41337520000525,262.42985839999164,263.4132652999979,263.4132652999979,264.3473221000022,z,1,0.9244181999965804,None,,,,,pp5,001,2025-10-02_19h35.07.902,motor sequence,,2025.1.1,59.960198422605714,2025-10-02 19h35.20.941416 +0530,
-50,x,96,0,24,x,1,0.46966789998987224,None,24,0,96,0,,,,,264.36318570000003,,264.34781490000023,264.36318570000003,265.346782099994,265.346782099994,265.346782099994,265.346782099994,265.3633756000054,266.3468878999993,266.3468878999993,266.8305884000001,x,1,0.46966789998987224,None,,,,,pp5,001,2025-10-02_19h35.07.902,motor sequence,,2025.1.1,59.960198422605714,2025-10-02 19h35.20.941416 +0530,
150,v,97,1,24,v,1,0.5765165000048,None,24,1,97,1,,,,,266.8465765000001,,266.8312639999931,266.8465765000001,267.82984950000537,267.82984950000537,267.82984950000537,267.82984950000537,267.84676869999385,268.82952279999154,268.82952279999154,269.4139637000044,v,1,0.5765165000048,None,,,,,pp5,001,2025-10-02_19h35.07.902,motor sequence,,2025.1.1,59.960198422605714,2025-10-02 19h35.20.941416 +0530,
50,c,98,2,24,c,1,0.5134720000060042,None,24,2,98,2,,,,,269.4303222000017,,269.41428689999157,269.4303222000017,270.4131587000011,270.4131587000011,270.4131587000011,270.4131587000011,270.42971569999645,271.4139809000044,271.4139809000044,271.92991540000367,c,1,0.5134720000060042,None,,,,,pp5,001,2025-10-02_19h35.07.902,motor sequence,,2025.1.1,59.960198422605714,2025-10-02 19h35.20.941416 +0530,
-150,z,99,3,24,z,1,0.7264601000060793,None,24,3,99,3,,,,,271.9467375999957,,271.93070579999767,271.9467375999957,272.9299176999921,272.9299176999921,272.9299176999921,272.9299176999921,272.94661719999567,273.9301934999967,273.9301934999967,274.6641177999991,z,1,0.7264601000060793,None,,,,,pp5,001,2025-10-02_19h35.07.902,motor sequence,,2025.1.1,59.960198422605714,2025-10-02 19h35.20.941416 +0530,
-50,x,100,0,25,x,1,0.46872129999974277,None,25,0,100,0,,,,,274.67999799999234,,274.6646851999976,274.67999799999234,275.66323679999914,275.66323679999914,275.66323679999914,275.66323679999914,275.68021779999253,276.6633340999979,276.6633340999979,277.14686749999237,x,1,0.46872129999974277,None,,,,,pp5,001,2025-10-02_19h35.07.902,motor sequence,,2025.1.1,59.960198422605714,2025-10-02 19h35.20.941416 +0530,
150,v,101,1,25,v,1,0.5786795000021812,None,25,1,101,1,,,,,277.16342460000305,,277.14709949999815,277.16342460000305,278.1471102999931,278.1471102999931,278.1471102999931,278.1471102999931,278.16328110000177,279.1463728999952,279.1463728999952,279.73057189999963,v,1,0.5786795000021812,None,,,,,pp5,001,2025-10-02_19h35.07.902,motor sequence,,2025.1.1,59.960198422605714,2025-10-02 19h35.20.941416 +0530,
50,c,102,2,25,c,1,0.36861629999475554,None,25,2,102,2,,,,,279.7467120999936,,279.7309913999925,279.7467120999936,280.73006950000126,280.73006950000126,280.73006950000126,280.73006950000126,280.7471929000021,281.7298940000037,281.7298940000037,282.114313099999,c,1,0.36861629999475554,None,,,,,pp5,001,2025-10-02_19h35.07.902,motor sequence,,2025.1.1,59.960198422605714,2025-10-02 19h35.20.941416 +0530,
-150,z,103,3,25,z,1,0.4495006000070134,None,25,3,103,3,,,,,282.13011549999646,,282.11500469999737,282.13011549999646,283.1133864000003,283.1133864000003,283.1133864000003,283.1133864000003,283.12978800000565,284.1133230999985,284.1133230999985,284.56399739999324,z,1,0.4495006000070134,None,,,,,pp5,001,2025-10-02_19h35.07.902,motor sequence,,2025.1.1,59.960198422605714,2025-10-02 19h35.20.941416 +0530,
-50,x,104,0,26,x,1,0.4169638000021223,None,26,0,104,0,,,,,284.57967979999376,,284.5643929999933,284.57967979999376,285.56324940000195,285.56324940000195,285.56324940000195,285.56324940000195,285.579851100003,286.5633245999925,286.5633245999925,286.99738570000045,x,1,0.4169638000021223,None,,,,,pp5,001,2025-10-02_19h35.07.902,motor sequence,,2025.1.1,59.960198422605714,2025-10-02 19h35.20.941416 +0530,
150,v,105,1,26,v,1,0.5298972000018694,None,26,1,105,1,,,,,287.01332600000023,,286.99792549999256,287.01332600000023,287.99675180000486,287.99675180000486,287.99675180000486,287.99675180000486,288.0134531999938,289.0136898000055,289.0136898000055,289.54767859999265,v,1,0.5298972000018694,None,,,,,pp5,001,2025-10-02_19h35.07.902,motor sequence,,2025.1.1,59.960198422605714,2025-10-02 19h35.20.941416 +0530,
50,c,106,2,26,c,1,0.3736005000100704,None,26,2,106,2,,,,,289.5638469999976,,289.54807119999896,289.5638469999976,290.5466394999967,290.5466394999967,290.5466394999967,290.5466394999967,290.5632734999963,291.5466405000043,291.5466405000043,291.93038449999585,c,1,0.3736005000100704,None,,,,,pp5,001,2025-10-02_19h35.07.902,motor sequence,,2025.1.1,59.960198422605714,2025-10-02 19h35.20.941416 +0530,
-150,z,107,3,26,z,1,0.3666416000050958,None,26,3,107,3,,,,,291.94657590000133,,291.9309032000019,291.94657590000133,292.93090479999955,292.93090479999955,292.93090479999955,292.93090479999955,292.94692380000197,293.9299009999959,293.9299009999959,294.31470249999256,z,1,0.3666416000050958,None,,,,,pp5,001,2025-10-02_19h35.07.902,motor sequence,,2025.1.1,59.960198422605714,2025-10-02 19h35.20.941416 +0530,
-50,x,108,0,27,x,1,1.304737300000852,None,27,0,108,0,,,,,294.32997279999836,,294.3154469000001,294.32997279999836,295.31334880000213,295.31334880000213,295.31334880000213,295.31334880000213,295.3299182000046,296.32984969999234,296.32984969999234,297.6475169000041,x,1,1.304737300000852,None,,,,,pp5,001,2025-10-02_19h35.07.902,motor sequence,,2025.1.1,59.960198422605714,2025-10-02 19h35.20.941416 +0530,
150,v,109,1,27,v,1,0.7036353000003146,None,27,1,109,1,,,,,297.6633060000022,,297.6479917999968,297.6633060000022,298.64687199999753,298.64687199999753,298.64687199999753,298.64687199999753,298.6637066999974,299.6467660999915,299.6467660999915,300.3637935000006,v,1,0.7036353000003146,None,,,,,pp5,001,2025-10-02_19h35.07.902,motor sequence,,2025.1.1,59.960198422605714,2025-10-02 19h35.20.941416 +0530,
50,c,110,2,27,c,1,0.47237699999823235,None,27,2,110,2,,,,,300.3799105999933,,300.36422419999144,300.3799105999933,301.3633417999954,301.3633417999954,301.3633417999954,301.3633417999954,301.37990240000363,302.363366199992,302.363366199992,302.8472504999954,c,1,0.47237699999823235,None,,,,,pp5,001,2025-10-02_19h35.07.902,motor sequence,,2025.1.1,59.960198422605714,2025-10-02 19h35.20.941416 +0530,
-150,z,111,3,27,z,1,0.5217547999927774,None,27,3,111,3,,,,,302.8633923000016,,302.847657899998,302.8633923000016,303.8466868999967,303.8466868999967,303.8466868999967,303.8466868999967,303.86325029999716,304.8465675000043,304.8465675000043,305.38150619999215,z,1,0.5217547999927774,None,,,,,pp5,001,2025-10-02_19h35.07.902,motor sequence,,2025.1.1,59.960198422605714,2025-10-02 19h35.20.941416 +0530,
-50,x,112,0,28,x,1,0.8310445000097388,None,28,0,112,0,,,,,305.3966330999974,,305.38216100000136,305.3966330999974,306.3966819999914,306.3966819999914,306.3966819999914,306.3966819999914,306.3966819999914,307.3966727999941,307.3966727999941,308.2307797999965,x,1,0.8310445000097388,None,,,,,pp5,001,2025-10-02_19h35.07.902,motor sequence,,2025.1.1,59.960198422605714,2025-10-02 19h35.20.941416 +0530,
150,v,113,1,28,v,1,0.5260164000064833,None,28,1,113,1,,,,,308.2466004000016,,308.23139970000193,308.2466004000016,309.2299181999988,309.2299181999988,309.2299181999988,309.2299181999988,309.247145500005,310.2299309999944,310.2299309999944,310.764328499994,v,1,0.5260164000064833,None,,,,,pp5,001,2025-10-02_19h35.07.902,motor sequence,,2025.1.1,59.960198422605714,2025-10-02 19h35.20.941416 +0530,
50,c,114,2,28,c,1,0.4629131999972742,None,28,2,114,2,,,,,310.7799696000002,,310.764766399996,310.7799696000002,311.77991979999933,311.77991979999933,311.77991979999933,311.77991979999933,311.77991979999933,312.7796656999999,312.7796656999999,313.24713730000076,c,1,0.4629131999972742,None,,,,,pp5,001,2025-10-02_19h35.07.902,motor sequence,,2025.1.1,59.960198422605714,2025-10-02 19h35.20.941416 +0530,
-150,z,115,3,28,z,1,0.7847280999994837,None,28,3,115,3,,,,,313.2631637000013,,313.2476951999997,313.2631637000013,314.24646680000296,314.24646680000296,314.24646680000296,314.24646680000296,314.2634834999917,315.2468496999936,315.2468496999936,316.04807780000556,z,1,0.7847280999994837,None,,,,,pp5,001,2025-10-02_19h35.07.902,motor sequence,,2025.1.1,59.960198422605714,2025-10-02 19h35.20.941416 +0530,
-50,x,116,0,29,x,1,0.48773789999540895,None,29,0,116,0,,,,,316.06340210000053,,316.0492449000012,316.06340210000053,317.0635051999998,317.0635051999998,317.0635051999998,317.0635051999998,317.0635051999998,318.0632750999939,318.0632750999939,318.5642138999974,x,1,0.48773789999540895,None,,,,,pp5,001,2025-10-02_19h35.07.902,motor sequence,,2025.1.1,59.960198422605714,2025-10-02 19h35.20.941416 +0530,
150,v,117,1,29,v,1,0.7691763000038918,None,29,1,117,1,,,,,318.5799423999997,,318.5647192000033,318.5799423999997,319.5633209999942,319.5633209999942,319.5633209999942,319.5633209999942,319.5800473999989,320.5634207999974,320.5634207999974,321.3473922999983,v,1,0.7691763000038918,None,,,,,pp5,001,2025-10-02_19h35.07.902,motor sequence,,2025.1.1,59.960198422605714,2025-10-02 19h35.20.941416 +0530,
50,c,118,2,29,c,1,0.4673458000033861,None,29,2,118,2,,,,,321.3635110000032,,321.34803239999746,321.3635110000032,322.3469865999941,322.3469865999941,322.3469865999941,322.3469865999941,322.3633870000049,323.3468545999931,323.3468545999931,323.8304904999968,c,1,0.4673458000033861,None,,,,,pp5,001,2025-10-02_19h35.07.902,motor sequence,,2025.1.1,59.960198422605714,2025-10-02 19h35.20.941416 +0530,
-150,z,119,3,29,z,1,0.6532225999981165,None,29,3,119,3,,,,,323.8468552999984,,323.8309971999988,323.8468552999984,324.8302108999924,324.8302108999924,324.8302108999924,324.8302108999924,324.8467368999991,325.82986329999403,325.82986329999403,326.49750420000055,z,1,0.6532225999981165,None,,,,,pp5,001,2025-10-02_19h35.07.902,motor sequence,,2025.1.1,59.960198422605714,2025-10-02 19h35.20.941416 +0530,
-50,x,120,0,30,x,1,0.5398629999981495,None,30,0,120,0,,,,,326.5141835999966,,326.4978412000055,326.5141835999966,327.49658730000374,327.49658730000374,327.49658730000374,327.49658730000374,327.51336399999855,328.4967633999913,328.4967633999913,329.04734669999743,x,1,0.5398629999981495,None,,,,,pp5,001,2025-10-02_19h35.07.902,motor sequence,,2025.1.1,59.960198422605714,2025-10-02 19h35.20.941416 +0530,
150,v,121,1,30,v,1,0.7839542000001529,None,30,1,121,1,,,,,329.0632884999941,,329.04771689999325,329.0632884999941,330.046654699996,330.046654699996,330.046654699996,330.046654699996,330.0633356000035,331.0467170000047,331.0467170000047,331.84771639999235,v,1,0.7839542000001529,None,,,,,pp5,001,2025-10-02_19h35.07.902,motor sequence,,2025.1.1,59.960198422605714,2025-10-02 19h35.20.941416 +0530,
50,c,122,2,30,c,1,0.6998255999933463,None,30,2,122,2,,,,,331.86343129999295,,331.84830359999614,331.86343129999295,332.8634565999964,332.8634565999964,332.8634565999964,332.8634565999964,332.8634565999964,333.86323750000156,333.86323750000156,334.56439189999946,c,1,0.6998255999933463,None,,,,,pp5,001,2025-10-02_19h35.07.902,motor sequence,,2025.1.1,59.960198422605714,2025-10-02 19h35.20.941416 +0530,
-150,z,123,3,30,z,1,1.0848191999975825,None,30,3,123,3,,,,,334.5801569000032,,334.56496669999615,334.5801569000032,335.5636158999987,335.5636158999987,335.5636158999987,335.5636158999987,335.58032130000356,336.5800298999966,336.5800298999966,337.68075549999776,z,1,1.0848191999975825,None,,,,,pp5,001,2025-10-02_19h35.07.902,motor sequence,,2025.1.1,59.960198422605714,2025-10-02 19h35.20.941416 +0530,
-50,x,124,0,31,x,1,0.6343291999946814,None,31,0,124,0,,,,,337.6967272000038,,337.6812183000002,337.6967272000038,338.6806452000019,338.6806452000019,338.6806452000019,338.6806452000019,338.6967511999974,339.6799403000041,339.6799403000041,340.3335519999964,x,1,0.6343291999946814,None,,,,,pp5,001,2025-10-02_19h35.07.902,motor sequence,,2025.1.1,59.960198422605714,2025-10-02 19h35.20.941416 +0530,
150,v,125,1,31,v,1,0.7197491000115406,None,31,1,125,1,,,,,340.3469610000029,,340.33387099999527,340.3469610000029,341.3466813999985,341.3466813999985,341.3466813999985,341.3466813999985,341.3466813999985,342.3465855999966,342.3465855999966,343.08038499999384,v,1,0.7197491000115406,None,,,,,pp5,001,2025-10-02_19h35.07.902,motor sequence,,2025.1.1,59.960198422605714,2025-10-02 19h35.20.941416 +0530,
50,c,126,2,31,c,1,0.7518859999981942,None,31,2,126,2,,,,,343.097525899997,,343.080627599993,343.097525899997,344.08008800000243,344.08008800000243,344.08008800000243,344.08008800000243,344.09664740000153,345.0800725000008,345.0800725000008,345.8482326999947,c,1,0.7518859999981942,None,,,,,pp5,001,2025-10-02_19h35.07.902,motor sequence,,2025.1.1,59.960198422605714,2025-10-02 19h35.20.941416 +0530,
-150,z,127,3,31,z,1,0.7357676999963587,None,31,3,127,3,,,,,345.8638503999973,,345.84870629999205,345.8638503999973,346.8633892999933,346.8633892999933,346.8633892999933,346.8633892999933,346.8633892999933,347.86339260000386,347.86339260000386,348.61446609999985,z,1,0.7357676999963587,None,,,,,pp5,001,2025-10-02_19h35.07.902,motor sequence,,2025.1.1,59.960198422605714,2025-10-02 19h35.20.941416 +0530,
-50,x,128,0,32,x,1,0.906351600002381,None,32,0,128,0,,,,,348.6300029999984,,348.6149296999938,348.6300029999984,349.6303237999964,349.6303237999964,349.6303237999964,349.6303237999964,349.6303237999964,350.6136528999923,350.6136528999923,351.53240189999633,x,1,0.906351600002381,None,,,,,pp5,001,2025-10-02_19h35.07.902,motor sequence,,2025.1.1,59.960198422605714,2025-10-02 19h35.20.941416 +0530,
150,v,129,1,32,v,1,0.5067564000055427,None,32,1,129,1,,,,,351.54670229999465,,351.5327655000001,351.54670229999465,352.54677309999533,352.54677309999533,352.54677309999533,352.54677309999533,352.54677309999533,353.54679849999957,353.54679849999957,354.06393960000423,v,1,0.5067564000055427,None,,,,,pp5,001,2025-10-02_19h35.07.902,motor sequence,,2025.1.1,59.960198422605714,2025-10-02 19h35.20.941416 +0530,
50,c,130,2,32,c,1,0.6345189000130631,None,32,2,130,2,,,,,354.0800222999969,,354.06433369999286,354.0800222999969,355.0632148000004,355.0632148000004,355.0632148000004,355.0632148000004,355.0797179999936,356.06440229999134,356.06440229999134,356.7138244999951,c,1,0.6345189000130631,None,,,,,pp5,001,2025-10-02_19h35.07.902,motor sequence,,2025.1.1,59.960198422605714,2025-10-02 19h35.20.941416 +0530,
-150,z,131,3,32,z,1,0.4857685000024503,None,32,3,131,3,,,,,356.72995880000235,,356.71421979999286,356.72995880000235,357.7130696999957,357.7130696999957,357.7130696999957,357.7130696999957,357.7300191999966,358.71398499999486,358.71398499999486,359.2139485999942,z,1,0.4857685000024503,None,,,,,pp5,001,2025-10-02_19h35.07.902,motor sequence,,2025.1.1,59.960198422605714,2025-10-02 19h35.20.941416 +0530,
-50,x,132,0,33,x,1,0.7277694999938831,None,33,0,132,0,,,,,359.2298193000024,,359.21444070000143,359.2298193000024,360.2132600000041,360.2132600000041,360.2132600000041,360.2132600000041,360.229772199993,361.2140048000001,361.2140048000001,361.9476696000056,x,1,0.7277694999938831,None,,,,,pp5,001,2025-10-02_19h35.07.902,motor sequence,,2025.1.1,59.960198422605714,2025-10-02 19h35.20.941416 +0530,
150,v,133,1,33,v,1,1.8328256999957375,None,33,1,133,1,,,,,361.96329289999267,,361.94816040000296,361.96329289999267,362.9633687000023,362.9633687000023,362.9633687000023,362.9633687000023,362.9633687000023,363.9634393000015,363.9634393000015,365.7975398999988,v,1,1.8328256999957375,None,,,,,pp5,001,2025-10-02_19h35.07.902,motor sequence,,2025.1.1,59.960198422605714,2025-10-02 19h35.20.941416 +0530,
50,c,134,2,33,c,1,0.8801430999883451,None,33,2,134,2,,,,,365.81469579999975,,365.7980571999942,365.81469579999975,366.79701249999925,366.79701249999925,366.79701249999925,366.79701249999925,366.82987659999344,367.79705130000366,367.79705130000366,368.6807453999936,c,1,0.8801430999883451,None,,,,,pp5,001,2025-10-02_19h35.07.902,motor sequence,,2025.1.1,59.960198422605714,2025-10-02 19h35.20.941416 +0530,
-150,z,135,3,33,z,1,0.8333394000073895,None,33,3,135,3,,,,,368.69698320000316,,368.68122869999206,368.69698320000316,369.68078850000165,369.68078850000165,369.68078850000165,369.68078850000165,369.6978225000057,370.6799391999957,370.6799391999957,371.5140817999927,z,1,0.8333394000073895,None,,,,,pp5,001,2025-10-02_19h35.07.902,motor sequence,,2025.1.1,59.960198422605714,2025-10-02 19h35.20.941416 +0530,
-50,x,136,0,34,x,1,0.8118070000055013,None,34,0,136,0,,,,,371.52977459999966,,371.51450010000553,371.52977459999966,372.5135101000051,372.5135101000051,372.5135101000051,372.5135101000051,372.53032419999363,373.51366929999494,373.51366929999494,374.3307281000016,x,1,0.8118070000055013,None,,,,,pp5,001,2025-10-02_19h35.07.902,motor sequence,,2025.1.1,59.960198422605714,2025-10-02 19h35.20.941416 +0530,
150,v,137,1,34,v,1,0.5945804999937536,None,34,1,137,1,,,,,374.34682520000206,,374.3312276999932,374.34682520000206,375.34674720000476,375.34674720000476,375.34674720000476,375.34674720000476,375.34674720000476,376.3301094000053,376.3301094000053,376.9306075999921,v,1,0.5945804999937536,None,,,,,pp5,001,2025-10-02_19h35.07.902,motor sequence,,2025.1.1,59.960198422605714,2025-10-02 19h35.20.941416 +0530,
50,c,138,2,34,c,1,0.534255899998243,None,34,2,138,2,,,,,376.9470569999976,,376.93092319999414,376.9470569999976,377.93017740000505,377.93017740000505,377.93017740000505,377.93017740000505,377.94675489999645,378.9299885999935,378.9299885999935,379.48040949999995,c,1,0.534255899998243,None,,,,,pp5,001,2025-10-02_19h35.07.902,motor sequence,,2025.1.1,59.960198422605714,2025-10-02 19h35.20.941416 +0530,
-150,z,139,3,34,z,1,0.49232009999104775,None,34,3,139,3,,,,,379.49674940000114,,379.4807424000028,379.49674940000114,380.47996630000125,380.47996630000125,380.47996630000125,380.47996630000125,380.4967018000025,381.48081249999814,381.48081249999814,381.98091759999807,z,1,0.49232009999104775,None,,,,,pp5,001,2025-10-02_19h35.07.902,motor sequence,,2025.1.1,59.960198422605714,2025-10-02 19h35.20.941416 +0530,
-50,x,140,0,35,x,1,0.47022310001193546,None,35,0,140,0,,,,,381.99658730000374,,381.9812264999928,381.99658730000374,382.9801027999929,382.9801027999929,382.9801027999929,382.9801027999929,382.99696059999405,383.9801538000029,383.9801538000029,384.4641081000009,x,1,0.47022310001193546,None,,,,,pp5,001,2025-10-02_19h35.07.902,motor sequence,,2025.1.1,59.960198422605714,2025-10-02 19h35.20.941416 +0530,
150,v,141,1,35,v,1,0.716862699991907,None,35,1,141,1,,,,,384.4799425999954,,384.46487860000343,384.4799425999954,385.46333640000375,385.46333640000375,385.46333640000375,385.46333640000375,385.4800280999916,386.4800503000006,386.4800503000006,387.21372939999856,v,1,0.716862699991907,None,,,,,pp5,001,2025-10-02_19h35.07.902,motor sequence,,2025.1.1,59.960198422605714,2025-10-02 19h35.20.941416 +0530,
50,c,142,2,35,c,1,0.5207959999970626,None,35,2,142,2,,,,,387.2298848999926,,387.2140398000047,387.2298848999926,388.21349270000064,388.21349270000064,388.21349270000064,388.21349270000064,388.2301681999961,389.2133625999995,389.2133625999995,389.747328700003,c,1,0.5207959999970626,None,,,,,pp5,001,2025-10-02_19h35.07.902,motor sequence,,2025.1.1,59.960198422605714,2025-10-02 19h35.20.941416 +0530,
-150,z,143,3,35,z,1,0.7513524999958463,None,35,3,143,3,,,,,389.76391619999777,,389.74774429999525,389.76391619999777,390.7469277999917,390.7469277999917,390.7469277999917,390.7469277999917,390.763632400005,391.7470968999987,391.7470968999987,392.514119200001,z,1,0.7513524999958463,None,,,,,pp5,001,2025-10-02_19h35.07.902,motor sequence,,2025.1.1,59.960198422605714,2025-10-02 19h35.20.941416 +0530,
-50,x,144,0,36,x,1,0.44898169999942183,None,36,0,144,0,,,,,392.530399700001,,392.51463520000107,392.530399700001,393.51329099999566,393.51329099999566,393.51329099999566,393.51329099999566,393.53017450000334,394.51389269999345,394.51389269999345,394.9639817999996,x,1,0.44898169999942183,None,,,,,pp5,001,2025-10-02_19h35.07.902,motor sequence,,2025.1.1,59.960198422605714,2025-10-02 19h35.20.941416 +0530,
150,v,145,1,36,v,1,0.5951369999966118,None,36,1,145,1,,,,,394.98005739999644,,394.9642993000016,394.98005739999644,395.9631836000044,395.9631836000044,395.9631836000044,395.9631836000044,395.97999819999677,396.9636471999984,396.9636471999984,397.5636962999997,v,1,0.5951369999966118,None,,,,,pp5,001,2025-10-02_19h35.07.902,motor sequence,,2025.1.1,59.960198422605714,2025-10-02 19h35.20.941416 +0530,
50,c,146,2,36,c,1,0.457500100004836,None,36,2,146,2,,,,,397.5806647999998,,397.56404280000424,397.5806647999998,398.56366960000014,398.56366960000014,398.56366960000014,398.56366960000014,398.57995479999227,399.5632961999945,399.5632961999945,400.0305306999944,c,1,0.457500100004836,None,,,,,pp5,001,2025-10-02_19h35.07.902,motor sequence,,2025.1.1,59.960198422605714,2025-10-02 19h35.20.941416 +0530,
-150,z,147,3,36,z,1,0.6009435999876587,None,36,3,147,3,,,,,400.0471561000013,,400.03097290000005,400.0471561000013,401.03002299999935,401.03002299999935,401.03002299999935,401.03002299999935,401.0466022000037,402.029724299995,402.029724299995,402.64791949999926,z,1,0.6009435999876587,None,,,,,pp5,001,2025-10-02_19h35.07.902,motor sequence,,2025.1.1,59.960198422605714,2025-10-02 19h35.20.941416 +0530,
-50,x,148,0,37,x,1,0.3836453999974765,None,37,0,148,0,,,,,402.66334169999755,,402.6483615000034,402.66334169999755,403.6633340999979,403.6633340999979,403.6633340999979,403.6633340999979,403.6633340999979,404.66341999999713,404.66341999999713,405.06419489999826,x,1,0.3836453999974765,None,,,,,pp5,001,2025-10-02_19h35.07.902,motor sequence,,2025.1.1,59.960198422605714,2025-10-02 19h35.20.941416 +0530,
150,v,149,1,37,v,1,0.4990084000019124,None,37,1,149,1,,,,,405.0799104000034,,405.06478380000044,405.0799104000034,406.06362600000284,406.06362600000284,406.06362600000284,406.06362600000284,406.0799704999954,407.0636799000058,407.0636799000058,407.5639399999927,v,1,0.4990084000019124,None,,,,,pp5,001,2025-10-02_19h35.07.902,motor sequence,,2025.1.1,59.960198422605714,2025-10-02 19h35.20.941416 +0530,
50,c,150,2,37,c,1,0.39715829999477137,None,37,2,150,2,,,,,407.57984769999166,,407.5642955999938,407.57984769999166,408.5639700000029,408.5639700000029,408.5639700000029,408.5639700000029,408.579748499993,409.5634668999992,409.5634668999992,409.9639717999962,c,1,0.39715829999477137,None,,,,,pp5,001,2025-10-02_19h35.07.902,motor sequence,,2025.1.1,59.960198422605714,2025-10-02 19h35.20.941416 +0530,
-150,z,151,3,37,z,1,0.5211020999995526,None,37,3,151,3,,,,,409.9801201999944,,409.9642853999976,409.9801201999944,410.9637825999962,410.9637825999962,410.9637825999962,410.9637825999962,410.9805434000009,411.96325040000374,411.96325040000374,412.49706850000075,z,1,0.5211020999995526,None,,,,,pp5,001,2025-10-02_19h35.07.902,motor sequence,,2025.1.1,59.960198422605714,2025-10-02 19h35.20.941416 +0530,
-50,x,152,0,38,x,1,0.5388118000118993,None,38,0,152,0,,,,,412.5133885999967,,412.4973708000034,412.5133885999967,413.49670909999986,413.49670909999986,413.49670909999986,413.49670909999986,413.5139419000043,414.4968302000052,414.4968302000052,415.047802400004,x,1,0.5388118000118993,None,,,,,pp5,001,2025-10-02_19h35.07.902,motor sequence,,2025.1.1,59.960198422605714,2025-10-02 19h35.20.941416 +0530,
150,v,153,1,38,v,1,0.6787564999976894,None,38,1,153,1,,,,,415.0635911999998,,415.04857959999936,415.0635911999998,416.0638738999987,416.0638738999987,416.0638738999987,416.0638738999987,416.0638738999987,417.0634041000012,417.0634041000012,417.7474118999962,v,1,0.6787564999976894,None,,,,,pp5,001,2025-10-02_19h35.07.902,motor sequence,,2025.1.1,59.960198422605714,2025-10-02 19h35.20.941416 +0530,
50,c,154,2,38,c,1,0.3960783999937121,None,38,2,154,2,,,,,417.7633153999923,,417.74767290000455,417.7633153999923,418.7467118999921,418.7467118999921,418.7467118999921,418.7467118999921,418.7632364000019,419.74656040000264,419.74656040000264,420.1470305999974,c,1,0.3960783999937121,None,,,,,pp5,001,2025-10-02_19h35.07.902,motor sequence,,2025.1.1,59.960198422605714,2025-10-02 19h35.20.941416 +0530,
-150,z,155,3,38,z,1,0.6036585999972885,None,38,3,155,3,,,,,420.16350019999663,,420.14747460000217,420.16350019999663,421.1469860999932,421.1469860999932,421.1469860999932,421.1469860999932,421.16330339999695,422.1472231999942,422.1472231999942,422.76419620000524,z,1,0.6036585999972885,None,,,,,pp5,001,2025-10-02_19h35.07.902,motor sequence,,2025.1.1,59.960198422605714,2025-10-02 19h35.20.941416 +0530,
-50,x,156,0,39,x,1,0.35188609999022447,None,39,0,156,0,,,,,422.7798505999963,,422.7644794999942,422.7798505999963,423.76344080000126,423.76344080000126,423.76344080000126,423.76344080000126,423.78049869999813,424.7633244000026,424.7633244000026,425.1303071000002,x,1,0.35188609999022447,None,,,,,pp5,001,2025-10-02_19h35.07.902,motor sequence,,2025.1.1,59.960198422605714,2025-10-02 19h35.20.941416 +0530,
150,v,157,1,39,v,1,0.3149362999974983,None,39,1,157,1,,,,,425.1475631999929,,425.1308480000007,425.1475631999929,426.1301143000019,426.1301143000019,426.1301143000019,426.1301143000019,426.14661719999276,427.13023450000037,427.13023450000037,427.4470829000056,v,1,0.3149362999974983,None,,,,,pp5,001,2025-10-02_19h35.07.902,motor sequence,,2025.1.1,59.960198422605714,2025-10-02 19h35.20.941416 +0530,
50,c,158,2,39,c,1,0.49078179999196436,None,39,2,158,2,,,,,427.4632864000014,,427.4475480999972,427.4632864000014,428.44679269999324,428.44679269999324,428.44679269999324,428.44679269999324,428.46340659999987,429.44683729999815,429.44683729999815,429.9479180999915,c,1,0.49078179999196436,None,,,,,pp5,001,2025-10-02_19h35.07.902,motor sequence,,2025.1.1,59.960198422605714,2025-10-02 19h35.20.941416 +0530,
-150,z,159,3,39,z,1,0.7298106999951415,None,39,3,159,3,,,,,429.96347940000123,,429.9484225000051,429.96347940000123,430.9635200000048,430.9635200000048,430.9635200000048,430.9635200000048,430.9635200000048,431.96365119999973,431.96365119999973,432.6971693999949,z,1,0.7298106999951415,None,,,,,pp5,001,2025-10-02_19h35.07.902,motor sequence,,2025.1.1,59.960198422605714,2025-10-02 19h35.20.941416 +0530,
-50,x,160,0,40,x,1,0.8006268000026466,None,40,0,160,0,,,,,432.71346499999345,,432.69757859999663,432.71346499999345,433.6967924000055,433.6967924000055,433.6967924000055,433.6967924000055,433.713551199995,434.69666309999593,434.69666309999593,435.5139521999954,x,1,0.8006268000026466,None,,,,,pp5,001,2025-10-02_19h35.07.902,motor sequence,,2025.1.1,59.960198422605714,2025-10-02 19h35.20.941416 +0530,
150,v,161,1,40,v,1,1.2021145000035176,None,40,1,161,1,,,,,435.5309675000026,,435.51436309999553,435.5309675000026,436.51319100000546,436.51319100000546,436.51319100000546,436.51319100000546,436.54662090000056,437.51346859999467,437.51346859999467,438.7307080000028,v,1,1.2021145000035176,None,,,,,pp5,001,2025-10-02_19h35.07.902,motor sequence,,2025.1.1,59.960198422605714,2025-10-02 19h35.20.941416 +0530,
50,c,162,2,40,c,1,0.5627356999902986,None,40,2,162,2,,,,,438.74673749999783,,438.7313204999955,438.74673749999783,439.7300564000034,439.7300564000034,439.7300564000034,439.7300564000034,439.74680649999937,440.7301417999988,440.7301417999988,441.2973942999961,c,1,0.5627356999902986,None,,,,,pp5,001,2025-10-02_19h35.07.902,motor sequence,,2025.1.1,59.960198422605714,2025-10-02 19h35.20.941416 +0530,
-150,z,163,3,40,z,1,0.5759067999897525,None,40,3,163,3,,,,,441.3132811999967,,441.29772400000365,441.3132811999967,442.2967820000049,442.2967820000049,442.2967820000049,442.2967820000049,442.31374030000006,443.2969827000052,443.2969827000052,443.88069570000516,z,1,0.5759067999897525,None,,,,,pp5,001,2025-10-02_19h35.07.902,motor sequence,,2025.1.1,59.960198422605714,2025-10-02 19h35.20.941416 +0530,
-50,x,164,0,41,x,1,0.5405336999974679,None,41,0,164,0,,,,,443.89699239999754,,443.8811672000011,443.89699239999754,444.8800565999991,444.8800565999991,444.8800565999991,444.8800565999991,444.8967877999967,445.88012739999976,445.88012739999976,446.4304628999962,x,1,0.5405336999974679,None,,,,,pp5,001,2025-10-02_19h35.07.902,motor sequence,,2025.1.1,59.960198422605714,2025-10-02 19h35.20.941416 +0530,
150,v,165,1,41,v,1,0.302869399994961,None,41,1,165,1,,,,,446.4471542999963,,446.43097139999736,446.4471542999963,447.43015139999625,447.43015139999625,447.43015139999625,447.43015139999625,447.4469195999991,448.4299572000018,448.4299572000018,448.74746090000554,v,1,0.302869399994961,None,,,,,pp5,001,2025-10-02_19h35.07.902,motor sequence,,2025.1.1,59.960198422605714,2025-10-02 19h35.20.941416 +0530,
50,c,166,2,41,c,1,0.4006151000066893,None,41,2,166,2,,,,,448.76368649999495,,448.74813759999233,448.76368649999495,449.7469514999975,449.7469514999975,449.7469514999975,449.7469514999975,449.76350430000457,450.74679879999894,450.74679879999894,451.16416289999324,c,1,0.4006151000066893,None,,,,,pp5,001,2025-10-02_19h35.07.902,motor sequence,,2025.1.1,59.960198422605714,2025-10-02 19h35.20.941416 +0530,
-150,z,167,3,41,z,1,0.5843458000017563,None,41,3,167,3,,,,,451.18001229999936,,451.16461769999296,451.18001229999936,452.1635549999919,452.1635549999919,452.1635549999919,452.1635549999919,452.1801207999961,453.1633199999924,453.1633199999924,453.76499579999654,z,1,0.5843458000017563,None,,,,,pp5,001,2025-10-02_19h35.07.902,motor sequence,,2025.1.1,59.960198422605714,2025-10-02 19h35.20.941416 +0530,
-50,x,168,0,42,x,1,1.2430619000078877,None,42,0,168,0,,,,,453.7801155999914,,453.7656844000012,453.7801155999914,454.7799665000057,454.7799665000057,454.7799665000057,454.7799665000057,454.7799665000057,455.78021110000554,455.78021110000554,457.030935200004,x,1,1.2430619000078877,None,,,,,pp5,001,2025-10-02_19h35.07.902,motor sequence,,2025.1.1,59.960198422605714,2025-10-02 19h35.20.941416 +0530,
150,v,169,1,42,v,1,0.8990075000037905,None,42,1,169,1,,,,,457.04683969999314,,457.0319021000032,457.04683969999314,458.0300208999979,458.0300208999979,458.0300208999979,458.0300208999979,458.0467983999988,459.03002320000087,459.03002320000087,459.930806999997,v,1,0.8990075000037905,None,,,,,pp5,001,2025-10-02_19h35.07.902,motor sequence,,2025.1.1,59.960198422605714,2025-10-02 19h35.20.941416 +0530,
50,c,170,2,42,c,1,0.5421800999902189,None,42,2,170,2,,,,,459.9468396000011,,459.93134969999664,459.9468396000011,460.9300507000007,460.9300507000007,460.9300507000007,460.9300507000007,460.94686949999596,461.9300743000058,461.9300743000058,462.4807609999989,c,1,0.5421800999902189,None,,,,,pp5,001,2025-10-02_19h35.07.902,motor sequence,,2025.1.1,59.960198422605714,2025-10-02 19h35.20.941416 +0530,
-150,z,171,3,42,z,1,0.8860316000063904,None,42,3,171,3,,,,,462.4967258999968,,462.4811128000001,462.4967258999968,463.4800331000006,463.4800331000006,463.4800331000006,463.4800331000006,463.4967298999982,464.47981200000504,464.47981200000504,465.3806639999966,z,1,0.8860316000063904,None,,,,,pp5,001,2025-10-02_19h35.07.902,motor sequence,,2025.1.1,59.960198422605714,2025-10-02 19h35.20.941416 +0530,
-50,x,172,0,43,x,1,0.5806841000012355,None,43,0,172,0,,,,,465.3968310999917,,465.3810162000009,465.3968310999917,466.380027399995,466.380027399995,466.380027399995,466.380027399995,466.3966794000007,467.3801439999952,467.3801439999952,467.9640836000035,x,1,0.5806841000012355,None,,,,,pp5,001,2025-10-02_19h35.07.902,motor sequence,,2025.1.1,59.960198422605714,2025-10-02 19h35.20.941416 +0530,
150,v,173,1,43,v,1,0.5420675999921514,None,43,1,173,1,,,,,467.98001790000126,,467.96457080000255,467.98001790000126,468.9633232000051,468.9633232000051,468.9633232000051,468.9633232000051,468.97979299999133,469.96342800000275,469.96342800000275,470.5139835000009,v,1,0.5420675999921514,None,,,,,pp5,001,2025-10-02_19h35.07.902,motor sequence,,2025.1.1,59.960198422605714,2025-10-02 19h35.20.941416 +0530,
50,c,174,2,43,c,1,0.4129920999985188,None,43,2,174,2,,,,,470.5300525000057,,470.5144675000047,470.5300525000057,471.51338170000236,471.51338170000236,471.51338170000236,471.51338170000236,471.53007209999487,472.51348969999526,472.51348969999526,472.9308899000025,c,1,0.4129920999985188,None,,,,,pp5,001,2025-10-02_19h35.07.902,motor sequence,,2025.1.1,59.960198422605714,2025-10-02 19h35.20.941416 +0530,
-150,z,175,3,43,z,1,1.3107583000091836,None,43,3,175,3,,,,,472.9466190999956,,472.93132020000485,472.9466190999956,473.93007149999903,473.93007149999903,473.93007149999903,473.93007149999903,473.9467999000044,474.93005179999454,474.93005179999454,476.24772709999525,z,1,1.3107583000091836,None,,,,,pp5,001,2025-10-02_19h35.07.902,motor sequence,,2025.1.1,59.960198422605714,2025-10-02 19h35.20.941416 +0530,
-50,x,176,0,44,x,1,0.37202049999905284,None,44,0,176,0,,,,,476.2635893999977,,476.24824709999666,476.2635893999977,477.2634429000027,477.2634429000027,477.2634429000027,477.2634429000027,477.2634429000027,478.2634790000011,478.2634790000011,478.64755989999685,x,1,0.37202049999905284,None,,,,,pp5,001,2025-10-02_19h35.07.902,motor sequence,,2025.1.1,59.960198422605714,2025-10-02 19h35.20.941416 +0530,
150,v,177,1,44,v,1,0.8610312999953749,None,44,1,177,1,,,,,478.6635576999979,,478.6482324999961,478.6635576999979,479.6632974999957,479.6632974999957,479.6632974999957,479.6632974999957,479.6632974999957,480.6468586999981,480.6468586999981,481.51400419999845,v,1,0.8610312999953749,None,,,,,pp5,001,2025-10-02_19h35.07.902,motor sequence,,2025.1.1,59.960198422605714,2025-10-02 19h35.20.941416 +0530,
50,c,178,2,44,c,1,0.7359903999895323,None,44,2,178,2,,,,,481.5300578000024,,481.51450370000384,481.5300578000024,482.51342940000177,482.51342940000177,482.51342940000177,482.51342940000177,482.5300595000008,483.51353749999544,483.51353749999544,484.26419879999594,c,1,0.7359903999895323,None,,,,,pp5,001,2025-10-02_19h35.07.902,motor sequence,,2025.1.1,59.960198422605714,2025-10-02 19h35.20.941416 +0530,
-150,z,179,3,44,z,1,0.6484573000052478,None,44,3,179,3,,,,,484.27991319999273,,484.2647025000042,484.27991319999273,485.2633918999927,485.2633918999927,485.2633918999927,485.2633918999927,485.2799137999973,486.26362689999223,486.26362689999223,486.91422829999647,z,1,0.6484573000052478,None,,,,,pp5,001,2025-10-02_19h35.07.902,motor sequence,,2025.1.1,59.960198422605714,2025-10-02 19h35.20.941416 +0530,
-50,x,180,0,45,x,1,0.5155658000003314,None,45,0,180,0,,,,,486.93005209999683,,486.9149028999964,486.93005209999683,487.9300560999982,487.9300560999982,487.9300560999982,487.9300560999982,487.9300560999982,488.9301553999976,488.9301553999976,489.4472872000042,x,1,0.5155658000003314,None,,,,,pp5,001,2025-10-02_19h35.07.902,motor sequence,,2025.1.1,59.960198422605714,2025-10-02 19h35.20.941416 +0530,
150,v,181,1,45,v,1,1.0685294000140857,None,45,1,181,1,,,,,489.46345609999844,,489.44759799999883,489.46345609999844,490.44687149999663,490.44687149999663,490.44687149999663,490.44687149999663,490.46347469999455,491.4467111999984,491.4467111999984,492.5313432999974,v,1,1.0685294000140857,None,,,,,pp5,001,2025-10-02_19h35.07.902,motor sequence,,2025.1.1,59.960198422605714,2025-10-02 19h35.20.941416 +0530,
50,c,182,2,45,c,1,0.4380544000014197,None,45,2,182,2,,,,,492.5468511999934,,492.5320395000017,492.5468511999934,493.546929499993,493.546929499993,493.546929499993,493.546929499993,493.546929499993,494.54657459999726,494.54657459999726,494.9975689999992,c,1,0.4380544000014197,None,,,,,pp5,001,2025-10-02_19h35.07.902,motor sequence,,2025.1.1,59.960198422605714,2025-10-02 19h35.20.941416 +0530,
-150,z,183,3,45,z,1,0.9935368000005838,None,45,3,183,3,,,,,495.0133955000056,,494.9981345999986,495.0133955000056,495.99688599999354,495.99688599999354,495.99688599999354,495.99688599999354,496.0131624999922,496.9969199000043,496.9969199000043,497.99748209999234,z,1,0.9935368000005838,None,,,,,pp5,001,2025-10-02_19h35.07.902,motor sequence,,2025.1.1,59.960198422605714,2025-10-02 19h35.20.941416 +0530,
-50,x,184,0,46,x,1,0.4630920000054175,None,46,0,184,0,,,,,498.0139837000024,,497.9979397999996,498.0139837000024,498.996796499996,498.996796499996,498.996796499996,498.996796499996,499.01382239999657,499.9971913000045,499.9971913000045,500.46470680000493,x,1,0.4630920000054175,None,,,,,pp5,001,2025-10-02_19h35.07.902,motor sequence,,2025.1.1,59.960198422605714,2025-10-02 19h35.20.941416 +0530,
150,v,185,1,46,v,1,0.6551233999925898,None,46,1,185,1,,,,,500.48039129999233,,500.46511479999754,500.48039129999233,501.4800044000003,501.4800044000003,501.4800044000003,501.4800044000003,501.4800044000003,502.480124099995,502.480124099995,503.14800780000223,v,1,0.6551233999925898,None,,,,,pp5,001,2025-10-02_19h35.07.902,motor sequence,,2025.1.1,59.960198422605714,2025-10-02 19h35.20.941416 +0530,
50,c,186,2,46,c,1,1.9376276999973925,None,46,2,186,2,,,,,503.1635951999924,,503.1486253000039,503.1635951999924,504.14674959999684,504.14674959999684,504.14674959999684,504.14674959999684,504.16347539999697,505.16347400000086,505.16347400000086,507.1140669000015,c,1,1.9376276999973925,None,,,,,pp5,001,2025-10-02_19h35.07.902,motor sequence,,2025.1.1,59.960198422605714,2025-10-02 19h35.20.941416 +0530,
-150,z,187,3,46,z,1,0.4846194999990985,None,46,3,187,3,,,,,507.129820999995,,507.1147692999948,507.129820999995,508.1137149999995,508.1137149999995,508.1137149999995,508.1137149999995,508.13024790000054,509.1140347000037,509.1140347000037,509.61421960000007,z,1,0.4846194999990985,None,,,,,pp5,001,2025-10-02_19h35.07.902,motor sequence,,2025.1.1,59.960198422605714,2025-10-02 19h35.20.941416 +0530,
-50,x,188,0,47,x,1,0.5712252000084845,None,47,0,188,0,,,,,509.6301450000028,,509.6147736999992,509.6301450000028,510.6134810999938,510.6134810999938,510.6134810999938,510.6134810999938,510.62989599999855,511.6139420999971,511.6139420999971,512.1974675999954,x,1,0.5712252000084845,None,,,,,pp5,001,2025-10-02_19h35.07.902,motor sequence,,2025.1.1,59.960198422605714,2025-10-02 19h35.20.941416 +0530,
150,v,189,1,47,v,1,0.7098620000033407,None,47,1,189,1,,,,,512.2139145999972,,512.1979278999934,512.2139145999972,513.1967248000001,513.1967248000001,513.1967248000001,513.1967248000001,513.2139353999955,514.1969666999939,514.1969666999939,514.9142485000048,v,1,0.7098620000033407,None,,,,,pp5,001,2025-10-02_19h35.07.902,motor sequence,,2025.1.1,59.960198422605714,2025-10-02 19h35.20.941416 +0530,
50,c,190,2,47,c,1,0.3772412000107579,None,47,2,190,2,,,,,514.9300470000017,,514.9149097000045,514.9300470000017,515.913455300004,515.913455300004,515.913455300004,515.913455300004,515.930712699992,516.913452599998,516.913452599998,517.2976606000011,c,1,0.3772412000107579,None,,,,,pp5,001,2025-10-02_19h35.07.902,motor sequence,,2025.1.1,59.960198422605714,2025-10-02 19h35.20.941416 +0530,
-150,z,191,3,47,z,1,0.596349100000225,None,47,3,191,3,,,,,517.3134416999965,,517.2983930000046,517.3134416999965,518.313370200005,518.313370200005,518.313370200005,518.313370200005,518.313370200005,519.2967119999958,519.2967119999958,519.8974873999978,z,1,0.596349100000225,None,,,,,pp5,001,2025-10-02_19h35.07.902,motor sequence,,2025.1.1,59.960198422605714,2025-10-02 19h35.20.941416 +0530,
-50,x,192,0,48,x,1,1.905475799998385,None,48,0,192,0,,,,,519.9138891000039,,519.8979592999967,519.9138891000039,520.8968843000039,520.8968843000039,520.8968843000039,520.8968843000039,520.9135433000047,521.8968619999941,521.8968619999941,523.8143395999941,x,1,1.905475799998385,None,,,,,pp5,001,2025-10-02_19h35.07.902,motor sequence,,2025.1.1,59.960198422605714,2025-10-02 19h35.20.941416 +0530,
150,v,193,1,48,v,1,0.9843287999974564,None,48,1,193,1,,,,,523.8301414000016,,523.814833700002,523.8301414000016,524.8135480000055,524.8135480000055,524.8135480000055,524.8135480000055,524.8300311999919,525.8298174999945,525.8298174999945,526.8309468999942,v,1,0.9843287999974564,None,,,,,pp5,001,2025-10-02_19h35.07.902,motor sequence,,2025.1.1,59.960198422605714,2025-10-02 19h35.20.941416 +0530,
50,c,194,2,48,c,1,0.834006600009161,None,48,2,194,2,,,,,526.8473792000004,,526.8316330999951,526.8473792000004,527.8299872999924,527.8299872999924,527.8299872999924,527.8299872999924,527.8468573999999,528.8317955999955,528.8317955999955,529.6809569000034,c,1,0.834006600009161,None,,,,,pp5,001,2025-10-02_19h35.07.902,motor sequence,,2025.1.1,59.960198422605714,2025-10-02 19h35.20.941416 +0530,
-150,z,195,3,48,z,1,0.4229339999874355,None,48,3,195,3,,,,,529.6968961999955,,529.6816430000035,529.6968961999955,530.6800872000022,530.6800872000022,530.6800872000022,530.6800872000022,530.6969011000037,531.680575499995,531.680575499995,532.1141694999969,z,1,0.4229339999874355,None,,,,,pp5,001,2025-10-02_19h35.07.902,motor sequence,,2025.1.1,59.960198422605714,2025-10-02 19h35.20.941416 +0530,
-50,x,196,0,49,x,1,0.6897715000086464,None,49,0,196,0,,,,,532.1299658999924,,532.1148604000045,532.1299658999924,533.1136038999975,533.1136038999975,533.1136038999975,533.1136038999975,533.1301000999956,534.1135326999938,534.1135326999938,534.8143133999984,x,1,0.6897715000086464,None,,,,,pp5,001,2025-10-02_19h35.07.902,motor sequence,,2025.1.1,59.960198422605714,2025-10-02 19h35.20.941416 +0530,
150,v,197,1,49,v,1,0.5293555999960518,None,49,1,197,1,,,,,534.8300593000022,,534.8150315999956,534.8300593000022,535.8135448999965,535.8135448999965,535.8135448999965,535.8135448999965,535.8299540000007,536.8304656999971,536.8304656999971,537.364350200005,v,1,0.5293555999960518,None,,,,,pp5,001,2025-10-02_19h35.07.902,motor sequence,,2025.1.1,59.960198422605714,2025-10-02 19h35.20.941416 +0530,
50,c,198,2,49,c,1,0.43337819998851046,None,49,2,198,2,,,,,537.3801638000004,,537.3648070000054,537.3801638000004,538.3634691000043,538.3634691000043,538.3634691000043,538.3634691000043,538.3801699000032,539.363419500005,539.363419500005,539.7979468999984,c,1,0.43337819998851046,None,,,,,pp5,001,2025-10-02_19h35.07.902,motor sequence,,2025.1.1,59.960198422605714,2025-10-02 19h35.20.941416 +0530,
-150,z,199,3,49,z,1,0.3901483000081498,None,49,3,199,3,,,,,539.8135375999991,,539.7984882000019,539.8135375999991,540.8133708999958,540.8133708999958,540.8133708999958,540.8133708999958,540.8133708999958,541.8136537999962,541.8136537999962,542.2137879999937,z,1,0.3901483000081498,None,,,,,pp5,001,2025-10-02_19h35.07.902,motor sequence,,2025.1.1,59.960198422605714,2025-10-02 19h35.20.941416 +0530,
-50,x,0,0,0,x,1,0.6773781000083545,None,,,,,0,0,0,0,542.2298387000046,,542.2200004000042,542.2298387000046,543.2134392000007,543.2134392000007,543.2134392000007,543.2134392000007,543.2301009999937,544.2137855000037,544.2137855000037,544.8988530999923,,,,,x,1,0.6773781000083545,None,pp5,001,2025-10-02_19h35.07.902,motor sequence,,2025.1.1,59.960198422605714,2025-10-02 19h35.20.941416 +0530,
150,v,1,1,0,v,1,0.9675499999866588,None,,,,,0,1,1,1,544.9135176999989,,544.8996509999997,544.9135176999989,545.9135756000032,545.9135756000032,545.9135756000032,545.9135756000032,545.9135756000032,546.9143706000032,546.9143706000032,547.8980531999987,,,,,v,1,0.9675499999866588,None,pp5,001,2025-10-02_19h35.07.902,motor sequence,,2025.1.1,59.960198422605714,2025-10-02 19h35.20.941416 +0530,
-150,z,2,2,0,z,1,0.7275626999908127,None,,,,,0,2,2,3,547.9135270999977,,547.8986420000001,547.9135270999977,548.9137967999995,548.9137967999995,548.9137967999995,548.9137967999995,548.9137967999995,549.9135477999953,549.9135477999953,550.647663900003,,,,,z,1,0.7275626999908127,None,pp5,001,2025-10-02_19h35.07.902,motor sequence,,2025.1.1,59.960198422605714,2025-10-02 19h35.20.941416 +0530,
-150,z,3,3,1,z,1,0.8239674999931594,None,,,,,1,3,3,3,550.6635268999962,,550.6481407999963,550.6635268999962,551.6469355000008,551.6469355000008,551.6469355000008,551.6469355000008,551.6635605000047,552.6467631999985,552.6467631999985,553.4807915999991,,,,,z,1,0.8239674999931594,None,pp5,001,2025-10-02_19h35.07.902,motor sequence,,2025.1.1,59.960198422605714,2025-10-02 19h35.20.941416 +0530,
-50,x,4,4,1,x,1,0.6764592000108678,None,,,,,1,4,4,0,553.4969423000002,,553.4813126999943,553.4969423000002,554.4802057000052,554.4802057000052,554.4802057000052,554.4802057000052,554.4969701999944,555.4800610999955,555.4800610999955,556.1641267999948,,,,,x,1,0.6764592000108678,None,pp5,001,2025-10-02_19h35.07.902,motor sequence,,2025.1.1,59.960198422605714,2025-10-02 19h35.20.941416 +0530,
-150,z,5,5,2,z,1,1.0714976000017487,None,,,,,2,5,5,3,556.1799147999991,,556.1644989000051,556.1799147999991,557.1634432999999,557.1634432999999,557.1634432999999,557.1634432999999,557.1802155000041,558.1634917000047,558.1634917000047,559.247475600001,,,,,z,1,1.0714976000017487,None,pp5,001,2025-10-02_19h35.07.902,motor sequence,,2025.1.1,59.960198422605714,2025-10-02 19h35.20.941416 +0530,
150,v,6,6,1,v,1,0.5890020999941044,None,,,,,1,6,6,1,559.2635917000007,,559.2481324999972,559.2635917000007,560.2466510999948,560.2466510999948,560.2466510999948,560.2466510999948,560.2635033999977,561.2471760000044,561.2471760000044,561.8474673000019,,,,,v,1,0.5890020999941044,None,pp5,001,2025-10-02_19h35.07.902,motor sequence,,2025.1.1,59.960198422605714,2025-10-02 19h35.20.941416 +0530,
50,c,7,7,0,c,1,1.2466679999924963,None,,,,,0,7,7,2,561.8635274999979,,561.8479740000039,561.8635274999979,562.846710400001,562.846710400001,562.846710400001,562.846710400001,562.8633757999924,563.8474023000017,563.8474023000017,565.0980963000038,,,,,c,1,1.2466679999924963,None,pp5,001,2025-10-02_19h35.07.902,motor sequence,,2025.1.1,59.960198422605714,2025-10-02 19h35.20.941416 +0530,
-50,x,8,8,2,x,1,0.6709575999993831,None,,,,,2,8,8,0,565.1135523999983,,565.0986170999968,565.1135523999983,566.1138424999954,566.1138424999954,566.1138424999954,566.1138424999954,566.1138424999954,567.1135127000016,567.1135127000016,567.7973875000025,,,,,x,1,0.6709575999993831,None,pp5,001,2025-10-02_19h35.07.902,motor sequence,,2025.1.1,59.960198422605714,2025-10-02 19h35.20.941416 +0530,
-150,z,9,9,3,z,1,0.5336203000042588,None,,,,,3,9,9,3,567.8134447000048,,567.797691300002,567.8134447000048,568.7970325999922,568.7970325999922,568.7970325999922,568.7970325999922,568.8134482000023,569.7968967000052,569.7968967000052,570.3472380000021,,,,,z,1,0.5336203000042588,None,pp5,001,2025-10-02_19h35.07.902,motor sequence,,2025.1.1,59.960198422605714,2025-10-02 19h35.20.941416 +0530,
50,c,10,10,1,c,1,0.9661192999919876,None,,,,,1,10,10,2,570.3633633999998,,570.3476542999997,570.3633633999998,571.3467773000011,571.3467773000011,571.3467773000011,571.3467773000011,571.3633376999933,572.3468790000043,572.3468790000043,573.3146926000045,,,,,c,1,0.9661192999919876,None,pp5,001,2025-10-02_19h35.07.902,motor sequence,,2025.1.1,59.960198422605714,2025-10-02 19h35.20.941416 +0530,
-150,z,11,11,4,z,1,0.5993347000039648,None,,,,,4,11,11,3,573.330157000004,,573.3154200999998,573.330157000004,574.3299390000029,574.3299390000029,574.3299390000029,574.3299390000029,574.3299390000029,575.3300644999981,575.3300644999981,575.9309482999961,,,,,z,1,0.5993347000039648,None,pp5,001,2025-10-02_19h35.07.902,motor sequence,,2025.1.1,59.960198422605714,2025-10-02 19h35.20.941416 +0530,
-50,x,12,12,3,x,1,0.7003044999873964,None,,,,,3,12,12,0,575.9468537999928,,575.9314321999991,575.9468537999928,576.9301450000057,576.9301450000057,576.9301450000057,576.9301450000057,576.9468919999927,577.9305135000031,577.9305135000031,578.6480566999962,,,,,x,1,0.7003044999873964,None,pp5,001,2025-10-02_19h35.07.902,motor sequence,,2025.1.1,59.960198422605714,2025-10-02 19h35.20.941416 +0530,
-50,x,13,13,4,x,1,0.5068918000033591,None,,,,,4,13,13,0,578.6635926000017,,578.6483313999925,578.6635926000017,579.6634560999955,579.6634560999955,579.6634560999955,579.6634560999955,579.6634560999955,580.663539000001,580.663539000001,581.1804143000045,,,,,x,1,0.5068918000033591,None,pp5,001,2025-10-02_19h35.07.902,motor sequence,,2025.1.1,59.960198422605714,2025-10-02 19h35.20.941416 +0530,
-50,x,14,14,5,x,1,0.5646650999988196,None,,,,,5,14,14,0,581.197021400003,,581.1808043999918,581.197021400003,582.1800739000028,582.1800739000028,582.1800739000028,582.1800739000028,582.196749900002,583.180260299996,583.180260299996,583.7473734999949,,,,,x,1,0.5646650999988196,None,pp5,001,2025-10-02_19h35.07.902,motor sequence,,2025.1.1,59.960198422605714,2025-10-02 19h35.20.941416 +0530,
-150,z,15,15,5,z,1,0.912677900007111,None,,,,,5,15,15,3,583.7636913000024,,583.7477026999986,583.7636913000024,584.7470315999963,584.7470315999963,584.7470315999963,584.7470315999963,584.7635991999996,585.7470016000007,585.7470016000007,586.6642469999933,,,,,z,1,0.912677900007111,None,pp5,001,2025-10-02_19h35.07.902,motor sequence,,2025.1.1,59.960198422605714,2025-10-02 19h35.20.941416 +0530,
-150,z,16,16,6,z,1,0.7244575999939116,None,,,,,6,16,16,3,586.6800446999987,,586.6647167000046,586.6800446999987,587.6636882000021,587.6636882000021,587.6636882000021,587.6636882000021,587.6801067999913,588.6635625999916,588.6635625999916,589.3972222000011,,,,,z,1,0.7244575999939116,None,pp5,001,2025-10-02_19h35.07.902,motor sequence,,2025.1.1,59.960198422605714,2025-10-02 19h35.20.941416 +0530,
-50,x,17,17,6,x,1,1.0278170999954455,None,,,,,6,17,17,0,589.4135802999954,,589.3976095999969,589.4135802999954,590.3968246000004,590.3968246000004,590.3968246000004,590.3968246000004,590.4135259000032,591.3971495000005,591.3971495000005,592.4310967000056,,,,,x,1,1.0278170999954455,None,pp5,001,2025-10-02_19h35.07.902,motor sequence,,2025.1.1,59.960198422605714,2025-10-02 19h35.20.941416 +0530,
150,v,18,18,2,v,1,0.8120062999951188,None,,,,,2,18,18,1,592.4472147000051,,592.4315482999955,592.4472147000051,593.4304293000023,593.4304293000023,593.4304293000023,593.4304293000023,593.4468244000018,594.4302011999971,594.4302011999971,595.2478389000025,,,,,v,1,0.8120062999951188,None,pp5,001,2025-10-02_19h35.07.902,motor sequence,,2025.1.1,59.960198422605714,2025-10-02 19h35.20.941416 +0530,
-150,z,19,19,7,z,1,0.4866444000072079,None,,,,,7,19,19,3,595.2633782000048,,595.2483070000017,595.2633782000048,596.2468399999925,596.2468399999925,596.2468399999925,596.2468399999925,596.2635396999976,597.2639052000013,597.2639052000013,597.764646399999,,,,,z,1,0.4866444000072079,None,pp5,001,2025-10-02_19h35.07.902,motor sequence,,2025.1.1,59.960198422605714,2025-10-02 19h35.20.941416 +0530,
50,c,20,20,2,c,1,0.8963793000002624,None,,,,,2,20,20,2,597.7800697999919,,597.7650597000029,597.7800697999919,598.7803227999975,598.7803227999975,598.7803227999975,598.7803227999975,598.7803227999975,599.7634355000046,599.7634355000046,600.6641271999979,,,,,c,1,0.8963793000002624,None,pp5,001,2025-10-02_19h35.07.902,motor sequence,,2025.1.1,59.960198422605714,2025-10-02 19h35.20.941416 +0530,
-150,z,21,21,8,z,1,0.5124437000049511,None,,,,,8,21,21,3,600.6803571999917,,600.6645372999919,600.6803571999917,601.663274999999,601.663274999999,601.663274999999,601.663274999999,601.6798712000018,602.6634942999954,602.6634942999954,603.1808746000024,,,,,z,1,0.5124437000049511,None,pp5,001,2025-10-02_19h35.07.902,motor sequence,,2025.1.1,59.960198422605714,2025-10-02 19h35.20.941416 +0530,
-50,x,22,22,7,x,1,0.5641517000040039,None,,,,,7,22,22,0,603.1967957000015,,603.1814320999983,603.1967957000015,604.1800346999953,604.1800346999953,604.1800346999953,604.1800346999953,604.1966855999926,605.1798886000033,605.1798886000033,605.7479310000053,,,,,x,1,0.5641517000040039,None,pp5,001,2025-10-02_19h35.07.902,motor sequence,,2025.1.1,59.960198422605714,2025-10-02 19h35.20.941416 +0530,
150,v,23,23,3,v,1,0.5841879999934463,None,,,,,3,23,23,1,605.7636281000014,,605.7483680000005,605.7636281000014,606.7636493000027,606.7636493000027,606.7636493000027,606.7636493000027,606.7636493000027,607.7635491999972,607.7635491999972,608.3641134999925,,,,,v,1,0.5841879999934463,None,pp5,001,2025-10-02_19h35.07.902,motor sequence,,2025.1.1,59.960198422605714,2025-10-02 19h35.20.941416 +0530,
150,v,24,24,4,v,1,0.7609971000056248,None,,,,,4,24,24,1,608.3805882000015,,608.3645431000041,608.3805882000015,609.3640505999938,609.3640505999938,609.3640505999938,609.3640505999938,609.3801802999951,610.3636731000006,610.3636731000006,611.1314546999929,,,,,v,1,0.7609971000056248,None,pp5,001,2025-10-02_19h35.07.902,motor sequence,,2025.1.1,59.960198422605714,2025-10-02 19h35.20.941416 +0530,
-150,z,25,25,9,z,1,0.9175411000032909,None,,,,,9,25,25,3,611.1470756000053,,611.1319464999979,611.1470756000053,612.1300943999959,612.1300943999959,612.1300943999959,612.1300943999959,612.1471463000053,613.1467135999992,613.1467135999992,614.0810973000043,,,,,z,1,0.9175411000032909,None,pp5,001,2025-10-02_19h35.07.902,motor sequence,,2025.1.1,59.960198422605714,2025-10-02 19h35.20.941416 +0530,
150,v,26,26,5,v,1,0.6687175000115531,None,,,,,5,26,26,1,614.097021900001,,614.0816623999999,614.097021900001,615.0801876000041,615.0801876000041,615.0801876000041,615.0801876000041,615.0969762000022,616.080028700002,616.080028700002,616.7639685000031,,,,,v,1,0.6687175000115531,None,pp5,001,2025-10-02_19h35.07.902,motor sequence,,2025.1.1,59.960198422605714,2025-10-02 19h35.20.941416 +0530,
150,v,27,27,6,v,1,0.624428800001624,None,,,,,6,27,27,1,616.7801423000055,,616.7642753999971,616.7801423000055,617.7634842999978,617.7634842999978,617.7634842999978,617.7634842999978,617.7802493999916,618.7634685999947,618.7634685999947,619.3974062999914,,,,,v,1,0.624428800001624,None,pp5,001,2025-10-02_19h35.07.902,motor sequence,,2025.1.1,59.960198422605714,2025-10-02 19h35.20.941416 +0530,
-50,x,28,28,8,x,1,0.9974775999871781,None,,,,,8,28,28,0,619.413515799999,,619.3982331000007,619.413515799999,620.3969940999959,620.3969940999959,620.3969940999959,620.3969940999959,620.4137515000039,621.3970852000057,621.3970852000057,622.3974340999994,,,,,x,1,0.9974775999871781,None,pp5,001,2025-10-02_19h35.07.902,motor sequence,,2025.1.1,59.960198422605714,2025-10-02 19h35.20.941416 +0530,
-150,z,29,29,10,z,1,0.7992818000057014,None,,,,,10,29,29,3,622.4136257999926,,622.3977997000038,622.4136257999926,623.3967580000026,623.3967580000026,623.3967580000026,623.3967580000026,623.4138235999999,624.3971050999971,624.3971050999971,625.197398999997,,,,,z,1,0.7992818000057014,None,pp5,001,2025-10-02_19h35.07.902,motor sequence,,2025.1.1,59.960198422605714,2025-10-02 19h35.20.941416 +0530,
50,c,30,30,3,c,1,0.8080446000094526,None,,,,,3,30,30,2,625.2136200999958,,625.1979565999936,625.2136200999958,626.196981400004,626.196981400004,626.196981400004,626.196981400004,626.2138587999943,627.1972584000032,627.1972584000032,628.0144238999928,,,,,c,1,0.8080446000094526,None,pp5,001,2025-10-02_19h35.07.902,motor sequence,,2025.1.1,59.960198422605714,2025-10-02 19h35.20.941416 +0530,
-150,z,31,31,11,z,1,0.7520483999978751,None,,,,,11,31,31,3,628.0301514000021,,628.014941100002,628.0301514000021,629.0141049999947,629.0141049999947,629.0141049999947,629.0141049999947,629.0300406000024,630.0133590000041,630.0133590000041,630.7805986000021,,,,,z,1,0.7520483999978751,None,pp5,001,2025-10-02_19h35.07.902,motor sequence,,2025.1.1,59.960198422605714,2025-10-02 19h35.20.941416 +0530,
-50,x,32,32,9,x,1,0.8698486999928718,None,,,,,9,32,32,0,630.7968110999936,,630.7810141999944,630.7968110999936,631.7801390999957,631.7801390999957,631.7801390999957,631.7801390999957,631.7968470000051,632.7803563999914,632.7803563999914,633.6643213999923,,,,,x,1,0.8698486999928718,None,pp5,001,2025-10-02_19h35.07.902,motor sequence,,2025.1.1,59.960198422605714,2025-10-02 19h35.20.941416 +0530,
-50,x,33,33,10,x,1,0.7056164999958128,None,,,,,10,33,33,0,633.6801864000008,,633.6649575000047,633.6801864000008,634.6635062999994,634.6635062999994,634.6635062999994,634.6635062999994,634.679999400003,635.664019200005,635.664019200005,636.3808296999923,,,,,x,1,0.7056164999958128,None,pp5,001,2025-10-02_19h35.07.902,motor sequence,,2025.1.1,59.960198422605714,2025-10-02 19h35.20.941416 +0530,
50,c,34,34,4,c,1,0.6243920999986585,None,,,,,4,34,34,2,636.3968884999922,,636.3813185000035,636.3968884999922,637.3799584999942,637.3799584999942,637.3799584999942,637.3799584999942,637.3967121000023,638.3803224000003,638.3803224000003,639.0139729999937,,,,,c,1,0.6243920999986585,None,pp5,001,2025-10-02_19h35.07.902,motor sequence,,2025.1.1,59.960198422605714,2025-10-02 19h35.20.941416 +0530,
50,c,35,35,5,c,1,0.701471100008348,None,,,,,5,35,35,2,639.0306751000026,,639.0143342999945,639.0306751000026,640.0135617000051,640.0135617000051,640.0135617000051,640.0135617000051,640.0300362999988,641.0136641999998,641.0136641999998,641.7305938999925,,,,,c,1,0.701471100008348,None,pp5,001,2025-10-02_19h35.07.902,motor sequence,,2025.1.1,59.960198422605714,2025-10-02 19h35.20.941416 +0530,
-150,z,36,36,12,z,1,0.5808017000090331,None,,,,,12,36,36,3,641.7469640000054,,641.7309485000005,641.7469640000054,642.7300280999916,642.7300280999916,642.7300280999916,642.7300280999916,642.7467600999953,643.7303563000023,643.7303563000023,644.3143477999984,,,,,z,1,0.5808017000090331,None,pp5,001,2025-10-02_19h35.07.902,motor sequence,,2025.1.1,59.960198422605714,2025-10-02 19h35.20.941416 +0530,
150,v,37,37,7,v,1,0.6522221000050195,None,,,,,7,37,37,1,644.3303274999926,,644.3149087999918,644.3303274999926,645.3139526000014,645.3139526000014,645.3139526000014,645.3139526000014,645.3301535999926,646.3135412999982,646.3135412999982,646.9809798999922,,,,,v,1,0.6522221000050195,None,pp5,001,2025-10-02_19h35.07.902,motor sequence,,2025.1.1,59.960198422605714,2025-10-02 19h35.20.941416 +0530,
50,c,38,38,6,c,1,0.641839500007336,None,,,,,6,38,38,2,646.9968096999946,,646.981341199993,646.9968096999946,647.9799778000015,647.9799778000015,647.9799778000015,647.9799778000015,647.9974766999949,648.980175299992,648.980175299992,649.6306066999969,,,,,c,1,0.641839500007336,None,pp5,001,2025-10-02_19h35.07.902,motor sequence,,2025.1.1,59.960198422605714,2025-10-02 19h35.20.941416 +0530,
-150,z,39,39,13,z,1,0.6181461999949533,None,,,,,13,39,39,3,649.6467956999986,,649.6310078999959,649.6467956999986,650.6301706999948,650.6301706999948,650.6301706999948,650.6301706999948,650.646866199997,651.6302563999925,651.6302563999925,652.2639889999991,,,,,z,1,0.6181461999949533,None,pp5,001,2025-10-02_19h35.07.902,motor sequence,,2025.1.1,59.960198422605714,2025-10-02 19h35.20.941416 +0530,
-150,z,40,40,14,z,1,0.4634423999959836,None,,,,,14,40,40,3,652.2804780000006,,652.2642324000044,652.2804780000006,653.2635802000004,653.2635802000004,653.2635802000004,653.2635802000004,653.2805357000034,654.2641702999972,654.2641702999972,654.7308820000035,,,,,z,1,0.4634423999959836,None,pp5,001,2025-10-02_19h35.07.902,motor sequence,,2025.1.1,59.960198422605714,2025-10-02 19h35.20.941416 +0530,
-50,x,41,41,11,x,1,1.4562699999951292,None,,,,,11,41,41,0,654.7468400999933,,654.7315113999939,654.7468400999933,655.7299526999996,655.7299526999996,655.7299526999996,655.7299526999996,655.7467546999978,656.7300969999924,656.7300969999924,658.1978687999945,,,,,x,1,1.4562699999951292,None,pp5,001,2025-10-02_19h35.07.902,motor sequence,,2025.1.1,59.960198422605714,2025-10-02 19h35.20.941416 +0530,
150,v,42,42,8,v,1,0.5001904000091599,None,,,,,8,42,42,1,658.2137131000054,,658.1985468000057,658.2137131000054,659.1967319999967,659.1967319999967,659.1967319999967,659.1967319999967,659.2139223999984,660.1971651000058,660.1971651000058,660.6984287999949,,,,,v,1,0.5001904000091599,None,pp5,001,2025-10-02_19h35.07.902,motor sequence,,2025.1.1,59.960198422605714,2025-10-02 19h35.20.941416 +0530,
50,c,43,43,7,c,1,0.6185321999946609,None,,,,,7,43,43,2,660.7139182999963,,660.6987905999995,660.7139182999963,661.7136095000023,661.7136095000023,661.7136095000023,661.7136095000023,661.7136095000023,662.7135957999999,662.7135957999999,663.3491223000019,,,,,c,1,0.6185321999946609,None,pp5,001,2025-10-02_19h35.07.902,motor sequence,,2025.1.1,59.960198422605714,2025-10-02 19h35.20.941416 +0530,
50,c,44,44,8,c,1,1.1902773000037996,None,,,,,8,44,44,2,663.3635358000029,,663.3497060999944,663.3635358000029,664.3638896000048,664.3638896000048,664.3638896000048,664.3638896000048,664.3638896000048,665.3636345999985,665.3636345999985,666.5643684999959,,,,,c,1,1.1902773000037996,None,pp5,001,2025-10-02_19h35.07.902,motor sequence,,2025.1.1,59.960198422605714,2025-10-02 19h35.20.941416 +0530,
-150,z,45,45,15,z,1,1.3968991000001552,None,,,,,15,45,45,3,666.580163199993,,666.5647290999914,666.580163199993,667.5635260999989,667.5635260999989,667.5635260999989,667.5635260999989,667.5805489000049,668.5635494000016,668.5635494000016,669.9646511000028,,,,,z,1,1.3968991000001552,None,pp5,001,2025-10-02_19h35.07.902,motor sequence,,2025.1.1,59.960198422605714,2025-10-02 19h35.20.941416 +0530,
-50,x,46,46,12,x,1,0.7870908000040799,None,,,,,12,46,46,0,669.9803424999991,,669.9651541000057,669.9803424999991,670.9805827999953,670.9805827999953,670.9805827999953,670.9805827999953,670.9805827999953,671.9637971000047,671.9637971000047,672.7651403999917,,,,,x,1,0.7870908000040799,None,pp5,001,2025-10-02_19h35.07.902,motor sequence,,2025.1.1,59.960198422605714,2025-10-02 19h35.20.941416 +0530,
-50,x,47,47,13,x,1,0.6545577999931993,None,,,,,13,47,47,0,672.7801275999955,,672.7657423000055,672.7801275999955,673.7801962999947,673.7801962999947,673.7801962999947,673.7801962999947,673.7801962999947,674.7803105000057,674.7803105000057,675.4474772999965,,,,,x,1,0.6545577999931993,None,pp5,001,2025-10-02_19h35.07.902,motor sequence,,2025.1.1,59.960198422605714,2025-10-02 19h35.20.941416 +0530,
-50,x,48,48,14,x,1,0.9139060000015888,None,,,,,14,48,48,0,675.4635745999985,,675.4478436999925,675.4635745999985,676.4471110000013,676.4471110000013,676.4471110000013,676.4471110000013,676.463583100005,677.4467966999946,677.4467966999946,678.3642436999944,,,,,x,1,0.9139060000015888,None,pp5,001,2025-10-02_19h35.07.902,motor sequence,,2025.1.1,59.960198422605714,2025-10-02 19h35.20.941416 +0530,
-50,x,49,49,15,x,1,0.5864640000072541,None,,,,,15,49,49,0,678.3801359999925,,678.3645408000011,678.3801359999925,679.3637636000058,679.3637636000058,679.3637636000058,679.3637636000058,679.3799126999947,680.3632362999924,680.3632362999924,680.9644178000017,,,,,x,1,0.5864640000072541,None,pp5,001,2025-10-02_19h35.07.902,motor sequence,,2025.1.1,59.960198422605714,2025-10-02 19h35.20.941416 +0530,
-50,x,50,50,16,x,1,0.5000024000037229,None,,,,,16,50,50,0,680.9800244999933,,680.9651993000007,680.9800244999933,681.9643916999921,681.9643916999921,681.9643916999921,681.9643916999921,681.9802857000032,682.9636614000046,682.9636614000046,683.4653375999915,,,,,x,1,0.5000024000037229,None,pp5,001,2025-10-02_19h35.07.902,motor sequence,,2025.1.1,59.960198422605714,2025-10-02 19h35.20.941416 +0530,
-50,x,51,51,17,x,1,0.4373696000111522,None,,,,,17,51,51,0,683.4799847999966,,683.4657842000015,683.4799847999966,684.4814459000045,684.4814459000045,684.4814459000045,684.4814459000045,684.4814459000045,685.4800949999917,685.4800949999917,685.9311028999946,,,,,x,1,0.4373696000111522,None,pp5,001,2025-10-02_19h35.07.902,motor sequence,,2025.1.1,59.960198422605714,2025-10-02 19h35.20.941416 +0530,
150,v,52,52,9,v,1,0.9510783000005176,None,,,,,9,52,52,1,685.947470500003,,685.9318970000022,685.947470500003,686.9302301999996,686.9302301999996,686.9302301999996,686.9302301999996,686.946947000004,687.9467841000005,687.9467841000005,688.9143410999968,,,,,v,1,0.9510783000005176,None,pp5,001,2025-10-02_19h35.07.902,motor sequence,,2025.1.1,59.960198422605714,2025-10-02 19h35.20.941416 +0530,
-50,x,53,53,18,x,1,0.620350099998177,None,,,,,18,53,53,0,688.930122299993,,688.9148114999989,688.930122299993,689.9136328000022,689.9136328000022,689.9136328000022,689.9136328000022,689.9302172000025,690.9136662999954,690.9136662999954,691.548180400001,,,,,x,1,0.620350099998177,None,pp5,001,2025-10-02_19h35.07.902,motor sequence,,2025.1.1,59.960198422605714,2025-10-02 19h35.20.941416 +0530,
50,c,54,54,9,c,1,0.6968453000008594,None,,,,,9,54,54,2,691.5636830000003,,691.5486972999934,691.5636830000003,692.5637051999947,692.5637051999947,692.5637051999947,692.5637051999947,692.5637051999947,693.5637730000017,693.5637730000017,694.2640709999978,,,,,c,1,0.6968453000008594,None,pp5,001,2025-10-02_19h35.07.902,motor sequence,,2025.1.1,59.960198422605714,2025-10-02 19h35.20.941416 +0530,
50,c,55,55,10,c,1,0.5253522000130033,None,,,,,10,55,55,2,694.2801916000026,,694.2644590999989,694.2801916000026,695.2636306000059,695.2636306000059,695.2636306000059,695.2636306000059,695.2802062999981,696.2635563999938,696.2635563999938,696.7980844999984,,,,,c,1,0.5253522000130033,None,pp5,001,2025-10-02_19h35.07.902,motor sequence,,2025.1.1,59.960198422605714,2025-10-02 19h35.20.941416 +0530,
150,v,56,56,10,v,1,0.8848492999968585,None,,,,,10,56,56,1,696.8135414999997,,696.7985131000023,696.8135414999997,697.7969714999927,697.7969714999927,697.7969714999927,697.7969714999927,697.8135879000038,698.8135299999994,698.8135299999994,699.7150182000041,,,,,v,1,0.8848492999968585,None,pp5,001,2025-10-02_19h35.07.902,motor sequence,,2025.1.1,59.960198422605714,2025-10-02 19h35.20.941416 +0530,
150,v,57,57,11,v,1,0.41736150000360794,None,,,,,11,57,57,1,699.7307178000046,,699.7156465000007,699.7307178000046,700.7301257999934,700.7301257999934,700.7301257999934,700.7301257999934,700.7301257999934,701.7300682999921,701.7300682999921,702.1644055999932,,,,,v,1,0.41736150000360794,None,pp5,001,2025-10-02_19h35.07.902,motor sequence,,2025.1.1,59.960198422605714,2025-10-02 19h35.20.941416 +0530,
50,c,58,58,11,c,1,0.6338889000035124,None,,,,,11,58,58,2,702.1801731000014,,702.1649691999919,702.1801731000014,703.1637401000044,703.1637401000044,703.1637401000044,703.1637401000044,703.1801852999924,704.1636104999925,704.1636104999925,704.8140488999925,,,,,c,1,0.6338889000035124,None,pp5,001,2025-10-02_19h35.07.902,motor sequence,,2025.1.1,59.960198422605714,2025-10-02 19h35.20.941416 +0530,
-50,x,59,59,19,x,1,1.3982811000023503,None,,,,,19,59,59,0,704.8302840999968,,704.814552099997,704.8302840999968,705.8135066999967,705.8135066999967,705.8135066999967,705.8135066999967,705.8299158000009,706.8140003000008,706.8140003000008,708.2148718999961,,,,,x,1,1.3982811000023503,None,pp5,001,2025-10-02_19h35.07.902,motor sequence,,2025.1.1,59.960198422605714,2025-10-02 19h35.20.941416 +0530,
50,c,60,60,12,c,1,1.221769800002221,None,,,,,12,60,60,2,708.230656899992,,708.2154044999916,708.230656899992,709.2306550999929,709.2306550999929,709.2306550999929,709.2306550999929,709.2306550999929,710.2303089999914,710.2303089999914,711.4644760999945,,,,,c,1,1.221769800002221,None,pp5,001,2025-10-02_19h35.07.902,motor sequence,,2025.1.1,59.960198422605714,2025-10-02 19h35.20.941416 +0530,
150,v,61,61,12,v,1,1.4249549999949522,None,,,,,12,61,61,1,711.4819432999939,,711.4651435999986,711.4819432999939,712.4638374999922,712.4638374999922,712.4638374999922,712.4638374999922,712.4969732000027,713.4636730000057,713.4636730000057,714.8979096999974,,,,,v,1,1.4249549999949522,None,pp5,001,2025-10-02_19h35.07.902,motor sequence,,2025.1.1,59.960198422605714,2025-10-02 19h35.20.941416 +0530,
-50,x,62,62,20,x,1,1.6477772999933222,None,,,,,20,62,62,0,714.9141334000014,,714.8986943000054,714.9141334000014,715.9135619000008,715.9135619000008,715.9135619000008,715.9135619000008,715.9135619000008,716.9141375000036,716.9141375000036,718.5642542999994,,,,,x,1,1.6477772999933222,None,pp5,001,2025-10-02_19h35.07.902,motor sequence,,2025.1.1,59.960198422605714,2025-10-02 19h35.20.941416 +0530,
-50,x,63,63,21,x,1,0.5266350000019884,None,,,,,21,63,63,0,718.5803330000053,,718.5647475000005,718.5803330000053,719.5637059000001,719.5637059000001,719.5637059000001,719.5637059000001,719.5803115000017,720.5634905000043,720.5634905000043,721.0974235000031,,,,,x,1,0.5266350000019884,None,pp5,001,2025-10-02_19h35.07.902,motor sequence,,2025.1.1,59.960198422605714,2025-10-02 19h35.20.941416 +0530,
150,v,64,64,13,v,1,0.973176900006365,None,,,,,13,64,64,1,721.1133125999913,,721.0977793000056,721.1133125999913,722.0970958999969,722.0970958999969,722.0970958999969,722.0970958999969,722.1136656000017,723.0970137999975,723.0970137999975,724.0811116999976,,,,,v,1,0.973176900006365,None,pp5,001,2025-10-02_19h35.07.902,motor sequence,,2025.1.1,59.960198422605714,2025-10-02 19h35.20.941416 +0530,
50,c,65,65,13,c,1,0.7390471999970032,None,,,,,13,65,65,2,724.096881999998,,724.0816447999969,724.096881999998,725.0804396000021,725.0804396000021,725.0804396000021,725.0804396000021,725.0970821999945,726.0801998999959,726.0801998999959,726.8312883000035,,,,,c,1,0.7390471999970032,None,pp5,001,2025-10-02_19h35.07.902,motor sequence,,2025.1.1,59.960198422605714,2025-10-02 19h35.20.941416 +0530,
150,v,66,66,14,v,1,0.978580700000748,None,,,,,14,66,66,1,726.8468472999957,,726.8317262000055,726.8468472999957,727.8300434999983,727.8300434999983,727.8300434999983,727.8300434999983,727.8471638000046,728.8301594999939,728.8301594999939,729.8142066,,,,,v,1,0.978580700000748,None,pp5,001,2025-10-02_19h35.07.902,motor sequence,,2025.1.1,59.960198422605714,2025-10-02 19h35.20.941416 +0530,
50,c,67,67,14,c,1,0.584325899995747,None,,,,,14,67,67,2,729.8302454999939,,729.8147172000026,729.8302454999939,730.8136796000035,730.8136796000035,730.8136796000035,730.8136796000035,730.8301642000006,731.813676299993,731.813676299993,732.4143851999979,,,,,c,1,0.584325899995747,None,pp5,001,2025-10-02_19h35.07.902,motor sequence,,2025.1.1,59.960198422605714,2025-10-02 19h35.20.941416 +0530,
50,c,68,68,15,c,1,1.0166510999988532,None,,,,,15,68,68,2,732.4300744999928,,732.4150326999952,732.4300744999928,733.4149916000024,733.4149916000024,733.4149916000024,733.4149916000024,733.4300308999955,734.4140315999975,734.4140315999975,735.4476839999988,,,,,c,1,1.0166510999988532,None,pp5,001,2025-10-02_19h35.07.902,motor sequence,,2025.1.1,59.960198422605714,2025-10-02 19h35.20.941416 +0530,
-50,x,69,69,22,x,1,0.8605837000068277,None,,,,,22,69,69,0,735.4640592999931,,735.4481023999979,735.4640592999931,736.4636069999979,736.4636069999979,736.4636069999979,736.4636069999979,736.4636069999979,737.446827599997,737.446827599997,738.3146025000024,,,,,x,1,0.8605837000068277,None,pp5,001,2025-10-02_19h35.07.902,motor sequence,,2025.1.1,59.960198422605714,2025-10-02 19h35.20.941416 +0530,
-50,x,70,70,23,x,1,0.44596010001259856,None,,,,,23,70,70,0,738.3302554999973,,738.3152442999999,738.3302554999973,739.3304485999979,739.3304485999979,739.3304485999979,739.3304485999979,739.3304485999979,740.3300765000022,740.3300765000022,740.7806450999924,,,,,x,1,0.44596010001259856,None,pp5,001,2025-10-02_19h35.07.902,motor sequence,,2025.1.1,59.960198422605714,2025-10-02 19h35.20.941416 +0530,
150,v,71,71,15,v,1,0.6063767000014195,None,,,,,15,71,71,1,740.797224199996,,740.7809681999934,740.797224199996,741.7799587000045,741.7799587000045,741.7799587000045,741.7799587000045,741.7967311999964,742.7806815999938,742.7806815999938,743.3978687999916,,,,,v,1,0.6063767000014195,None,pp5,001,2025-10-02_19h35.07.902,motor sequence,,2025.1.1,59.960198422605714,2025-10-02 19h35.20.941416 +0530,
-50,x,72,72,24,v,0,0.6881186999962665,None,,,,,24,72,72,0,743.4136195000028,,743.3986140999914,743.4136195000028,744.4136063000042,744.4136063000042,744.4136063000042,744.4136063000042,744.4136063000042,745.4134206000017,745.4134206000017,746.1146657999925,,,,,v,0,0.6881186999962665,None,pp5,001,2025-10-02_19h35.07.902,motor sequence,,2025.1.1,59.960198422605714,2025-10-02 19h35.20.941416 +0530,
50,c,73,73,16,c,1,1.2103811000124551,None,,,,,16,73,73,2,746.1301357000048,,746.1153595999931,746.1301357000048,747.1301520999987,747.1301520999987,747.1301520999987,747.1301520999987,747.1301520999987,748.1303696999967,748.1303696999967,749.3484238999954,,,,,c,1,1.2103811000124551,None,pp5,001,2025-10-02_19h35.07.902,motor sequence,,2025.1.1,59.960198422605714,2025-10-02 19h35.20.941416 +0530,
-50,x,74,74,25,x,1,0.7099073000135832,None,,,,,25,74,74,0,749.3654485000006,,749.349088899995,749.3654485000006,750.3634041000041,750.3634041000041,750.3634041000041,750.3634041000041,750.3801546000032,751.3636718000052,751.3636718000052,752.0810123999981,,,,,x,1,0.7099073000135832,None,pp5,001,2025-10-02_19h35.07.902,motor sequence,,2025.1.1,59.960198422605714,2025-10-02 19h35.20.941416 +0530,
150,v,75,75,16,v,1,0.7913243000075454,None,,,,,16,75,75,1,752.0970448000007,,752.0816630000045,752.0970448000007,753.0803603999957,753.0803603999957,753.0803603999957,753.0803603999957,753.097503099998,754.0802736000041,754.0802736000041,754.8807385999971,,,,,v,1,0.7913243000075454,None,pp5,001,2025-10-02_19h35.07.902,motor sequence,,2025.1.1,59.960198422605714,2025-10-02 19h35.20.941416 +0530,
50,c,76,76,17,x,0,0.6597340000007534,None,,,,,17,76,76,2,754.8969953000051,,754.8813556999958,754.8969953000051,755.8803657999961,755.8803657999961,755.8803657999961,755.8803657999961,755.8969595999952,756.880359200004,756.880359200004,757.5478832999943,,,,,x,0,0.6597340000007534,None,pp5,001,2025-10-02_19h35.07.902,motor sequence,,2025.1.1,59.960198422605714,2025-10-02 19h35.20.941416 +0530,
50,c,77,77,18,c,1,0.5861849999928381,None,,,,,18,77,77,2,757.5636264999921,,757.5484284999984,757.5636264999921,758.5470032000012,758.5470032000012,758.5470032000012,758.5470032000012,758.5635733999952,759.5469735999941,759.5469735999941,760.1477146999969,,,,,c,1,0.5861849999928381,None,pp5,001,2025-10-02_19h35.07.902,motor sequence,,2025.1.1,59.960198422605714,2025-10-02 19h35.20.941416 +0530,
50,c,78,78,19,c,1,0.6906316999957198,None,,,,,19,78,78,2,760.1636239999934,,760.1481548000011,760.1636239999934,761.147524,761.147524,761.147524,761.147524,761.1637664000009,762.1470129999943,762.1470129999943,762.8480407000025,,,,,c,1,0.6906316999957198,None,pp5,001,2025-10-02_19h35.07.902,motor sequence,,2025.1.1,59.960198422605714,2025-10-02 19h35.20.941416 +0530,
150,v,79,79,17,v,1,1.15022979999776,None,,,,,17,79,79,1,762.8636800999957,,762.8486622999917,762.8636800999957,763.846953500004,763.846953500004,763.846953500004,763.846953500004,763.8634534000012,764.8635514999914,764.8635514999914,766.0307513000007,,,,,v,1,1.15022979999776,None,pp5,001,2025-10-02_19h35.07.902,motor sequence,,2025.1.1,59.960198422605714,2025-10-02 19h35.20.941416 +0530,
-150,z,80,80,16,z,1,0.8854618999903323,None,,,,,16,80,80,3,766.0468473999936,,766.0312223999936,766.0468473999936,767.0300606999954,767.0300606999954,767.0300606999954,767.0300606999954,767.0467739000014,768.0302158999984,768.0302158999984,768.9311983999942,,,,,z,1,0.8854618999903323,None,pp5,001,2025-10-02_19h35.07.902,motor sequence,,2025.1.1,59.960198422605714,2025-10-02 19h35.20.941416 +0530,
50,c,81,81,20,c,1,0.7228535999893211,None,,,,,20,81,81,2,768.9473919000011,,768.9317350000056,768.9473919000011,769.9471914000023,769.9471914000023,769.9471914000023,769.9471914000023,769.9471914000023,770.9468102999963,770.9468102999963,771.6807477999973,,,,,c,1,0.7228535999893211,None,pp5,001,2025-10-02_19h35.07.902,motor sequence,,2025.1.1,59.960198422605714,2025-10-02 19h35.20.941416 +0530,
-150,z,82,82,17,z,1,0.6671054000034928,None,,,,,17,82,82,3,771.6982046000048,,771.6810470000055,771.6982046000048,772.680246399992,772.680246399992,772.680246399992,772.680246399992,772.7135317999928,773.6808396999986,773.6808396999986,774.3658371000056,,,,,z,1,0.6671054000034928,None,pp5,001,2025-10-02_19h35.07.902,motor sequence,,2025.1.1,59.960198422605714,2025-10-02 19h35.20.941416 +0530,
-50,x,83,83,26,x,1,0.7747426999994786,None,,,,,26,83,83,0,774.3802889999934,,774.3668656999944,774.3802889999934,775.3804244000057,775.3804244000057,775.3804244000057,775.3804244000057,775.3804244000057,776.3802358999965,776.3802358999965,777.163725499995,,,,,x,1,0.7747426999994786,None,pp5,001,2025-10-02_19h35.07.902,motor sequence,,2025.1.1,59.960198422605714,2025-10-02 19h35.20.941416 +0530,
50,c,84,84,21,c,1,0.8298810999986017,None,,,,,21,84,84,2,777.1799537000043,,777.164104800002,777.1799537000043,778.1633666999987,778.1633666999987,778.1633666999987,778.1633666999987,778.1800764999934,779.1634284000029,779.1634284000029,779.9979601999948,,,,,c,1,0.8298810999986017,None,pp5,001,2025-10-02_19h35.07.902,motor sequence,,2025.1.1,59.960198422605714,2025-10-02 19h35.20.941416 +0530,
50,c,85,85,22,c,1,0.7595598000043537,None,,,,,22,85,85,2,780.0136678999988,,779.9983391999995,780.0136678999988,781.013386999999,781.013386999999,781.013386999999,781.013386999999,781.013386999999,782.013529399992,782.013529399992,782.780808800002,,,,,c,1,0.7595598000043537,None,pp5,001,2025-10-02_19h35.07.902,motor sequence,,2025.1.1,59.960198422605714,2025-10-02 19h35.20.941416 +0530,
-150,z,86,86,18,z,1,0.8404403000022285,None,,,,,18,86,86,3,782.7973665000027,,782.7812207999959,782.7973665000027,783.7804842000041,783.7804842000041,783.7804842000041,783.7804842000041,783.7968884000002,784.7802624000033,784.7802624000033,785.6314844000008,,,,,z,1,0.8404403000022285,None,pp5,001,2025-10-02_19h35.07.902,motor sequence,,2025.1.1,59.960198422605714,2025-10-02 19h35.20.941416 +0530,
50,c,87,87,23,c,1,0.9999354999890784,None,,,,,23,87,87,2,785.6470900999993,,785.6323884000012,785.6470900999993,786.6469407999975,786.6469407999975,786.6469407999975,786.6469407999975,786.6469407999975,787.6469589000044,787.6469589000044,788.6642126999941,,,,,c,1,0.9999354999890784,None,pp5,001,2025-10-02_19h35.07.902,motor sequence,,2025.1.1,59.960198422605714,2025-10-02 19h35.20.941416 +0530,
150,v,88,88,18,v,1,0.7551735000015469,None,,,,,18,88,88,1,788.6804661999922,,788.6646242999996,788.6804661999922,789.6635978999984,789.6635978999984,789.6635978999984,789.6635978999984,789.6805546999967,790.663294900005,790.663294900005,791.431373600004,,,,,v,1,0.7551735000015469,None,pp5,001,2025-10-02_19h35.07.902,motor sequence,,2025.1.1,59.960198422605714,2025-10-02 19h35.20.941416 +0530,
-150,z,89,89,19,z,1,1.454299599994556,None,,,,,19,89,89,3,791.446989899996,,791.4322767999984,791.446989899996,792.4478546000028,792.4478546000028,792.4478546000028,792.4478546000028,792.4478546000028,793.4469253999996,793.4469253999996,794.9145936999994,,,,,z,1,1.454299599994556,None,pp5,001,2025-10-02_19h35.07.902,motor sequence,,2025.1.1,59.960198422605714,2025-10-02 19h35.20.941416 +0530,
-150,z,90,90,20,x,0,0.6907768999953987,None,,,,,20,90,90,3,794.9303758000024,,794.9151487000054,794.9303758000024,795.9135112999938,795.9135112999938,795.9135112999938,795.9135112999938,795.930317899998,796.9302373999963,796.9302373999963,797.6316571999923,,,,,x,0,0.6907768999953987,None,pp5,001,2025-10-02_19h35.07.902,motor sequence,,2025.1.1,59.960198422605714,2025-10-02 19h35.20.941416 +0530,
-150,z,91,91,21,z,1,0.7488173000019742,None,,,,,21,91,91,3,797.6473718000052,,797.632151400001,797.6473718000052,798.6468509999977,798.6468509999977,798.6468509999977,798.6468509999977,798.6468509999977,799.6470340999949,799.6470340999949,800.3971597000054,,,,,z,1,0.7488173000019742,None,pp5,001,2025-10-02_19h35.07.902,motor sequence,,2025.1.1,59.960198422605714,2025-10-02 19h35.20.941416 +0530,
-150,z,92,92,22,z,1,0.5804226000036579,None,,,,,22,92,92,3,800.4135698000027,,800.3974247000006,800.4135698000027,801.3974693000055,801.3974693000055,801.3974693000055,801.3974693000055,801.413761799995,802.3971871999966,802.3971871999966,802.9811571000027,,,,,z,1,0.5804226000036579,None,pp5,001,2025-10-02_19h35.07.902,motor sequence,,2025.1.1,59.960198422605714,2025-10-02 19h35.20.941416 +0530,
150,v,93,93,19,v,1,0.5732917999994243,None,,,,,19,93,93,1,802.9971331999986,,802.9816562000051,802.9971331999986,803.980312899992,803.980312899992,803.980312899992,803.980312899992,803.9970545999968,804.997109399992,804.997109399992,805.5815820999997,,,,,v,1,0.5732917999994243,None,pp5,001,2025-10-02_19h35.07.902,motor sequence,,2025.1.1,59.960198422605714,2025-10-02 19h35.20.941416 +0530,
50,c,94,94,24,c,1,0.8572647999972105,None,,,,,24,94,94,2,805.5970154999959,,805.5825953000021,805.5970154999959,806.597322200003,806.597322200003,806.597322200003,806.597322200003,806.597322200003,807.5968899,807.5968899,808.4638298999926,,,,,c,1,0.8572647999972105,None,pp5,001,2025-10-02_19h35.07.902,motor sequence,,2025.1.1,59.960198422605714,2025-10-02 19h35.20.941416 +0530,
-50,x,95,95,27,x,1,1.9329710000019986,None,,,,,27,95,95,0,808.4801200999937,,808.4641589999956,808.4801200999937,809.4635960000014,809.4635960000014,809.4635960000014,809.4635960000014,809.4803572999954,810.4636551000003,810.4636551000003,812.3979485000018,,,,,x,1,1.9329710000019986,None,pp5,001,2025-10-02_19h35.07.902,motor sequence,,2025.1.1,59.960198422605714,2025-10-02 19h35.20.941416 +0530,
-50,x,96,96,28,x,1,0.9586583000054816,None,,,,,28,96,96,0,812.413784999997,,812.3983522000053,812.413784999997,813.3968476000009,813.3968476000009,813.3968476000009,813.3968476000009,813.4135256000009,814.3969547000015,814.3969547000015,815.3641561999975,,,,,x,1,0.9586583000054816,None,pp5,001,2025-10-02_19h35.07.902,motor sequence,,2025.1.1,59.960198422605714,2025-10-02 19h35.20.941416 +0530,
-50,x,97,97,29,x,1,0.4718792000057874,None,,,,,29,97,97,0,815.3803626000008,,815.3646160999924,815.3803626000008,816.3636973999965,816.3636973999965,816.3636973999965,816.3636973999965,816.3804266999941,817.3633627999952,817.3633627999952,817.8472791999957,,,,,x,1,0.4718792000057874,None,pp5,001,2025-10-02_19h35.07.902,motor sequence,,2025.1.1,59.960198422605714,2025-10-02 19h35.20.941416 +0530,
-50,x,98,98,30,x,1,0.8709470999892801,None,,,,,30,98,98,0,817.8644923999964,,817.8475496000028,817.8644923999964,818.8470821999945,818.8470821999945,818.8470821999945,818.8470821999945,818.8636750000005,819.8469750999939,819.8469750999939,820.7312439999951,,,,,x,1,0.8709470999892801,None,pp5,001,2025-10-02_19h35.07.902,motor sequence,,2025.1.1,59.960198422605714,2025-10-02 19h35.20.941416 +0530,
50,c,99,99,25,c,1,1.1811274999927264,None,,,,,25,99,99,2,820.7469105999917,,820.7320132000023,820.7469105999917,821.7470319999993,821.7470319999993,821.7470319999993,821.7470319999993,821.7470319999993,822.7304513999989,822.7304513999989,823.9145782999985,,,,,c,1,1.1811274999927264,None,pp5,001,2025-10-02_19h35.07.902,motor sequence,,2025.1.1,59.960198422605714,2025-10-02 19h35.20.941416 +0530,
150,v,100,100,20,v,1,1.2285899999988033,None,,,,,20,100,100,1,823.9303236999986,,823.9153528000024,823.9303236999986,824.9136235000042,824.9136235000042,824.9136235000042,824.9136235000042,824.9305009999953,825.9136249000003,825.9136249000003,827.1480431999953,,,,,v,1,1.2285899999988033,None,pp5,001,2025-10-02_19h35.07.902,motor sequence,,2025.1.1,59.960198422605714,2025-10-02 19h35.20.941416 +0530,
-150,z,101,101,23,z,1,1.7536164000048302,None,,,,,23,101,101,3,827.1635736000026,,827.1486181999935,827.1635736000026,828.1640651999915,828.1640651999915,828.1640651999915,828.1640651999915,828.1640651999915,829.1468550999998,829.1468550999998,830.9145578000025,,,,,z,1,1.7536164000048302,None,pp5,001,2025-10-02_19h35.07.902,motor sequence,,2025.1.1,59.960198422605714,2025-10-02 19h35.20.941416 +0530,
-150,z,102,102,24,z,1,1.5794190000015078,None,,,,,24,102,102,3,830.9302432999975,,830.9149354999972,830.9302432999975,831.9135475999938,831.9135475999938,831.9135475999938,831.9135475999938,831.9302883999917,832.913572999998,832.913572999998,834.4978523000027,,,,,z,1,1.5794190000015078,None,pp5,001,2025-10-02_19h35.07.902,motor sequence,,2025.1.1,59.960198422605714,2025-10-02 19h35.20.941416 +0530,
-150,z,103,103,25,z,1,0.5535460000101011,None,,,,,25,103,103,3,834.5136419000046,,834.4986314999987,834.5136419000046,835.4971290999965,835.4971290999965,835.4971290999965,835.4971290999965,835.5135205999977,836.496987999999,836.496987999999,837.0642328999966,,,,,z,1,0.5535460000101011,None,pp5,001,2025-10-02_19h35.07.902,motor sequence,,2025.1.1,59.960198422605714,2025-10-02 19h35.20.941416 +0530,
-150,z,104,104,26,z,1,0.6009418000030564,None,,,,,26,104,104,3,837.0802591999964,,837.0647065999947,837.0802591999964,838.0634352000052,838.0634352000052,838.0634352000052,838.0634352000052,838.0802245999948,839.0638949999993,839.0638949999993,839.6811725000007,,,,,z,1,0.6009418000030564,None,pp5,001,2025-10-02_19h35.07.902,motor sequence,,2025.1.1,59.960198422605714,2025-10-02 19h35.20.941416 +0530,
50,c,105,105,26,c,1,2.551055500007351,None,,,,,26,105,105,2,839.696995899998,,839.6819256000017,839.696995899998,840.697079199992,840.697079199992,840.697079199992,840.697079199992,840.697079199992,841.6970848999918,841.6970848999918,844.2640479999973,,,,,c,1,2.551055500007351,None,pp5,001,2025-10-02_19h35.07.902,motor sequence,,2025.1.1,59.960198422605714,2025-10-02 19h35.20.941416 +0530,
50,c,106,106,27,c,1,1.368035699997563,None,,,,,27,106,106,2,844.2803468999919,,844.2645067999983,844.2803468999919,845.2638540000044,845.2638540000044,845.2638540000044,845.2638540000044,845.2802952000056,846.2636248000053,846.2636248000053,847.6476750000002,,,,,c,1,1.368035699997563,None,pp5,001,2025-10-02_19h35.07.902,motor sequence,,2025.1.1,59.960198422605714,2025-10-02 19h35.20.941416 +0530,
150,v,107,107,21,v,1,1.1678089000051841,None,,,,,21,107,107,1,847.6636741999973,,847.6480764000007,847.6636741999973,848.6469073000044,848.6469073000044,848.6469073000044,848.6469073000044,848.6637943999958,849.6467837999953,849.6467837999953,850.8310181999987,,,,,v,1,1.1678089000051841,None,pp5,001,2025-10-02_19h35.07.902,motor sequence,,2025.1.1,59.960198422605714,2025-10-02 19h35.20.941416 +0530,
150,v,108,108,22,v,1,0.6645848999905866,None,,,,,22,108,108,1,850.847171100002,,850.8317531999928,850.847171100002,851.8303653000039,851.8303653000039,851.8303653000039,851.8303653000039,851.847085500005,852.830440699996,852.830440699996,853.4978297000052,,,,,v,1,0.6645848999905866,None,pp5,001,2025-10-02_19h35.07.902,motor sequence,,2025.1.1,59.960198422605714,2025-10-02 19h35.20.941416 +0530,
50,c,109,109,28,c,1,1.0409309999959078,None,,,,,28,109,109,2,853.5136931000015,,853.498571499993,853.5136931000015,854.4987114999967,854.4987114999967,854.4987114999967,854.4987114999967,854.5144568999967,855.4969757999934,855.4969757999934,856.5475064000057,,,,,c,1,1.0409309999959078,None,pp5,001,2025-10-02_19h35.07.902,motor sequence,,2025.1.1,59.960198422605714,2025-10-02 19h35.20.941416 +0530,
-150,z,110,110,27,z,1,0.4723620999866398,None,,,,,27,110,110,3,856.563811400003,,856.5480259000033,856.563811400003,857.5472913999984,857.5472913999984,857.5472913999984,857.5472913999984,857.5637177000026,858.5469240999955,858.5469240999955,859.0307799000002,,,,,z,1,0.4723620999866398,None,pp5,001,2025-10-02_19h35.07.902,motor sequence,,2025.1.1,59.960198422605714,2025-10-02 19h35.20.941416 +0530,
-50,x,111,111,31,x,1,0.5251942000031704,None,,,,,31,111,111,0,859.0468981000013,,859.0311762000056,859.0468981000013,860.030259399995,860.030259399995,860.030259399995,860.030259399995,860.047355200004,861.0307519999915,861.0307519999915,861.5642107000021,,,,,x,1,0.5251942000031704,None,pp5,001,2025-10-02_19h35.07.902,motor sequence,,2025.1.1,59.960198422605714,2025-10-02 19h35.20.941416 +0530,
150,v,112,112,23,v,1,0.6894326000037836,None,,,,,23,112,112,1,861.5802363999974,,861.5647023000056,861.5802363999974,862.5635688000038,862.5635688000038,862.5635688000038,862.5635688000038,862.5803665999993,863.5637391999917,863.5637391999917,864.2645842000056,,,,,v,1,0.6894326000037836,None,pp5,001,2025-10-02_19h35.07.902,motor sequence,,2025.1.1,59.960198422605714,2025-10-02 19h35.20.941416 +0530,
50,c,113,113,29,c,1,0.9601563000032911,None,,,,,29,113,113,2,864.2804158999934,,864.2653139000031,864.2804158999934,865.2634679000039,865.2634679000039,865.2634679000039,865.2634679000039,865.2801804000046,866.2633989000024,866.2633989000024,867.2311169000022,,,,,c,1,0.9601563000032911,None,pp5,001,2025-10-02_19h35.07.902,motor sequence,,2025.1.1,59.960198422605714,2025-10-02 19h35.20.941416 +0530,
50,c,114,114,30,c,1,0.6785471000039252,None,,,,,30,114,114,2,867.247034999993,,867.231604200002,867.247034999993,868.2308386999939,868.2308386999939,868.2308386999939,868.2308386999939,868.2471631999942,869.2303335000033,869.2303335000033,869.9142095999996,,,,,c,1,0.6785471000039252,None,pp5,001,2025-10-02_19h35.07.902,motor sequence,,2025.1.1,59.960198422605714,2025-10-02 19h35.20.941416 +0530,
150,v,115,115,24,v,1,0.6484383000060916,None,,,,,24,115,115,1,869.9303555999941,,869.9146796999994,869.9303555999941,870.9140488999983,870.9140488999983,870.9140488999983,870.9140488999983,870.9302787999914,871.9137182999984,871.9137182999984,872.5648447999993,,,,,v,1,0.6484383000060916,None,pp5,001,2025-10-02_19h35.07.902,motor sequence,,2025.1.1,59.960198422605714,2025-10-02 19h35.20.941416 +0530,
150,v,116,116,25,v,1,1.6208207000017865,None,,,,,25,116,116,1,872.5805082000006,,872.5653215000057,872.5805082000006,873.5801783999923,873.5801783999923,873.5801783999923,873.5801783999923,873.5801783999923,874.5634815999947,874.5634815999947,876.1976184999949,,,,,v,1,1.6208207000017865,None,pp5,001,2025-10-02_19h35.07.902,motor sequence,,2025.1.1,59.960198422605714,2025-10-02 19h35.20.941416 +0530,
-150,z,117,117,28,z,1,0.6603179999947315,None,,,,,28,117,117,3,876.2136205999996,,876.1980419000029,876.2136205999996,877.1973472999962,877.1973472999962,877.1973472999962,877.1973472999962,877.2134782999929,878.1969771000004,878.1969771000004,878.8644312999968,,,,,z,1,0.6603179999947315,None,pp5,001,2025-10-02_19h35.07.902,motor sequence,,2025.1.1,59.960198422605714,2025-10-02 19h35.20.941416 +0530,
-150,z,118,118,29,z,1,0.6974881999922218,None,,,,,29,118,118,3,878.8804284999933,,878.8651899999968,878.8804284999933,879.8638757000008,879.8638757000008,879.8638757000008,879.8638757000008,879.8806268000044,880.8637414999976,880.8637414999976,881.5648493000044,,,,,z,1,0.6974881999922218,None,pp5,001,2025-10-02_19h35.07.902,motor sequence,,2025.1.1,59.960198422605714,2025-10-02 19h35.20.941416 +0530,
50,c,119,119,31,c,1,1.8120097999926656,None,,,,,31,119,119,2,881.5809743999998,,881.5658353000035,881.5809743999998,882.5804361000046,882.5804361000046,882.5804361000046,882.5804361000046,882.5804361000046,883.580260799994,883.580260799994,885.3978390999982,,,,,c,1,1.8120097999926656,None,pp5,001,2025-10-02_19h35.07.902,motor sequence,,2025.1.1,59.960198422605714,2025-10-02 19h35.20.941416 +0530,
-150,z,120,120,30,z,1,0.5910787000029813,None,,,,,30,120,120,3,885.4137180999969,,885.3983205999975,885.4137180999969,886.3970782999968,886.3970782999968,886.3970782999968,886.3970782999968,886.4136196000036,887.3973676000023,887.3973676000023,887.9975533999968,,,,,z,1,0.5910787000029813,None,pp5,001,2025-10-02_19h35.07.902,motor sequence,,2025.1.1,59.960198422605714,2025-10-02 19h35.20.941416 +0530,
-150,z,121,121,31,z,1,0.6627595000027213,None,,,,,31,121,121,3,888.0137365999981,,887.9978947000054,888.0137365999981,888.9969564000057,888.9969564000057,888.9969564000057,888.9969564000057,889.013638000004,889.9971341999917,889.9971341999917,890.6642863000015,,,,,z,1,0.6627595000027213,None,pp5,001,2025-10-02_19h35.07.902,motor sequence,,2025.1.1,59.960198422605714,2025-10-02 19h35.20.941416 +0530,
-50,x,122,122,32,x,1,1.218052299998817,None,,,,,32,122,122,0,890.6802445999929,,890.6647661000025,890.6802445999929,891.663567800002,891.663567800002,891.663567800002,891.663567800002,891.6803529000026,892.6636781999987,892.6636781999987,893.8989332000056,,,,,x,1,1.218052299998817,None,pp5,001,2025-10-02_19h35.07.902,motor sequence,,2025.1.1,59.960198422605714,2025-10-02 19h35.20.941416 +0530,
-150,z,123,123,32,z,1,0.6640228000032948,None,,,,,32,123,123,3,893.9134602999984,,893.8994198,893.9134602999984,894.9139467999921,894.9139467999921,894.9139467999921,894.9139467999921,894.9139467999921,895.9137511000008,895.9137511000008,896.5808008000022,,,,,z,1,0.6640228000032948,None,pp5,001,2025-10-02_19h35.07.902,motor sequence,,2025.1.1,59.960198422605714,2025-10-02 19h35.20.941416 +0530,
50,c,124,124,32,c,1,0.7187057999981334,None,,,,,32,124,124,2,896.5969311999943,,896.5812767000025,896.5969311999943,897.5803485999932,897.5803485999932,897.5803485999932,897.5803485999932,897.5969785999914,898.580287299992,898.580287299992,899.3141524999955,,,,,c,1,0.7187057999981334,None,pp5,001,2025-10-02_19h35.07.902,motor sequence,,2025.1.1,59.960198422605714,2025-10-02 19h35.20.941416 +0530,
50,c,125,125,33,c,1,0.4359758999926271,None,,,,,33,125,125,2,899.3304209000053,,899.3146608999959,899.3304209000053,900.3136742999923,900.3136742999923,900.3136742999923,900.3136742999923,900.3303874999983,901.3139274999994,901.3139274999994,901.7645480999927,,,,,c,1,0.4359758999926271,None,pp5,001,2025-10-02_19h35.07.902,motor sequence,,2025.1.1,59.960198422605714,2025-10-02 19h35.20.941416 +0530,
50,c,126,126,34,c,1,0.3681955999927595,None,,,,,34,126,126,2,901.7804562999954,,901.7650235000037,901.7804562999954,902.7636121999967,902.7636121999967,902.7636121999967,902.7636121999967,902.7804391999962,903.7804770999937,903.7804770999937,904.1643404999922,,,,,c,1,0.3681955999927595,None,pp5,001,2025-10-02_19h35.07.902,motor sequence,,2025.1.1,59.960198422605714,2025-10-02 19h35.20.941416 +0530,
50,c,127,127,35,c,1,0.40943510000943206,None,,,,,35,127,127,2,904.1802652000042,,904.1650208999927,904.1802652000042,905.1640054000018,905.1640054000018,905.1640054000018,905.1640054000018,905.1802336999972,906.1634548000002,906.1634548000002,906.5810824999935,,,,,c,1,0.40943510000943206,None,pp5,001,2025-10-02_19h35.07.902,motor sequence,,2025.1.1,59.960198422605714,2025-10-02 19h35.20.941416 +0530,
50,c,128,128,36,c,1,0.41059929999755695,None,,,,,36,128,128,2,906.5970465999999,,906.5816125999991,906.5970465999999,907.5803931999981,907.5803931999981,907.5803931999981,907.5803931999981,907.5971703999967,908.5801652999944,908.5801652999944,908.9977715999994,,,,,c,1,0.41059929999755695,None,pp5,001,2025-10-02_19h35.07.902,motor sequence,,2025.1.1,59.960198422605714,2025-10-02 19h35.20.941416 +0530,
150,v,129,129,26,v,1,0.638673800000106,None,,,,,26,129,129,1,909.014022000003,,908.9984907000035,909.014022000003,909.9970086999965,909.9970086999965,909.9970086999965,909.9970086999965,910.0135624999966,910.9970020000037,910.9970020000037,911.6480617000052,,,,,v,1,0.638673800000106,None,pp5,001,2025-10-02_19h35.07.902,motor sequence,,2025.1.1,59.960198422605714,2025-10-02 19h35.20.941416 +0530,
150,v,130,130,27,v,1,0.48980150000716094,None,,,,,27,130,130,1,911.6637508999993,,911.6486342999997,911.6637508999993,912.6637532000022,912.6637532000022,912.6637532000022,912.6637532000022,912.6637532000022,913.6636548999959,913.6636548999959,914.1647029000014,,,,,v,1,0.48980150000716094,None,pp5,001,2025-10-02_19h35.07.902,motor sequence,,2025.1.1,59.960198422605714,2025-10-02 19h35.20.941416 +0530,
-50,x,131,131,33,x,1,1.1647836000047391,None,,,,,33,131,131,0,914.1818452000007,,914.1652169000008,914.1818452000007,915.1804596000002,915.1804596000002,915.1804596000002,915.1804596000002,915.1971216999955,916.1803993999929,916.1803993999929,917.3477204999945,,,,,x,1,1.1647836000047391,None,pp5,001,2025-10-02_19h35.07.902,motor sequence,,2025.1.1,59.960198422605714,2025-10-02 19h35.20.941416 +0530,
-150,z,132,132,33,z,1,0.6422384000034072,None,,,,,33,132,132,3,917.3638591000054,,917.3481874999998,917.3638591000054,918.3472060000058,918.3472060000058,918.3472060000058,918.3472060000058,918.3636227999959,919.3471360999974,919.3471360999974,919.9980821999925,,,,,z,1,0.6422384000034072,None,pp5,001,2025-10-02_19h35.07.902,motor sequence,,2025.1.1,59.960198422605714,2025-10-02 19h35.20.941416 +0530,
-50,x,133,133,34,x,1,0.6404391000105534,None,,,,,34,133,133,0,920.0136726000055,,919.9985803000018,920.0136726000055,921.0137018999958,921.0137018999958,921.0137018999958,921.0137018999958,921.0137018999958,921.9970123999956,921.9970123999956,922.6476765999978,,,,,x,1,0.6404391000105534,None,pp5,001,2025-10-02_19h35.07.902,motor sequence,,2025.1.1,59.960198422605714,2025-10-02 19h35.20.941416 +0530,
-50,x,134,134,35,x,1,0.42292169999564067,None,,,,,35,134,134,0,922.6635520999989,,922.6481708999927,922.6635520999989,923.6471414999978,923.6471414999978,923.6471414999978,923.6471414999978,923.6637516000046,924.6474997000041,924.6474997000041,925.0812007999921,,,,,x,1,0.42292169999564067,None,pp5,001,2025-10-02_19h35.07.902,motor sequence,,2025.1.1,59.960198422605714,2025-10-02 19h35.20.941416 +0530,
-150,z,135,135,34,z,1,0.854500299989013,None,,,,,34,135,135,3,925.0971814999939,,925.0816941999947,925.0971814999939,926.0805393000046,926.0805393000046,926.0805393000046,926.0805393000046,926.0970225000056,927.0808435999934,927.0808435999934,927.9471764000045,,,,,z,1,0.854500299989013,None,pp5,001,2025-10-02_19h35.07.902,motor sequence,,2025.1.1,59.960198422605714,2025-10-02 19h35.20.941416 +0530,
150,v,136,136,28,v,1,0.6123392999870703,None,,,,,28,136,136,1,927.9636010999966,,927.947464900004,927.9636010999966,928.9475184000039,928.9475184000039,928.9475184000039,928.9475184000039,928.9637950000033,929.9469829000009,929.9469829000009,930.5640758999944,,,,,v,1,0.6123392999870703,None,pp5,001,2025-10-02_19h35.07.902,motor sequence,,2025.1.1,59.960198422605714,2025-10-02 19h35.20.941416 +0530,
50,c,137,137,37,c,1,0.732179400001769,None,,,,,37,137,137,2,930.5804284000042,,930.5645014000038,930.5804284000042,931.5636176999978,931.5636176999978,931.5636176999978,931.5636176999978,931.5808834999916,932.5637381999986,932.5637381999986,933.297610900001,,,,,c,1,0.732179400001769,None,pp5,001,2025-10-02_19h35.07.902,motor sequence,,2025.1.1,59.960198422605714,2025-10-02 19h35.20.941416 +0530,
150,v,138,138,29,v,1,0.5800602000090294,None,,,,,29,138,138,1,933.3139612999948,,933.2979950000008,933.3139612999948,934.2970351999975,934.2970351999975,934.2970351999975,934.2970351999975,934.3135819000017,935.2969802000007,935.2969802000007,935.8812238999963,,,,,v,1,0.5800602000090294,None,pp5,001,2025-10-02_19h35.07.902,motor sequence,,2025.1.1,59.960198422605714,2025-10-02 19h35.20.941416 +0530,
50,c,139,139,38,c,1,0.7008967000001576,None,,,,,38,139,139,2,935.8972674999968,,935.8817043000017,935.8972674999968,936.8971578999917,936.8971578999917,936.8971578999917,936.8971578999917,936.8971578999917,937.880416400003,937.880416400003,938.5974772000045,,,,,c,1,0.7008967000001576,None,pp5,001,2025-10-02_19h35.07.902,motor sequence,,2025.1.1,59.960198422605714,2025-10-02 19h35.20.941416 +0530,
-50,x,140,140,36,x,1,0.6531907999888062,None,,,,,36,140,140,0,938.6136849000031,,938.5981477000023,938.6136849000031,939.5969812999974,939.5969812999974,939.5969812999974,939.5969812999974,939.6134628,940.5968428000051,940.5968428000051,941.264408899995,,,,,x,1,0.6531907999888062,None,pp5,001,2025-10-02_19h35.07.902,motor sequence,,2025.1.1,59.960198422605714,2025-10-02 19h35.20.941416 +0530,
150,v,141,141,30,v,1,0.801681799988728,None,,,,,30,141,141,1,941.2801991000015,,941.2648837000015,941.2801991000015,942.263864499997,942.263864499997,942.263864499997,942.263864499997,942.280568000002,943.2635364000016,943.2635364000016,944.0806980000052,,,,,v,1,0.801681799988728,None,pp5,001,2025-10-02_19h35.07.902,motor sequence,,2025.1.1,59.960198422605714,2025-10-02 19h35.20.941416 +0530,
150,v,142,142,31,v,1,0.6487931000010576,None,,,,,31,142,142,1,944.0971389000042,,944.0811080999993,944.0971389000042,945.0802819999953,945.0802819999953,945.0802819999953,945.0802819999953,945.0971126999939,946.080589499994,946.080589499994,946.7311449999979,,,,,v,1,0.6487931000010576,None,pp5,001,2025-10-02_19h35.07.902,motor sequence,,2025.1.1,59.960198422605714,2025-10-02 19h35.20.941416 +0530,
50,c,143,143,39,c,1,0.6605206999956863,None,,,,,39,143,143,2,946.7469926000049,,946.7317240999982,946.7469926000049,947.7315110000054,947.7315110000054,947.7315110000054,947.7315110000054,947.7470853999985,948.7304667999997,948.7304667999997,949.3985097999976,,,,,c,1,0.6605206999956863,None,pp5,001,2025-10-02_19h35.07.902,motor sequence,,2025.1.1,59.960198422605714,2025-10-02 19h35.20.941416 +0530,
50,c,144,144,40,c,1,0.658290900013526,None,,,,,40,144,144,2,949.4137278999988,,949.3991672999982,949.4137278999988,950.413893399993,950.413893399993,950.413893399993,950.413893399993,950.413893399993,951.4137637999956,951.4137637999956,952.0812847999914,,,,,c,1,0.658290900013526,None,pp5,001,2025-10-02_19h35.07.902,motor sequence,,2025.1.1,59.960198422605714,2025-10-02 19h35.20.941416 +0530,
50,c,145,145,41,c,1,0.49072980000346433,None,,,,,41,145,145,2,952.0970955999946,,952.0820098999975,952.0970955999946,953.0805044000008,953.0805044000008,953.0805044000008,953.0805044000008,953.0971541000035,954.097056300001,954.097056300001,954.5977203999937,,,,,c,1,0.49072980000346433,None,pp5,001,2025-10-02_19h35.07.902,motor sequence,,2025.1.1,59.960198422605714,2025-10-02 19h35.20.941416 +0530,
-50,x,146,146,37,x,1,1.1946549999993294,None,,,,,37,146,146,0,954.6137333999941,,954.5982005999977,954.6137333999941,955.5975649000029,955.5975649000029,955.5975649000029,955.5975649000029,955.6137733999931,956.5970142000006,956.5970142000006,957.7978033999971,,,,,x,1,1.1946549999993294,None,pp5,001,2025-10-02_19h35.07.902,motor sequence,,2025.1.1,59.960198422605714,2025-10-02 19h35.20.941416 +0530,
-50,x,147,147,38,x,1,0.5272052000073018,None,,,,,38,147,147,0,957.8136284999928,,957.7984581000055,957.8136284999928,958.7975194000028,958.7975194000028,958.7975194000028,958.7975194000028,958.8139168000052,959.7972031999961,959.7972031999961,960.3311125000037,,,,,x,1,0.5272052000073018,None,pp5,001,2025-10-02_19h35.07.902,motor sequence,,2025.1.1,59.960198422605714,2025-10-02 19h35.20.941416 +0530,
-150,z,148,148,35,z,1,0.9328022999980021,None,,,,,35,148,148,3,960.3480848000036,,960.3314823999972,960.3480848000036,961.3304475000041,961.3304475000041,961.3304475000041,961.3304475000041,961.3476127000031,962.3306350000057,962.3306350000057,963.2643427000003,,,,,z,1,0.9328022999980021,None,pp5,001,2025-10-02_19h35.07.902,motor sequence,,2025.1.1,59.960198422605714,2025-10-02 19h35.20.941416 +0530,
-150,z,149,149,36,z,1,0.9092078999965452,None,,,,,36,149,149,3,963.2802768999973,,963.2649405999982,963.2802768999973,964.2636676999973,964.2636676999973,964.2636676999973,964.2636676999973,964.2804127999989,965.2636256999976,965.2636256999976,966.1806204000022,,,,,z,1,0.9092078999965452,None,pp5,001,2025-10-02_19h35.07.902,motor sequence,,2025.1.1,59.960198422605714,2025-10-02 19h35.20.941416 +0530,
-150,z,150,150,37,z,1,0.8860162000055425,None,,,,,37,150,150,3,966.1971476000035,,966.1810011000052,966.1971476000035,967.1807565000054,967.1807565000054,967.1807565000054,967.1807565000054,967.1974656999955,968.1804430000047,968.1804430000047,969.0812462000031,,,,,z,1,0.8860162000055425,None,pp5,001,2025-10-02_19h35.07.902,motor sequence,,2025.1.1,59.960198422605714,2025-10-02 19h35.20.941416 +0530,
150,v,151,151,32,v,1,1.142889800001285,None,,,,,32,151,151,1,969.0971608999971,,969.0819785000058,969.0971608999971,970.0805290999997,970.0805290999997,970.0805290999997,970.0805290999997,970.097394299999,971.0805378999939,971.0805378999939,972.2311400000035,,,,,v,1,1.142889800001285,None,pp5,001,2025-10-02_19h35.07.902,motor sequence,,2025.1.1,59.960198422605714,2025-10-02 19h35.20.941416 +0530,
50,c,152,152,42,c,1,0.8147812999959569,None,,,,,42,152,152,2,972.2471399999922,,972.2316123000055,972.2471399999922,973.2303571999946,973.2303571999946,973.2303571999946,973.2303571999946,973.2471853000025,974.2304976000014,974.2304976000014,975.0479578999948,,,,,c,1,0.8147812999959569,None,pp5,001,2025-10-02_19h35.07.902,motor sequence,,2025.1.1,59.960198422605714,2025-10-02 19h35.20.941416 +0530,
150,v,153,153,33,v,1,0.6275516000023345,None,,,,,33,153,153,1,975.0643198000034,,975.0485689000052,975.0643198000034,976.0472718999954,976.0472718999954,976.0472718999954,976.0472718999954,976.0638285000023,977.047212000005,977.047212000005,977.6806606000027,,,,,v,1,0.6275516000023345,None,pp5,001,2025-10-02_19h35.07.902,motor sequence,,2025.1.1,59.960198422605714,2025-10-02 19h35.20.941416 +0530,
-50,x,154,154,39,x,1,1.159122800003388,None,,,,,39,154,154,0,977.697047900001,,977.6808943999931,977.697047900001,978.6804332000029,978.6804332000029,978.6804332000029,978.6804332000029,978.6970178000047,979.6808143999951,979.6808143999951,980.8481139999931,,,,,x,1,1.159122800003388,None,pp5,001,2025-10-02_19h35.07.902,motor sequence,,2025.1.1,59.960198422605714,2025-10-02 19h35.20.941416 +0530,
-50,x,155,155,40,x,1,0.7696581000054721,None,,,,,40,155,155,0,980.863774700003,,980.8489006000018,980.863774700003,981.8635947000002,981.8635947000002,981.8635947000002,981.8635947000002,981.8635947000002,982.8640046999935,982.8640046999935,983.6478577999951,,,,,x,1,0.7696581000054721,None,pp5,001,2025-10-02_19h35.07.902,motor sequence,,2025.1.1,59.960198422605714,2025-10-02 19h35.20.941416 +0530,
50,c,156,156,43,c,1,0.6273763999924995,None,,,,,43,156,156,2,983.6638774000021,,983.6483251000027,983.6638774000021,984.6471474999998,984.6471474999998,984.6471474999998,984.6471474999998,984.6636844000022,985.6470711000002,985.6470711000002,986.2811321000045,,,,,c,1,0.6273763999924995,None,pp5,001,2025-10-02_19h35.07.902,motor sequence,,2025.1.1,59.960198422605714,2025-10-02 19h35.20.941416 +0530,
150,v,157,157,34,v,1,0.7411745999997947,None,,,,,34,157,157,1,986.2973032000009,,986.2816894999996,986.2973032000009,987.2806257000047,987.2806257000047,987.2806257000047,987.2806257000047,987.2971871000045,988.2809872999933,988.2809872999933,989.0310883000056,,,,,v,1,0.7411745999997947,None,pp5,001,2025-10-02_19h35.07.902,motor sequence,,2025.1.1,59.960198422605714,2025-10-02 19h35.20.941416 +0530,
-50,x,158,158,41,x,1,0.8861595999915153,None,,,,,41,158,158,0,989.0471118999994,,989.0315818999952,989.0471118999994,990.0302690999961,990.0302690999961,990.0302690999961,990.0302690999961,990.0471294000017,991.0309406000015,991.0309406000015,991.9312114000059,,,,,x,1,0.8861595999915153,None,pp5,001,2025-10-02_19h35.07.902,motor sequence,,2025.1.1,59.960198422605714,2025-10-02 19h35.20.941416 +0530,
-150,z,159,159,38,z,1,0.9782967000064673,None,,,,,38,159,159,3,991.9471131000028,,991.9316886000015,991.9471131000028,992.9307007000025,992.9307007000025,992.9307007000025,992.9307007000025,992.9471765000053,993.930712699992,993.930712699992,994.9144387999986,,,,,z,1,0.9782967000064673,None,pp5,001,2025-10-02_19h35.07.902,motor sequence,,2025.1.1,59.960198422605714,2025-10-02 19h35.20.941416 +0530,
150,v,160,160,35,v,1,0.5864255999913439,None,,,,,35,160,160,1,994.9305922000058,,994.9149452999991,994.9305922000058,995.9136532999983,995.9136532999983,995.9136532999983,995.9136532999983,995.9303626000037,996.9138702999917,996.9138702999917,997.5149766999966,,,,,v,1,0.5864255999913439,None,pp5,001,2025-10-02_19h35.07.902,motor sequence,,2025.1.1,59.960198422605714,2025-10-02 19h35.20.941416 +0530,
-50,x,161,161,42,x,1,1.0375281000015093,None,,,,,42,161,161,0,997.5304802000028,,997.5156534999987,997.5304802000028,998.5306610999978,998.5306610999978,998.5306610999978,998.5306610999978,998.5306610999978,999.5304441000044,999.5304441000044,1000.5814570999937,,,,,x,1,1.0375281000015093,None,pp5,001,2025-10-02_19h35.07.902,motor sequence,,2025.1.1,59.960198422605714,2025-10-02 19h35.20.941416 +0530,
50,c,162,162,44,c,1,0.9609869999985676,None,,,,,44,162,162,2,1000.597609000004,,1000.5820109000051,1000.597609000004,1001.5971608999971,1001.5971608999971,1001.5971608999971,1001.5971608999971,1001.5971608999971,1002.5808284999948,1002.5808284999948,1003.5480618000001,,,,,c,1,0.9609869999985676,None,pp5,001,2025-10-02_19h35.07.902,motor sequence,,2025.1.1,59.960198422605714,2025-10-02 19h35.20.941416 +0530,
150,v,163,163,36,v,1,0.6367062000063015,None,,,,,36,163,163,1,1003.5636233999976,,1003.5485830999969,1003.5636233999976,1004.5637068999931,1004.5637068999931,1004.5637068999931,1004.5637068999931,1004.5637068999931,1005.5472472999973,1005.5472472999973,1006.1980359000008,,,,,v,1,0.6367062000063015,None,pp5,001,2025-10-02_19h35.07.902,motor sequence,,2025.1.1,59.960198422605714,2025-10-02 19h35.20.941416 +0530,
-150,z,164,164,39,z,1,0.5990950999985216,None,,,,,39,164,164,3,1006.2137677999999,,1006.1985207999969,1006.2137677999999,1007.2137954999926,1007.2137954999926,1007.2137954999926,1007.2137954999926,1007.2137954999926,1008.2136730000057,1008.2136730000057,1008.8139224000042,,,,,z,1,0.5990950999985216,None,pp5,001,2025-10-02_19h35.07.902,motor sequence,,2025.1.1,59.960198422605714,2025-10-02 19h35.20.941416 +0530,
150,v,165,165,37,v,1,1.5580812999978662,None,,,,,37,165,165,1,1008.8302553999965,,1008.814341499994,1008.8302553999965,1009.8135727000044,1009.8135727000044,1009.8135727000044,1009.8135727000044,1009.8304848999978,1010.8136965000012,1010.8136965000012,1012.3810629999934,,,,,v,1,1.5580812999978662,None,pp5,001,2025-10-02_19h35.07.902,motor sequence,,2025.1.1,59.960198422605714,2025-10-02 19h35.20.941416 +0530,
-50,x,166,166,43,x,1,0.8577433000027668,None,,,,,43,166,166,0,1012.3970490999927,,1012.3814306999993,1012.3970490999927,1013.3805036999984,1013.3805036999984,1013.3805036999984,1013.3805036999984,1013.3970416999946,1014.3805258999928,1014.3805258999928,1015.2477834000019,,,,,x,1,0.8577433000027668,None,pp5,001,2025-10-02_19h35.07.902,motor sequence,,2025.1.1,59.960198422605714,2025-10-02 19h35.20.941416 +0530,
-150,z,167,167,40,z,1,0.8381894000049215,None,,,,,40,167,167,3,1015.263913799994,,1015.2484947000048,1015.263913799994,1016.2474802999932,1016.2474802999932,1016.2474802999932,1016.2474802999932,1016.2636822999921,1017.2471665000048,1017.2471665000048,1018.0980663999944,,,,,z,1,0.8381894000049215,None,pp5,001,2025-10-02_19h35.07.902,motor sequence,,2025.1.1,59.960198422605714,2025-10-02 19h35.20.941416 +0530,
50,c,168,168,45,c,1,0.57565899999463,None,,,,,45,168,168,2,1018.1137985999958,,1018.0987585999974,1018.1137985999958,1019.0973105000012,1019.0973105000012,1019.0973105000012,1019.0973105000012,1019.1137512999994,1020.1142407000007,1020.1142407000007,1020.6978724999935,,,,,c,1,0.57565899999463,None,pp5,001,2025-10-02_19h35.07.902,motor sequence,,2025.1.1,59.960198422605714,2025-10-02 19h35.20.941416 +0530,
-150,z,169,169,41,z,1,0.9105914999963716,None,,,,,41,169,169,3,1020.7137952000048,,1020.6983488999977,1020.7137952000048,1021.6973828000046,1021.6973828000046,1021.6973828000046,1021.6973828000046,1021.7137903999974,1022.6973447000055,1022.6973447000055,1023.6145073999942,,,,,z,1,0.9105914999963716,None,pp5,001,2025-10-02_19h35.07.902,motor sequence,,2025.1.1,59.960198422605714,2025-10-02 19h35.20.941416 +0530,
50,c,170,170,46,c,1,0.725069899999653,None,,,,,46,170,170,2,1023.6305282999965,,1023.6149854999967,1023.6305282999965,1024.6136923000013,1024.6136923000013,1024.6136923000013,1024.6136923000013,1024.6304658000008,1025.613764099995,1025.613764099995,1026.3479714999994,,,,,c,1,0.725069899999653,None,pp5,001,2025-10-02_19h35.07.902,motor sequence,,2025.1.1,59.960198422605714,2025-10-02 19h35.20.941416 +0530,
-150,z,171,171,42,z,1,0.9336059999914141,None,,,,,42,171,171,3,1026.3636593999981,,1026.3483497999987,1026.3636593999981,1027.3470779999916,1027.3470779999916,1027.3470779999916,1027.3470779999916,1027.3637739999976,1028.3472708000045,1028.3472708000045,1029.2979215999949,,,,,z,1,0.9336059999914141,None,pp5,001,2025-10-02_19h35.07.902,motor sequence,,2025.1.1,59.960198422605714,2025-10-02 19h35.20.941416 +0530,
-150,z,172,172,43,z,1,0.9645408000069438,None,,,,,43,172,172,3,1029.313657199993,,1029.2984577000025,1029.313657199993,1030.2971914999944,1030.2971914999944,1030.2971914999944,1030.2971914999944,1030.313797499999,1031.2971410000027,1031.2971410000027,1032.2647982000053,,,,,z,1,0.9645408000069438,None,pp5,001,2025-10-02_19h35.07.902,motor sequence,,2025.1.1,59.960198422605714,2025-10-02 19h35.20.941416 +0530,
-150,z,173,173,44,z,1,0.7120824000012362,None,,,,,44,173,173,3,1032.2803762999974,,1032.2653518000006,1032.2803762999974,1033.2638874999975,1033.2638874999975,1033.2638874999975,1033.2638874999975,1033.2805376000033,1034.2636438000045,1034.2636438000045,1034.9808634999936,,,,,z,1,0.7120824000012362,None,pp5,001,2025-10-02_19h35.07.902,motor sequence,,2025.1.1,59.960198422605714,2025-10-02 19h35.20.941416 +0530,
150,v,174,174,38,v,1,0.6662518999946769,None,,,,,38,174,174,1,1034.9969494999968,,1034.9812160000001,1034.9969494999968,1035.980649499994,1035.980649499994,1035.980649499994,1035.980649499994,1035.9971393000014,1036.980469400005,1036.980469400005,1037.6483089999965,,,,,v,1,0.6662518999946769,None,pp5,001,2025-10-02_19h35.07.902,motor sequence,,2025.1.1,59.960198422605714,2025-10-02 19h35.20.941416 +0530,
-50,x,175,175,44,x,1,0.7641773000068497,None,,,,,44,175,175,0,1037.6636367000028,,1037.6487104999978,1037.6636367000028,1038.663653399999,1038.663653399999,1038.663653399999,1038.663653399999,1038.663653399999,1039.6472039999935,1039.6472039999935,1040.4141186000052,,,,,x,1,0.7641773000068497,None,pp5,001,2025-10-02_19h35.07.902,motor sequence,,2025.1.1,59.960198422605714,2025-10-02 19h35.20.941416 +0530,
-50,x,176,176,45,x,1,0.6114899999956833,None,,,,,45,176,176,0,1040.4304812000046,,1040.4144926000008,1040.4304812000046,1041.4138493999926,1041.4138493999926,1041.4138493999926,1041.4138493999926,1041.430240799993,1042.4137335999985,1042.4137335999985,1043.0314246999915,,,,,x,1,0.6114899999956833,None,pp5,001,2025-10-02_19h35.07.902,motor sequence,,2025.1.1,59.960198422605714,2025-10-02 19h35.20.941416 +0530,
150,v,177,177,39,v,1,0.6973981999908574,None,,,,,39,177,177,1,1043.0471268999972,,1043.0318688999978,1043.0471268999972,1044.0472927999945,1044.0472927999945,1044.0472927999945,1044.0472927999945,1044.0472927999945,1045.0305358000041,1045.0305358000041,1045.7317143999971,,,,,v,1,0.6973981999908574,None,pp5,001,2025-10-02_19h35.07.902,motor sequence,,2025.1.1,59.960198422605714,2025-10-02 19h35.20.941416 +0530,
150,v,178,178,40,v,1,0.7239318000065396,None,,,,,40,178,178,1,1045.7471005999978,,1045.7324858999928,1045.7471005999978,1046.747159599996,1046.747159599996,1046.747159599996,1046.747159599996,1046.747159599996,1047.747040999995,1047.747040999995,1048.4812869000016,,,,,v,1,0.7239318000065396,None,pp5,001,2025-10-02_19h35.07.902,motor sequence,,2025.1.1,59.960198422605714,2025-10-02 19h35.20.941416 +0530,
-50,x,179,179,46,x,1,0.8634500999905868,None,,,,,46,179,179,0,1048.4972230999992,,1048.482002299992,1048.4972230999992,1049.4805574999918,1049.4805574999918,1049.4805574999918,1049.4805574999918,1049.4971418999921,1050.480530899993,1050.480530899993,1051.3474888000055,,,,,x,1,0.8634500999905868,None,pp5,001,2025-10-02_19h35.07.902,motor sequence,,2025.1.1,59.960198422605714,2025-10-02 19h35.20.941416 +0530,
-150,z,180,180,45,z,1,0.6902348000003258,None,,,,,45,180,180,3,1051.3638286999922,,1051.3478115000034,1051.3638286999922,1052.347172099995,1052.347172099995,1052.347172099995,1052.347172099995,1052.363575299998,1053.347531499996,1053.347531499996,1054.0482421999914,,,,,z,1,0.6902348000003258,None,pp5,001,2025-10-02_19h35.07.902,motor sequence,,2025.1.1,59.960198422605714,2025-10-02 19h35.20.941416 +0530,
50,c,181,181,47,c,1,0.6904176999960328,None,,,,,47,181,181,2,1054.0637476999982,,1054.0487474999973,1054.0637476999982,1055.0639471000031,1055.0639471000031,1055.0639471000031,1055.0639471000031,1055.0639471000031,1056.0471015999938,1056.0471015999938,1056.7485851999954,,,,,c,1,0.6904176999960328,None,pp5,001,2025-10-02_19h35.07.902,motor sequence,,2025.1.1,59.960198422605714,2025-10-02 19h35.20.941416 +0530,
150,v,182,182,41,v,1,1.7043346999998903,None,,,,,41,182,182,1,1056.7641653000028,,1056.7490634999995,1056.7641653000028,1057.7649848,1057.7649848,1057.7649848,1057.7649848,1057.7649848,1058.747262399993,1058.747262399993,1060.4644773000036,,,,,v,1,1.7043346999998903,None,pp5,001,2025-10-02_19h35.07.902,motor sequence,,2025.1.1,59.960198422605714,2025-10-02 19h35.20.941416 +0530,
150,v,183,183,42,v,1,0.5081154000072274,None,,,,,42,183,183,1,1060.480417999992,,1060.4649956999929,1060.480417999992,1061.4637311999977,1061.4637311999977,1061.4637311999977,1061.4637311999977,1061.4804953999992,1062.4635875999957,1062.4635875999957,1062.9815755000018,,,,,v,1,0.5081154000072274,None,pp5,001,2025-10-02_19h35.07.902,motor sequence,,2025.1.1,59.960198422605714,2025-10-02 19h35.20.941416 +0530,
150,v,184,184,43,v,1,0.41951189999235794,None,,,,,43,184,184,1,1062.9971777000028,,1062.9820615999924,1062.9971777000028,1063.9972456999967,1063.9972456999967,1063.9972456999967,1063.9972456999967,1063.9972456999967,1064.9970749000058,1064.9970749000058,1065.4313274000015,,,,,v,1,0.41951189999235794,None,pp5,001,2025-10-02_19h35.07.902,motor sequence,,2025.1.1,59.960198422605714,2025-10-02 19h35.20.941416 +0530,
-150,z,185,185,46,z,1,0.985989900000277,None,,,,,46,185,185,3,1065.447650599992,,1065.432060799998,1065.447650599992,1066.4472556999972,1066.4472556999972,1066.4472556999972,1066.4472556999972,1066.4472556999972,1067.4306943999982,1067.4306943999982,1068.4310451000056,,,,,z,1,0.985989900000277,None,pp5,001,2025-10-02_19h35.07.902,motor sequence,,2025.1.1,59.960198422605714,2025-10-02 19h35.20.941416 +0530,
-150,z,186,186,47,z,1,0.507645899997442,None,,,,,47,186,186,3,1068.4473304999992,,1068.4314989999984,1068.4473304999992,1069.4305579999927,1069.4305579999927,1069.4305579999927,1069.4305579999927,1069.4475418999937,1070.430617399994,1070.430617399994,1070.9476883000025,,,,,z,1,0.507645899997442,None,pp5,001,2025-10-02_19h35.07.902,motor sequence,,2025.1.1,59.960198422605714,2025-10-02 19h35.20.941416 +0530,
-50,x,187,187,47,x,1,0.5155171000078553,None,,,,,47,187,187,0,1070.9636424999917,,1070.9481879999948,1070.9636424999917,1071.9471856000018,1071.9471856000018,1071.9471856000018,1071.9471856000018,1071.9637797000032,1072.9470744999999,1072.9470744999999,1073.4641527000058,,,,,x,1,0.5155171000078553,None,pp5,001,2025-10-02_19h35.07.902,motor sequence,,2025.1.1,59.960198422605714,2025-10-02 19h35.20.941416 +0530,
50,c,188,188,48,c,1,0.6065490999899339,None,,,,,48,188,188,2,1073.4805797000008,,1073.4646549000026,1073.4805797000008,1074.4636477000022,1074.4636477000022,1074.4636477000022,1074.4636477000022,1074.4807835999964,1075.4638357999938,1075.4638357999938,1076.081119399998,,,,,c,1,0.6065490999899339,None,pp5,001,2025-10-02_19h35.07.902,motor sequence,,2025.1.1,59.960198422605714,2025-10-02 19h35.20.941416 +0530,
-150,z,189,189,48,z,1,0.7247159999969881,None,,,,,48,189,189,3,1076.0971180999913,,1076.081686199992,1076.0971180999913,1077.0806620999938,1077.0806620999938,1077.0806620999938,1077.0806620999938,1077.0970693999989,1078.0806845000043,1078.0806845000043,1078.8147274999938,,,,,z,1,0.7247159999969881,None,pp5,001,2025-10-02_19h35.07.902,motor sequence,,2025.1.1,59.960198422605714,2025-10-02 19h35.20.941416 +0530,
50,c,190,190,49,c,1,0.5507970999897225,None,,,,,49,190,190,2,1078.8304546,,1078.815139600003,1078.8304546,1079.8304757000005,1079.8304757000005,1079.8304757000005,1079.8304757000005,1079.8304757000005,1080.8138557000057,1080.8138557000057,1081.3812971000007,,,,,c,1,0.5507970999897225,None,pp5,001,2025-10-02_19h35.07.902,motor sequence,,2025.1.1,59.960198422605714,2025-10-02 19h35.20.941416 +0530,
150,v,191,191,44,v,1,0.5480346999975154,None,,,,,44,191,191,1,1081.3971983999945,,1081.3817475999967,1081.3971983999945,1082.3806160999957,1082.3806160999957,1082.3806160999957,1082.3806160999957,1082.3971253999916,1083.3804491000046,1083.3804491000046,1083.9314870999951,,,,,v,1,0.5480346999975154,None,pp5,001,2025-10-02_19h35.07.902,motor sequence,,2025.1.1,59.960198422605714,2025-10-02 19h35.20.941416 +0530,
150,v,192,192,45,v,1,0.5163293999939924,None,,,,,45,192,192,1,1083.9472693999996,,1083.9322793000028,1083.9472693999996,1084.930608499999,1084.930608499999,1084.930608499999,1084.930608499999,1084.9476585999946,1085.9470557000022,1085.9470557000022,1086.4644587999937,,,,,v,1,0.5163293999939924,None,pp5,001,2025-10-02_19h35.07.902,motor sequence,,2025.1.1,59.960198422605714,2025-10-02 19h35.20.941416 +0530,
150,v,193,193,46,v,1,0.6861980999965454,None,,,,,46,193,193,1,1086.4808357000002,,1086.4648711000045,1086.4808357000002,1087.4637359000044,1087.4637359000044,1087.4637359000044,1087.4637359000044,1087.4804365000018,1088.4638335000054,1088.4638335000054,1089.1650335000013,,,,,v,1,0.6861980999965454,None,pp5,001,2025-10-02_19h35.07.902,motor sequence,,2025.1.1,59.960198422605714,2025-10-02 19h35.20.941416 +0530,
-50,x,194,194,48,c,0,0.8147633000044152,None,,,,,48,194,194,0,1089.1806871000008,,1089.1655596000055,1089.1806871000008,1090.1805107999971,1090.1805107999971,1090.1805107999971,1090.1805107999971,1090.1805107999971,1091.1806346999947,1091.1806346999947,1091.9975107999926,,,,,c,0,0.8147633000044152,None,pp5,001,2025-10-02_19h35.07.902,motor sequence,,2025.1.1,59.960198422605714,2025-10-02 19h35.20.941416 +0530,
150,v,195,195,47,v,1,0.8051519000000553,None,,,,,47,195,195,1,1092.0138386000035,,1091.9979630000016,1092.0138386000035,1092.9971845999971,1092.9971845999971,1092.9971845999971,1092.9971845999971,1093.0140326999972,1093.997239999997,1093.997239999997,1094.8143807000015,,,,,v,1,0.8051519000000553,None,pp5,001,2025-10-02_19h35.07.902,motor sequence,,2025.1.1,59.960198422605714,2025-10-02 19h35.20.941416 +0530,
150,v,196,196,48,v,1,1.0175009999948088,None,,,,,48,196,196,1,1094.8305212999985,,1094.8151265000051,1094.8305212999985,1095.8138682999997,1095.8138682999997,1095.8138682999997,1095.8138682999997,1095.8306699999957,1096.813814699999,1096.813814699999,1097.848000099999,,,,,v,1,1.0175009999948088,None,pp5,001,2025-10-02_19h35.07.902,motor sequence,,2025.1.1,59.960198422605714,2025-10-02 19h35.20.941416 +0530,
-50,x,197,197,49,x,1,0.774589200009359,None,,,,,49,197,197,0,1097.8638562999986,,1097.8483627999958,1097.8638562999986,1098.847214399997,1098.847214399997,1098.847214399997,1098.847214399997,1098.8638447999983,1099.8475135000044,1099.8475135000044,1100.630977199995,,,,,x,1,0.774589200009359,None,pp5,001,2025-10-02_19h35.07.902,motor sequence,,2025.1.1,59.960198422605714,2025-10-02 19h35.20.941416 +0530,
150,v,198,198,49,v,1,0.5437814000033541,None,,,,,49,198,198,1,1100.6471194000042,,1100.631510399995,1100.6471194000042,1101.6306046999962,1101.6306046999962,1101.6306046999962,1101.6306046999962,1101.6473167999939,1102.6304306999955,1102.6304306999955,1103.1809265000047,,,,,v,1,0.5437814000033541,None,pp5,001,2025-10-02_19h35.07.902,motor sequence,,2025.1.1,59.960198422605714,2025-10-02 19h35.20.941416 +0530,
-150,z,199,199,49,z,1,0.6209188000066206,None,,,,,49,199,199,3,1103.1970943000051,,1103.1813607999939,1103.1970943000051,1104.1805881000037,1104.1805881000037,1104.1805881000037,1104.1805881000037,1104.1971351999964,1105.1805574000027,1105.1805574000027,1105.8144098000048,,,,,z,1,0.6209188000066206,None,pp5,001,2025-10-02_19h35.07.902,motor sequence,,2025.1.1,59.960198422605714,2025-10-02 19h35.20.941416 +0530,
